Thu Apr 04 2024 19:23:24 GMT+0300 (Arabian Standard Time) - Universe arbor sursum barba defluo nesciunt maiores adversus vulnero termes.
Thu May 30 2024 04:33:23 GMT+0300 (Arabian Standard Time) - Audacia suffoco talus corona cumque comes.
Wed Mar 05 2025 11:59:50 GMT+0300 (Arabian Standard Time) - Vorax facere aggero.
Sat May 11 2024 18:41:02 GMT+0300 (Arabian Standard Time) - Vicissitudo terminatio adulescens pariatur vesper pauci ater comis.
Mon May 27 2024 17:31:06 GMT+0300 (Arabian Standard Time) - Trucido admoveo baiulus sonitus.
Tue May 14 2024 11:46:48 GMT+0300 (Arabian Standard Time) - Exercitationem ullam quibusdam undique cupiditate.
Thu Apr 04 2024 19:14:00 GMT+0000 (Coordinated Universal Time) - Saepe coma convoco varietas tamdiu cui caelum ceno deficio.
Fri Dec 27 2024 04:58:47 GMT+0000 (Coordinated Universal Time) - Speculum aspernatur volubilis causa culpo terminatio adimpleo.
Sat Nov 02 2024 00:44:05 GMT+0000 (Coordinated Universal Time) - Desolo casso tumultus.
Fri Mar 21 2025 15:42:39 GMT+0000 (Coordinated Universal Time) - Congregatio quos decor cupio.
Sat Nov 02 2024 19:33:02 GMT+0000 (Coordinated Universal Time) - Tyrannus celebrer tracto.
Sat Jun 22 2024 11:10:08 GMT+0000 (Coordinated Universal Time) - Sustineo cuppedia sub temporibus vesco arcesso casso suspendo adhuc utpote.
Sat Mar 15 2025 21:28:30 GMT+0000 (Coordinated Universal Time) - Cogito consuasor crinis placeat comes adicio.
Tue Mar 25 2025 16:55:23 GMT+0000 (Coordinated Universal Time) - Usque decipio tutamen.
Thu Jul 25 2024 09:30:32 GMT+0000 (Coordinated Universal Time) - Nemo totam adulescens adimpleo comis.
Thu Mar 06 2025 18:30:30 GMT+0000 (Coordinated Universal Time) - Adicio cogo acceptus nemo.
Tue Nov 05 2024 00:03:23 GMT+0000 (Coordinated Universal Time) - Adeo crapula ver deinde complectus conventus perferendis termes.
Thu Jul 25 2024 23:17:53 GMT+0000 (Coordinated Universal Time) - Neque vere verus triduana.
Mon Dec 16 2024 17:37:30 GMT+0000 (Coordinated Universal Time) - Deinde spes aeger.
Mon Dec 23 2024 20:47:58 GMT+0000 (Coordinated Universal Time) - Spiritus patruus vado.
Tue Apr 01 2025 06:05:13 GMT+0000 (Coordinated Universal Time) - Voveo conspergo amet concedo fugiat crapula absconditus theca ipsum.
Tue Jan 07 2025 18:22:12 GMT+0000 (Coordinated Universal Time) - Tabula deduco deporto ademptio.
Tue Mar 11 2025 15:53:44 GMT+0000 (Coordinated Universal Time) - Sulum apparatus virgo.
Fri Mar 21 2025 12:57:06 GMT+0000 (Coordinated Universal Time) - Veniam sopor baiulus colo.
Sun Aug 11 2024 16:12:28 GMT+0000 (Coordinated Universal Time) - Desolo comes advenio surgo animus abscido.
Thu Jan 16 2025 03:25:17 GMT+0000 (Coordinated Universal Time) - Acies vociferor vitium adopto theatrum thalassinus nihil cognatus sursum.
Thu Oct 24 2024 06:47:31 GMT+0000 (Coordinated Universal Time) - Totus ocer coniuratio ipsam ulterius tenus talus carcer sperno.
Sun Apr 28 2024 10:59:22 GMT+0000 (Coordinated Universal Time) - Depraedor virgo dolores volva deludo comes avaritia subito patria.
Wed Oct 30 2024 23:08:03 GMT+0000 (Coordinated Universal Time) - Vicinus videlicet sequi.
Tue Aug 27 2024 20:11:10 GMT+0000 (Coordinated Universal Time) - Eveniet denego annus voluptatum aestivus repudiandae talio torrens.
Tue Mar 11 2025 08:23:23 GMT+0000 (Coordinated Universal Time) - Cohibeo accendo excepturi.
Mon Nov 18 2024 20:18:22 GMT+0000 (Coordinated Universal Time) - Decor ter capto ager amiculum angulus acies fugiat crudelis.
Thu May 16 2024 18:36:21 GMT+0000 (Coordinated Universal Time) - Antepono quaerat ara temeritas.
Sun Dec 08 2024 16:42:31 GMT+0000 (Coordinated Universal Time) - Curriculum voluptatem spiculum enim depromo natus stips colligo.
Tue Nov 19 2024 17:18:30 GMT+0000 (Coordinated Universal Time) - Sollers distinctio appositus ventito quis ter caterva.
Mon Mar 17 2025 06:00:38 GMT+0000 (Coordinated Universal Time) - Cedo turbo viridis tempus tricesimus demulceo comminor demoror terreo.
Wed Aug 28 2024 20:08:17 GMT+0000 (Coordinated Universal Time) - Aut compello canto eos.
Sun Feb 02 2025 04:01:31 GMT+0000 (Coordinated Universal Time) - Perspiciatis cado tubineus.
Wed Feb 12 2025 18:26:09 GMT+0000 (Coordinated Universal Time) - Alienus studio suspendo trucido supra tero cohors vitae sit.
Tue Nov 19 2024 18:53:20 GMT+0000 (Coordinated Universal Time) - Complectus suasoria vapulus.
Wed Nov 20 2024 02:47:21 GMT+0000 (Coordinated Universal Time) - Stipes tabernus terreo.
Thu Apr 25 2024 19:20:53 GMT+0000 (Coordinated Universal Time) - Sublime vesica aurum tonsor ager dolores error vesco esse.
Sat Jan 25 2025 12:46:27 GMT+0000 (Coordinated Universal Time) - Solutio adfero acquiro.
Sun Dec 01 2024 01:51:46 GMT+0000 (Coordinated Universal Time) - Tum asper vergo custodia delectatio.
Mon Aug 26 2024 20:18:58 GMT+0000 (Coordinated Universal Time) - Spectaculum repudiandae curis delectus ventus audeo atqui.
Sun Jun 30 2024 00:30:53 GMT+0000 (Coordinated Universal Time) - Cilicium carbo centum conculco.
Thu Jan 09 2025 18:42:15 GMT+0000 (Coordinated Universal Time) - Quia paulatim voveo odit turbo ambitus architecto cornu defero torqueo.
Wed Jun 26 2024 02:04:39 GMT+0000 (Coordinated Universal Time) - Ars vomito crapula anser tibi acies.
Mon Mar 17 2025 19:47:03 GMT+0000 (Coordinated Universal Time) - Expedita timor tego xiphias desidero volubilis suadeo.
Thu Sep 12 2024 05:03:14 GMT+0000 (Coordinated Universal Time) - Celebrer autem subvenio ipsum synagoga.
Sat May 04 2024 10:51:05 GMT+0000 (Coordinated Universal Time) - Culpa decumbo cursus est canis.
Fri Jun 07 2024 13:26:21 GMT+0000 (Coordinated Universal Time) - Aufero cuppedia coaegresco.
Sun May 26 2024 16:31:15 GMT+0000 (Coordinated Universal Time) - Trucido vetus culpo.
Thu Sep 12 2024 07:49:31 GMT+0000 (Coordinated Universal Time) - Titulus bellum delectatio.
Sun Aug 18 2024 19:25:05 GMT+0000 (Coordinated Universal Time) - Desino corona doloremque patria.
Sat Sep 21 2024 02:31:41 GMT+0000 (Coordinated Universal Time) - Assentator vicinus confero modi amita victus.
Wed Sep 11 2024 17:45:07 GMT+0000 (Coordinated Universal Time) - Depopulo cruentus vilicus cubicularis.
Thu May 30 2024 12:16:47 GMT+0000 (Coordinated Universal Time) - Accedo vespillo usque damnatio utroque stella valde vulticulus atqui.
Fri Apr 26 2024 21:32:13 GMT+0000 (Coordinated Universal Time) - Tempora aequus contigo una auctor turpis.
Tue Jul 02 2024 13:36:19 GMT+0000 (Coordinated Universal Time) - Acsi vulgivagus consectetur suffragium sollers veniam dolor facere aperte volubilis.
Sat Dec 21 2024 18:49:27 GMT+0000 (Coordinated Universal Time) - Ceno laudantium demonstro necessitatibus cinis audentia sonitus delinquo terminatio fugit.
Thu Mar 06 2025 02:02:03 GMT+0000 (Coordinated Universal Time) - Copia arbustum varius necessitatibus clibanus asper cohaero terreo autem.
Sun Mar 09 2025 23:27:56 GMT+0000 (Coordinated Universal Time) - Aer arcesso corona aedificium aureus spes.
Fri Feb 28 2025 14:30:15 GMT+0000 (Coordinated Universal Time) - Rerum modi dolorem rerum audio perferendis tondeo beatus theologus.
Sat Apr 13 2024 13:06:37 GMT+0000 (Coordinated Universal Time) - Umquam suasoria delectus conicio demoror tyrannus speculum cura consequuntur.
Mon Mar 17 2025 07:04:54 GMT+0000 (Coordinated Universal Time) - Fuga auctus vetus dens labore absum.
Thu Oct 17 2024 13:17:38 GMT+0000 (Coordinated Universal Time) - Aequus crustulum vita currus defungo tero absens.
Fri Jan 31 2025 20:31:21 GMT+0000 (Coordinated Universal Time) - Decimus turba tondeo vesco virgo amplus.
Wed Aug 14 2024 20:01:35 GMT+0000 (Coordinated Universal Time) - Veniam tabula aequitas templum ocer curto officia ara cultellus cariosus.
Sun Nov 10 2024 09:12:36 GMT+0000 (Coordinated Universal Time) - Ambitus adsum absque.
Sat Aug 17 2024 20:28:55 GMT+0000 (Coordinated Universal Time) - Solium aspernatur speculum sui viriliter.
Sat Aug 24 2024 15:33:33 GMT+0000 (Coordinated Universal Time) - Arca spectaculum aeternus avaritia avaritia benevolentia ante tametsi ventus.
Sun May 12 2024 00:10:03 GMT+0000 (Coordinated Universal Time) - Cilicium comprehendo tolero delego suffoco crastinus totam.
Mon Mar 24 2025 09:19:00 GMT+0000 (Coordinated Universal Time) - Defetiscor defluo decor deorsum pauci brevis sortitus atque tempore.
Fri Jun 07 2024 06:29:57 GMT+0000 (Coordinated Universal Time) - Validus deinde culpa non cogo tero dicta coniuratio.
Mon Aug 12 2024 10:00:44 GMT+0000 (Coordinated Universal Time) - Ventosus volup tremo optio laudantium ullam admoveo consequatur adversus venio.
Mon Sep 30 2024 11:11:55 GMT+0000 (Coordinated Universal Time) - Verus arto tremo tamdiu defluo acerbitas solvo voluptas sequi amplitudo.
Wed Oct 23 2024 23:06:47 GMT+0000 (Coordinated Universal Time) - Capillus vesper solutio aperiam vulariter spoliatio.
Sat Jun 22 2024 04:55:49 GMT+0000 (Coordinated Universal Time) - Complectus subvenio iusto aequus ver spes verbera viridis.
Sat Sep 21 2024 00:52:36 GMT+0000 (Coordinated Universal Time) - Commodi fugit ipsum acies neque turba audio summopere ante ater.
Sat Dec 14 2024 05:56:52 GMT+0000 (Coordinated Universal Time) - Talus acervus adstringo corrumpo.
Tue Jul 02 2024 23:52:06 GMT+0000 (Coordinated Universal Time) - Facere aiunt autem vestrum acerbitas.
Sat Sep 28 2024 11:10:27 GMT+0000 (Coordinated Universal Time) - Amor curia soluta quisquam.
Fri Aug 02 2024 10:54:10 GMT+0000 (Coordinated Universal Time) - Tenuis terror cubo.
Thu Dec 05 2024 15:29:57 GMT+0000 (Coordinated Universal Time) - Villa congregatio thesis.
Wed Jul 24 2024 07:08:44 GMT+0000 (Coordinated Universal Time) - Tendo totidem suadeo.
Tue Jul 02 2024 11:43:09 GMT+0000 (Coordinated Universal Time) - Aeger a ubi approbo summa adicio nesciunt causa.
Tue Oct 15 2024 15:49:02 GMT+0000 (Coordinated Universal Time) - Thesaurus caelum nobis sordeo tandem tutamen.
Sun Jun 23 2024 11:58:46 GMT+0000 (Coordinated Universal Time) - Deputo confugo defleo aveho reiciendis.
Thu Jan 16 2025 21:49:48 GMT+0000 (Coordinated Universal Time) - Socius coerceo aegre vitae error beneficium.
Sat Dec 28 2024 19:58:32 GMT+0000 (Coordinated Universal Time) - Vinco autus excepturi cogo.
Sat May 25 2024 03:56:52 GMT+0000 (Coordinated Universal Time) - Assentator defungo aiunt occaecati cultellus astrum.
Fri Dec 27 2024 20:51:20 GMT+0000 (Coordinated Universal Time) - Cuius creator color facere convoco.
Sun Sep 01 2024 10:37:26 GMT+0000 (Coordinated Universal Time) - Usitas cornu acidus vito laboriosam compono accusator.
Tue Jan 14 2025 08:11:22 GMT+0000 (Coordinated Universal Time) - Administratio annus ducimus quibusdam vivo valetudo caelum tibi expedita advoco.
Sat Dec 28 2024 01:03:32 GMT+0000 (Coordinated Universal Time) - Suus crebro comedo balbus aptus demum canis molestiae.
Sun Oct 06 2024 18:57:34 GMT+0000 (Coordinated Universal Time) - Possimus consequatur tersus aureus conatus ara delibero.
Wed Sep 25 2024 05:43:53 GMT+0000 (Coordinated Universal Time) - Iusto villa caelestis modi ipsa cinis hic incidunt approbo cubitum.
Mon Oct 14 2024 05:28:31 GMT+0000 (Coordinated Universal Time) - Statua decor conicio uxor sordeo tollo acsi vulnus calco.
Thu Sep 12 2024 23:22:36 GMT+0000 (Coordinated Universal Time) - Peior acerbitas usitas bos callide.
Fri May 03 2024 23:27:51 GMT+0000 (Coordinated Universal Time) - Clementia baiulus tumultus.
Mon Dec 02 2024 15:25:02 GMT+0000 (Coordinated Universal Time) - Praesentium vindico spero.
Sun Sep 15 2024 20:46:25 GMT+0000 (Coordinated Universal Time) - Decimus voveo vulariter cui demulceo theatrum cui cruentus.
Tue Jul 02 2024 13:37:52 GMT+0000 (Coordinated Universal Time) - Torqueo carcer patria.
Sun Mar 16 2025 21:31:23 GMT+0000 (Coordinated Universal Time) - Conor usitas cilicium deserunt amissio.
Wed Oct 16 2024 14:33:03 GMT+0000 (Coordinated Universal Time) - Capillus cetera autem aliquid deserunt abutor temperantia cruciamentum.
Fri May 31 2024 20:52:29 GMT+0000 (Coordinated Universal Time) - Vester adversus vicissitudo cuius.
Thu Nov 21 2024 18:13:51 GMT+0000 (Coordinated Universal Time) - Tenuis capillus dolores via umquam tamquam subvenio speculum aliquid.
Sun Feb 02 2025 14:08:19 GMT+0000 (Coordinated Universal Time) - Depromo nostrum ab decimus sufficio sed varietas.
Sun Jun 30 2024 16:00:59 GMT+0000 (Coordinated Universal Time) - Ipsam cursim possimus cresco pecco capio bibo.
Mon Aug 26 2024 09:25:08 GMT+0000 (Coordinated Universal Time) - Adduco copiose conitor accusantium administratio uberrime ratione.
Fri May 31 2024 08:51:56 GMT+0000 (Coordinated Universal Time) - Vulgus conicio ocer tantillus abscido.
Tue Aug 06 2024 19:24:34 GMT+0000 (Coordinated Universal Time) - Trucido vestrum curso totam acies usus demitto ait bis quia.
Thu Nov 21 2024 13:35:12 GMT+0000 (Coordinated Universal Time) - Suadeo talio tepidus.
Wed Jun 12 2024 16:52:04 GMT+0000 (Coordinated Universal Time) - Crinis calamitas debitis angulus minus vespillo adversus spoliatio umbra.
Thu Feb 13 2025 18:32:27 GMT+0000 (Coordinated Universal Time) - Benigne sono vulariter bestia accusator velit.
Sat Aug 03 2024 22:36:53 GMT+0000 (Coordinated Universal Time) - Tepidus cotidie usitas crudelis crastinus delicate alveus paulatim amplus.
Tue Jul 30 2024 19:59:23 GMT+0000 (Coordinated Universal Time) - Aurum ambitus itaque.
Sun Aug 18 2024 11:18:51 GMT+0000 (Coordinated Universal Time) - Vicissitudo caritas aut usus universe spero.
Tue Jun 18 2024 06:46:41 GMT+0000 (Coordinated Universal Time) - Cum arceo ascit enim totus artificiose crux venia quod adaugeo.
Thu Oct 17 2024 05:54:00 GMT+0000 (Coordinated Universal Time) - Patria titulus cariosus suscipit viduo ipsam tersus iste verus.
Fri Nov 22 2024 01:22:42 GMT+0000 (Coordinated Universal Time) - Aduro corrumpo unus tempore ager.
Thu Sep 05 2024 10:48:45 GMT+0000 (Coordinated Universal Time) - Vacuus surculus curo.
Mon May 06 2024 23:38:07 GMT+0000 (Coordinated Universal Time) - Omnis solitudo adipiscor valetudo dolorum spoliatio.
Wed Jun 26 2024 21:23:43 GMT+0000 (Coordinated Universal Time) - Virtus cubicularis acerbitas vitae suffoco credo carcer tollo adflicto.
Sun Apr 21 2024 14:55:09 GMT+0000 (Coordinated Universal Time) - Atrox universe adulescens currus admiratio vespillo umquam.
Fri Sep 27 2024 00:23:52 GMT+0000 (Coordinated Universal Time) - Sto exercitationem atrocitas sollicito.
Sun Oct 20 2024 01:22:16 GMT+0000 (Coordinated Universal Time) - Arca aeger tener illo conscendo coerceo causa.
Fri Nov 01 2024 11:51:34 GMT+0000 (Coordinated Universal Time) - Vereor suus desparatus tamquam casus stultus bene.
Mon Apr 22 2024 14:21:59 GMT+0000 (Coordinated Universal Time) - Cultellus debilito quos vigilo deporto canis viscus vulticulus.
Sun Jan 05 2025 15:53:40 GMT+0000 (Coordinated Universal Time) - Arguo deludo socius brevis ea nulla.
Sat Mar 01 2025 00:04:07 GMT+0000 (Coordinated Universal Time) - Vetus calcar ustulo vinculum aspernatur vigilo repellat via aeneus.
Sat Mar 08 2025 09:24:49 GMT+0000 (Coordinated Universal Time) - Vapulus caecus barba vilis arcus cubitum.
Tue Apr 23 2024 00:53:39 GMT+0000 (Coordinated Universal Time) - Villa vulticulus angulus comburo atrox virga a torrens.
Thu Dec 26 2024 11:30:46 GMT+0000 (Coordinated Universal Time) - Nesciunt cupiditate tumultus tenetur calcar cupio aegrus necessitatibus urbs constans.
Sun Oct 13 2024 10:12:54 GMT+0000 (Coordinated Universal Time) - Solus inventore vito antiquus.
Wed Aug 07 2024 06:05:26 GMT+0000 (Coordinated Universal Time) - Deficio vulticulus textus bardus vacuus ducimus consequatur creta.
Fri Aug 02 2024 13:30:19 GMT+0000 (Coordinated Universal Time) - Copiose depono cubicularis placeat.
Mon Apr 22 2024 06:35:32 GMT+0000 (Coordinated Universal Time) - Deputo aeternus deleniti coadunatio aequitas defessus ratione accendo alias maxime.
Wed Oct 02 2024 20:54:04 GMT+0000 (Coordinated Universal Time) - Cinis trucido umbra desparatus veritatis antepono tero.
Tue Jan 21 2025 06:07:37 GMT+0000 (Coordinated Universal Time) - Armarium quasi votum vulgaris.
Fri May 03 2024 06:51:44 GMT+0000 (Coordinated Universal Time) - Caute tamisium capio ducimus verbum aro unus sol volubilis.
Sat Dec 14 2024 06:55:30 GMT+0000 (Coordinated Universal Time) - Tempore textus sumptus vilitas terra suppono decerno natus.
Tue Feb 25 2025 23:56:39 GMT+0000 (Coordinated Universal Time) - Admoveo cariosus utique subito custodia amitto.
Sat Dec 07 2024 13:00:46 GMT+0000 (Coordinated Universal Time) - Ater libero vulpes tardus stipes tui succedo sursum.
Mon Aug 05 2024 05:54:56 GMT+0000 (Coordinated Universal Time) - Cogito cohaero cogito acerbitas animi dolorum copiose vulgaris.
Thu Jun 27 2024 10:54:56 GMT+0000 (Coordinated Universal Time) - Uterque amplitudo cohors quasi deficio vereor attollo carcer mollitia.
Tue Apr 30 2024 09:26:14 GMT+0000 (Coordinated Universal Time) - Curis adnuo atavus decens crinis admiratio degusto baiulus ipsam.
Mon May 27 2024 08:43:16 GMT+0000 (Coordinated Universal Time) - Maiores asperiores viscus conitor autem beatae atqui temptatio.
Mon Jan 27 2025 21:01:20 GMT+0000 (Coordinated Universal Time) - Uter decumbo adiuvo ascisco substantia verbum aperte aspernatur quia adstringo.
Wed May 08 2024 18:07:29 GMT+0000 (Coordinated Universal Time) - Aureus sui porro subnecto abutor cubicularis tego.
Wed Feb 19 2025 16:32:27 GMT+0000 (Coordinated Universal Time) - Ullam sed aspicio bibo talus natus quos ipsa.
Fri Aug 23 2024 06:34:38 GMT+0000 (Coordinated Universal Time) - Coepi vicissitudo utrum tempus numquam unde canto adduco calcar.
Tue Jul 02 2024 14:29:58 GMT+0000 (Coordinated Universal Time) - Voco cresco absorbeo auctus.
Fri Apr 26 2024 10:49:35 GMT+0000 (Coordinated Universal Time) - Reiciendis varietas aegrotatio tertius tibi amicitia natus statim compello placeat.
Sun Nov 03 2024 22:49:08 GMT+0000 (Coordinated Universal Time) - Defungo despecto ad.
Sat Jun 15 2024 13:09:35 GMT+0000 (Coordinated Universal Time) - Peccatus tolero circumvenio coaegresco centum.
Mon Mar 24 2025 10:45:18 GMT+0000 (Coordinated Universal Time) - Pauper amet provident tardus deprecator animus creta uter tamquam una.
Thu Aug 01 2024 12:55:27 GMT+0000 (Coordinated Universal Time) - Pecus subvenio armarium quam conforto chirographum auxilium aestivus ulciscor subito.
Mon Apr 07 2025 04:45:37 GMT+0000 (Coordinated Universal Time) - Inventore ustulo decet triduana acervus causa spes.
Sat Nov 02 2024 23:55:46 GMT+0000 (Coordinated Universal Time) - Uberrime amplus turpis vita usus clam.
Tue Jun 11 2024 12:15:39 GMT+0000 (Coordinated Universal Time) - Tepidus consectetur theatrum cinis officia.
Sun Apr 06 2025 18:00:28 GMT+0000 (Coordinated Universal Time) - Depulso nihil teres ultio eaque.
Tue Dec 10 2024 20:55:31 GMT+0000 (Coordinated Universal Time) - Aestas officiis corrumpo adfero coepi denego.
Sat Sep 28 2024 14:43:21 GMT+0000 (Coordinated Universal Time) - Subnecto eaque adhuc corona solus sustineo.
Tue Mar 11 2025 11:53:41 GMT+0000 (Coordinated Universal Time) - Ulterius ventus cavus consectetur ager.
Sat Oct 26 2024 19:34:33 GMT+0000 (Coordinated Universal Time) - Cupiditate fugit varius celebrer tertius.
Thu Jan 02 2025 03:02:03 GMT+0000 (Coordinated Universal Time) - Alo venio territo vereor decor.
Thu Jan 09 2025 22:41:09 GMT+0000 (Coordinated Universal Time) - Tantillus autus necessitatibus aduro.
Thu Sep 05 2024 16:33:15 GMT+0000 (Coordinated Universal Time) - Subnecto vicinus cimentarius.
Tue Apr 01 2025 09:22:34 GMT+0000 (Coordinated Universal Time) - Virgo patria tredecim alius sonitus subiungo sopor culpo adimpleo adopto.
Fri Jan 17 2025 16:33:31 GMT+0000 (Coordinated Universal Time) - Ustilo ventosus delectus aut sequi accommodo.
Sat Feb 01 2025 04:51:58 GMT+0000 (Coordinated Universal Time) - Patruus xiphias tubineus crudelis ad thesaurus.
Thu May 16 2024 21:09:29 GMT+0000 (Coordinated Universal Time) - Cubitum cupressus vorago debilito.
Sun Jul 14 2024 00:36:17 GMT+0000 (Coordinated Universal Time) - Terra consuasor alii aestas ocer arx adstringo concedo.
Sat Nov 30 2024 14:10:58 GMT+0000 (Coordinated Universal Time) - Truculenter sint circumvenio quisquam coruscus sunt cunae assumenda tonsor.
Sat Mar 15 2025 11:41:55 GMT+0000 (Coordinated Universal Time) - Tempus statim copiose ducimus deficio.
Thu Feb 06 2025 10:47:30 GMT+0000 (Coordinated Universal Time) - Villa auctus strenuus aufero canonicus bardus optio crudelis.
Sun Nov 10 2024 05:01:06 GMT+0000 (Coordinated Universal Time) - Vinco confugo dolores quasi auctor synagoga antea.
Sat Jun 22 2024 06:23:43 GMT+0000 (Coordinated Universal Time) - Fugit creator caelestis fugiat volaticus denuo utrum.
Mon Aug 12 2024 15:36:54 GMT+0000 (Coordinated Universal Time) - Aspicio tenax mollitia talis cattus amplus auctor denego.
Tue Aug 13 2024 17:20:05 GMT+0000 (Coordinated Universal Time) - Deludo laudantium quaerat.
Wed Jun 26 2024 05:30:55 GMT+0000 (Coordinated Universal Time) - Sumptus decumbo cicuta contigo vado.
Sun May 05 2024 01:12:44 GMT+0000 (Coordinated Universal Time) - Amet sol quas assentator.
Tue Apr 01 2025 10:22:41 GMT+0000 (Coordinated Universal Time) - Depopulo crustulum explicabo placeat conqueror.
Mon Feb 24 2025 07:08:03 GMT+0000 (Coordinated Universal Time) - Abscido combibo verecundia aliquid decipio ara ara taedium.
Fri Feb 14 2025 18:24:13 GMT+0000 (Coordinated Universal Time) - Congregatio thema uterque veniam corrupti.
Sat Jun 08 2024 12:19:54 GMT+0000 (Coordinated Universal Time) - Omnis utilis tego soleo.
Sun Mar 16 2025 20:24:55 GMT+0000 (Coordinated Universal Time) - Cunabula cubitum suadeo abstergo valde celebrer ascisco vetus.
Sun Nov 17 2024 01:43:14 GMT+0000 (Coordinated Universal Time) - Arbor approbo cum tantillus.
Thu Aug 08 2024 14:57:47 GMT+0000 (Coordinated Universal Time) - Vulgo culpa adsum adulescens desolo advoco.
Sat Mar 15 2025 06:29:34 GMT+0000 (Coordinated Universal Time) - Vestigium canto deludo aro aequitas aer abstergo theca pariatur.
Mon Aug 26 2024 16:28:36 GMT+0000 (Coordinated Universal Time) - Corona cunabula sophismata viridis adhuc tibi sortitus.
Wed May 15 2024 18:15:52 GMT+0000 (Coordinated Universal Time) - Aequus sumo sunt aveho sufficio.
Sun May 12 2024 15:20:13 GMT+0000 (Coordinated Universal Time) - Aeger depono contego vinitor.
Mon Feb 03 2025 03:28:51 GMT+0000 (Coordinated Universal Time) - Angustus explicabo subvenio ratione.
Tue Sep 03 2024 15:36:46 GMT+0000 (Coordinated Universal Time) - Deserunt quibusdam crinis tandem distinctio.
Wed Feb 12 2025 09:18:16 GMT+0000 (Coordinated Universal Time) - Corrumpo bardus quam.
Sun Feb 02 2025 12:20:02 GMT+0000 (Coordinated Universal Time) - Teres absum annus censura clamo tergum studio comptus.
Sun Dec 22 2024 19:56:46 GMT+0000 (Coordinated Universal Time) - Aeger vulgus xiphias conqueror spero valetudo.
Thu Sep 12 2024 09:38:32 GMT+0000 (Coordinated Universal Time) - Uter suggero conservo.
Sun Jun 09 2024 18:53:56 GMT+0000 (Coordinated Universal Time) - Demitto absconditus nihil civitas.
Sun Feb 23 2025 21:02:03 GMT+0000 (Coordinated Universal Time) - Tego sono vicissitudo conitor torqueo.
Tue Oct 15 2024 22:28:45 GMT+0000 (Coordinated Universal Time) - Stabilis valens auxilium et ago.
Fri May 02 2025 14:41:08 GMT+0000 (Coordinated Universal Time) - Administratio laboriosam voluntarius temptatio.
Sun Oct 20 2024 06:27:08 GMT+0000 (Coordinated Universal Time) - Desipio perspiciatis dens eveniet spectaculum collum vere cupiditas ustulo deserunt.
Tue Jul 09 2024 04:28:34 GMT+0000 (Coordinated Universal Time) - Conforto tabula doloremque creo blanditiis viscus.
Fri Jan 03 2025 09:24:35 GMT+0000 (Coordinated Universal Time) - Aliqua spiculum carmen.
Tue Aug 13 2024 10:23:40 GMT+0000 (Coordinated Universal Time) - Vis nostrum numquam.
Wed Mar 19 2025 21:33:18 GMT+0000 (Coordinated Universal Time) - Adaugeo commodo collum usitas tubineus vociferor.
Mon Jan 20 2025 08:11:48 GMT+0000 (Coordinated Universal Time) - Amiculum usque earum.
Thu May 16 2024 00:47:35 GMT+0000 (Coordinated Universal Time) - Auxilium amplexus carpo sollers amplus certus aspicio xiphias quidem suscipio.
Fri Sep 20 2024 04:39:51 GMT+0000 (Coordinated Universal Time) - Conspergo cubitum amet strues tyrannus amor.
Mon May 05 2025 06:19:09 GMT+0000 (Coordinated Universal Time) - Chirographum quae at ipsa et acceptus abduco demo aiunt totus.
Mon Jun 03 2024 12:43:19 GMT+0000 (Coordinated Universal Time) - Vilis eos basium decens cribro alo terga pax quibusdam claudeo.
Sat Nov 09 2024 03:58:45 GMT+0000 (Coordinated Universal Time) - Vestrum cena super tamdiu bestia esse undique cogo pel.
Tue Jan 07 2025 20:11:31 GMT+0000 (Coordinated Universal Time) - Dolores amplus pariatur cubicularis dolor vacuus appello cedo ad crastinus.
Tue Oct 29 2024 03:48:22 GMT+0000 (Coordinated Universal Time) - Damno tricesimus quidem carus adaugeo.
Sat Mar 15 2025 04:37:07 GMT+0000 (Coordinated Universal Time) - Cohibeo ad textor beatae amplus alo inventore attonbitus crinis absconditus.
Tue Mar 11 2025 12:54:51 GMT+0000 (Coordinated Universal Time) - Vos sustineo deprimo via talio creo verus colo.
Mon Jul 22 2024 11:39:33 GMT+0000 (Coordinated Universal Time) - Velit succedo certe quaerat quasi carmen tyrannus aggredior.
Thu Nov 28 2024 13:29:07 GMT+0000 (Coordinated Universal Time) - Vaco adopto crapula terminatio arguo temperantia.
Sat Aug 24 2024 17:19:02 GMT+0000 (Coordinated Universal Time) - Molestiae cunae creator utpote comitatus.
Wed Apr 23 2025 10:12:14 GMT+0000 (Coordinated Universal Time) - Sed calcar vox.
Sun Sep 15 2024 04:38:40 GMT+0000 (Coordinated Universal Time) - Vulariter conventus audacia autem cubicularis caecus villa.
Mon Apr 21 2025 05:16:08 GMT+0000 (Coordinated Universal Time) - Combibo autus cuius conforto.
Wed Aug 07 2024 22:24:23 GMT+0000 (Coordinated Universal Time) - Causa culpo blanditiis alius.
Fri Jul 26 2024 05:00:06 GMT+0000 (Coordinated Universal Time) - Est auctus quos temeritas credo patior terror desipio temperantia.
Wed Apr 30 2025 21:43:35 GMT+0000 (Coordinated Universal Time) - Est damnatio delego.
Sun Apr 20 2025 02:23:02 GMT+0000 (Coordinated Universal Time) - Distinctio pecto angulus hic cresco creta comparo ambitus.
Wed Jun 05 2024 22:32:21 GMT+0000 (Coordinated Universal Time) - Cado pectus cribro testimonium adstringo.
Thu Jul 25 2024 15:30:15 GMT+0000 (Coordinated Universal Time) - Tondeo ascisco thalassinus attero stips quam tot textilis.
Thu Mar 27 2025 17:24:40 GMT+0000 (Coordinated Universal Time) - Consectetur vestigium fugiat deripio thorax cornu paulatim.
Wed Feb 05 2025 14:41:35 GMT+0000 (Coordinated Universal Time) - Quia aro abbas.
Mon Jun 10 2024 21:12:30 GMT+0000 (Coordinated Universal Time) - Tricesimus accusantium aestas decimus quos stips libero uredo brevis.
Fri Feb 21 2025 22:27:51 GMT+0000 (Coordinated Universal Time) - Tabgo trado verto vulnus architecto demo creo auctus odio caecus.
Fri Sep 27 2024 04:31:33 GMT+0000 (Coordinated Universal Time) - Angustus adhuc attonbitus.
Sun May 04 2025 05:38:10 GMT+0000 (Coordinated Universal Time) - Amplitudo corpus deripio chirographum coepi addo.
Sat Mar 22 2025 20:44:02 GMT+0000 (Coordinated Universal Time) - Altus vulgivagus contego vigilo magnam aestas vilitas solium aro callide.
Sat Sep 14 2024 16:17:01 GMT+0000 (Coordinated Universal Time) - Pecus ter atrocitas terga alo.
Tue Sep 10 2024 07:16:39 GMT+0000 (Coordinated Universal Time) - Denego conventus repellendus tandem dolorum cinis sto damno ipsam varius.
Wed Apr 09 2025 22:10:35 GMT+0000 (Coordinated Universal Time) - Quisquam vespillo paulatim depromo derelinquo temptatio textus absconditus degenero.
Thu May 23 2024 23:40:41 GMT+0000 (Coordinated Universal Time) - Tabella administratio substantia charisma tubineus vomito unde vitium.
Mon Dec 09 2024 08:58:54 GMT+0000 (Coordinated Universal Time) - Rerum officiis utrimque asper civitas sit defleo soleo ubi optio.
Wed Jan 22 2025 14:23:02 GMT+0000 (Coordinated Universal Time) - Denuncio velit pecco amplus calcar corona.
Sat Sep 07 2024 14:05:33 GMT+0000 (Coordinated Universal Time) - Itaque theca stillicidium vivo decerno delibero ait modi.
Fri Jun 28 2024 22:51:30 GMT+0000 (Coordinated Universal Time) - Eius contego vindico non.
Sun Oct 20 2024 14:00:48 GMT+0000 (Coordinated Universal Time) - Voluptatum aptus error paulatim agnosco valeo studio.
Wed Nov 27 2024 18:04:08 GMT+0000 (Coordinated Universal Time) - Perferendis voco textus cognomen pecco cursim charisma absconditus venia.
Tue Apr 29 2025 15:34:07 GMT+0000 (Coordinated Universal Time) - Varius utrimque aestas tardus corrigo vergo tergo caecus.
Wed Feb 12 2025 07:08:01 GMT+0000 (Coordinated Universal Time) - Nemo tactus cumque.
Thu Aug 08 2024 14:54:52 GMT+0000 (Coordinated Universal Time) - Fugiat rem eveniet tempus cohaero esse angulus caries adulatio laboriosam.
Mon Nov 04 2024 01:49:56 GMT+0000 (Coordinated Universal Time) - Peior congregatio desparatus.
Tue Jun 25 2024 02:51:02 GMT+0000 (Coordinated Universal Time) - Angelus delibero aspicio cuppedia cupio animus congregatio.
Sat Jan 25 2025 15:46:31 GMT+0000 (Coordinated Universal Time) - Adipisci caritas cresco tergum cultura absque quod clam demens.
Thu Dec 19 2024 22:55:21 GMT+0000 (Coordinated Universal Time) - Caute averto autus testimonium architecto cribro aggero cohibeo agnitio accommodo.
Mon Mar 31 2025 18:02:23 GMT+0000 (Coordinated Universal Time) - Cito verto clibanus esse patria expedita toties.
Mon Feb 03 2025 19:26:48 GMT+0000 (Coordinated Universal Time) - Minima thesaurus thorax benigne theologus utroque vomito sortitus advenio arbor.
Thu Oct 17 2024 01:41:00 GMT+0000 (Coordinated Universal Time) - Volaticus celo taceo undique depopulo.
Thu Mar 06 2025 11:50:44 GMT+0000 (Coordinated Universal Time) - Cubitum subiungo viriliter terebro colligo debitis.
Thu Aug 15 2024 11:47:40 GMT+0000 (Coordinated Universal Time) - Corporis decens artificiose defluo.
Wed Apr 30 2025 22:28:25 GMT+0000 (Coordinated Universal Time) - Claudeo tutamen avaritia delectatio accusantium inflammatio candidus verbera.
Mon Oct 21 2024 18:40:49 GMT+0000 (Coordinated Universal Time) - Coaegresco utilis tot.
Thu Jul 18 2024 18:04:06 GMT+0000 (Coordinated Universal Time) - Ventito talus vinco vaco audeo arma.
Mon May 12 2025 12:33:56 GMT+0000 (Coordinated Universal Time) - Coadunatio cohaero barba.
Thu Jan 02 2025 09:27:09 GMT+0000 (Coordinated Universal Time) - Cetera thorax caput.
Wed Aug 14 2024 19:36:00 GMT+0000 (Coordinated Universal Time) - Stips coadunatio vulgo spiculum statim velociter ipsum officia sub itaque.
Sat Oct 12 2024 04:46:48 GMT+0000 (Coordinated Universal Time) - Admoneo communis assentator a amicitia comis quam quisquam unde adhaero.
Mon Mar 24 2025 04:14:58 GMT+0000 (Coordinated Universal Time) - Veritas cometes terror patruus.
Fri Apr 18 2025 18:45:04 GMT+0000 (Coordinated Universal Time) - Dolore apostolus desparatus.
Tue Sep 03 2024 04:14:51 GMT+0000 (Coordinated Universal Time) - Quos vitae amet omnis cui crebro ademptio thermae eveniet sapiente.
Wed Apr 16 2025 08:06:31 GMT+0000 (Coordinated Universal Time) - Altus occaecati curis depereo textus delibero.
Sun Dec 15 2024 02:21:03 GMT+0000 (Coordinated Universal Time) - Curtus vespillo alo complectus trucido suscipit adsuesco.
Fri Oct 04 2024 06:39:01 GMT+0000 (Coordinated Universal Time) - Virgo custodia coruscus vindico.
Sun Jun 02 2024 00:49:47 GMT+0000 (Coordinated Universal Time) - Tricesimus et officiis altus.
Mon Dec 09 2024 04:26:55 GMT+0000 (Coordinated Universal Time) - Perferendis solum amita beatus charisma aestas toties cupressus.
Wed Oct 02 2024 04:53:56 GMT+0000 (Coordinated Universal Time) - Utrum titulus ter solum.
Wed May 29 2024 10:27:03 GMT+0000 (Coordinated Universal Time) - Cribro virtus alveus.
Fri Sep 06 2024 10:24:14 GMT+0000 (Coordinated Universal Time) - Cohaero valde dolorem aveho aliquam utique cavus abstergo.
Sun Jun 23 2024 04:31:08 GMT+0000 (Coordinated Universal Time) - Agnosco sperno cursim bellum sustineo sit adsuesco molestias.
Sun Oct 27 2024 17:20:16 GMT+0000 (Coordinated Universal Time) - Vilitas bellicus tumultus.
Fri Jul 26 2024 22:23:16 GMT+0000 (Coordinated Universal Time) - Comprehendo vulnus non sophismata argumentum beatae rem venustas.
Sun Jan 12 2025 23:27:12 GMT+0000 (Coordinated Universal Time) - Ara at auxilium usus terreo numquam cuppedia.
Sat Feb 22 2025 23:01:09 GMT+0000 (Coordinated Universal Time) - Sopor celer repellendus cattus coniecto bestia.
Sat Aug 24 2024 11:42:07 GMT+0000 (Coordinated Universal Time) - Valeo ipsa clam.
Tue Mar 25 2025 06:20:29 GMT+0000 (Coordinated Universal Time) - Iste cognomen abundans illo virtus clementia.
Tue Sep 10 2024 15:18:24 GMT+0000 (Coordinated Universal Time) - Adopto ars adfero eum.
Tue Jan 28 2025 16:22:53 GMT+0000 (Coordinated Universal Time) - Deleo casus vita benevolentia complectus suppellex vere avarus.
Thu Feb 20 2025 21:28:27 GMT+0000 (Coordinated Universal Time) - Curiositas thermae vesper solitudo cur titulus nobis undique uter temporibus.
Mon Aug 12 2024 12:16:56 GMT+0000 (Coordinated Universal Time) - Cubo sollicito utrum varietas civitas magnam.
Sat Jul 13 2024 15:14:18 GMT+0000 (Coordinated Universal Time) - Cui cognatus tergiversatio tepidus venustas minima.
Tue May 06 2025 11:43:59 GMT+0000 (Coordinated Universal Time) - Conitor somniculosus convoco concido somnus adficio.
Thu Dec 26 2024 23:55:12 GMT+0000 (Coordinated Universal Time) - Solium despecto defleo consuasor calamitas.
Fri Mar 14 2025 21:54:31 GMT+0000 (Coordinated Universal Time) - Sortitus usitas tricesimus modi animadverto taceo unus vesica.
Thu Nov 07 2024 00:13:36 GMT+0000 (Coordinated Universal Time) - Ancilla denuo statim admoveo viduo alius succedo vestigium tamdiu.
Sat Mar 22 2025 17:43:11 GMT+0000 (Coordinated Universal Time) - Degusto pectus vesco.
Sat Aug 31 2024 02:38:15 GMT+0000 (Coordinated Universal Time) - Soluta assumenda ante.
Mon Jul 01 2024 05:13:38 GMT+0000 (Coordinated Universal Time) - Cresco chirographum temporibus calcar demoror validus tabula.
Thu Jun 27 2024 18:17:46 GMT+0000 (Coordinated Universal Time) - Absconditus vetus cum villa patior inventore vociferor.
Sun Sep 22 2024 06:58:27 GMT+0000 (Coordinated Universal Time) - Tenax ver curso.
Sat Jul 06 2024 04:57:11 GMT+0000 (Coordinated Universal Time) - Ait labore tredecim thorax appono sulum antiquus.
Mon Sep 02 2024 23:08:13 GMT+0000 (Coordinated Universal Time) - Ventito caveo demo stillicidium molestiae triumphus strenuus pel quasi voluptatum.
Wed Apr 30 2025 02:18:23 GMT+0000 (Coordinated Universal Time) - Deorsum eum reprehenderit.
Sun Jan 12 2025 22:11:02 GMT+0000 (Coordinated Universal Time) - Tantillus coniecto defero campana corrigo nisi at.
Mon Mar 31 2025 19:47:43 GMT+0000 (Coordinated Universal Time) - Vereor aggero tempora omnis spero.
Sun Apr 13 2025 03:35:45 GMT+0000 (Coordinated Universal Time) - Decimus carcer terga vacuus thesaurus una conculco deputo.
Fri Mar 14 2025 13:54:57 GMT+0000 (Coordinated Universal Time) - Demo adhaero veritas.
Sat Aug 24 2024 19:25:46 GMT+0000 (Coordinated Universal Time) - Tantillus cohibeo denuo omnis calco utrum.
Tue Dec 17 2024 21:11:25 GMT+0000 (Coordinated Universal Time) - Carpo curatio tabesco vesica cubo apostolus suppellex suscipit aperte vitae.
Mon Jan 13 2025 14:17:46 GMT+0000 (Coordinated Universal Time) - Vobis triduana demum acceptus tumultus quam curso totus demum comparo.
Sat Jan 18 2025 17:01:11 GMT+0000 (Coordinated Universal Time) - Vespillo statim aufero aureus.
Tue Dec 17 2024 02:03:37 GMT+0000 (Coordinated Universal Time) - Usque cruentus toties tactus defetiscor adduco.
Sat Apr 05 2025 19:21:44 GMT+0000 (Coordinated Universal Time) - Theatrum venustas confido consuasor appositus ademptio vae curis quas.
Sat Apr 05 2025 00:48:54 GMT+0000 (Coordinated Universal Time) - Deporto sopor sono degenero vis surculus audio comminor canis.
Sat Jul 06 2024 12:35:00 GMT+0000 (Coordinated Universal Time) - Conor vulgus alveus coadunatio peccatus adimpleo quae tendo paulatim.
Sun Jul 14 2024 16:39:37 GMT+0000 (Coordinated Universal Time) - Vae tutamen quis coaegresco defleo crebro.
Sun Apr 13 2025 11:19:49 GMT+0000 (Coordinated Universal Time) - Derelinquo eius caelestis adhuc comitatus degusto voluptate denego animus.
Thu Feb 27 2025 00:37:51 GMT+0000 (Coordinated Universal Time) - Bardus spargo solitudo ut.
Mon Mar 31 2025 21:03:50 GMT+0000 (Coordinated Universal Time) - Tactus recusandae clamo validus denique conduco paens ubi.
Wed Jun 12 2024 06:50:00 GMT+0000 (Coordinated Universal Time) - Temperantia cupressus claustrum deleniti acer debilito vulpes cogito sol.
Mon May 19 2025 20:59:17 GMT+0000 (Coordinated Universal Time) - Canonicus comminor vado adeo centum.
Sun Dec 22 2024 21:41:06 GMT+0000 (Coordinated Universal Time) - Auctor vis dolor tondeo tergum bellum cupiditate turbo somnus.
Sun Nov 03 2024 07:16:26 GMT+0000 (Coordinated Universal Time) - Coniuratio accusantium decor titulus antea denique tollo solum facilis bibo.
Wed Oct 09 2024 06:20:55 GMT+0000 (Coordinated Universal Time) - Combibo pecco vulgo.
Mon Dec 16 2024 08:47:59 GMT+0000 (Coordinated Universal Time) - Attollo mollitia subvenio sollers dignissimos paulatim adflicto illum perferendis.
Sat Oct 19 2024 09:00:01 GMT+0000 (Coordinated Universal Time) - Corona laudantium depono depono.
Sat Dec 28 2024 18:05:37 GMT+0000 (Coordinated Universal Time) - Verbum officiis temeritas cibo coerceo arcus despecto aestas.
Sat Aug 10 2024 00:23:17 GMT+0000 (Coordinated Universal Time) - Defluo demo certus aveho.
Sun Aug 18 2024 17:20:46 GMT+0000 (Coordinated Universal Time) - Currus apostolus vorax.
Wed Feb 26 2025 19:28:52 GMT+0000 (Coordinated Universal Time) - Audacia barba audio ancilla vorax deripio fuga.
Fri Nov 01 2024 09:41:33 GMT+0000 (Coordinated Universal Time) - Capio auditor subseco tactus solutio titulus argumentum comptus sint tamdiu.
Tue Nov 19 2024 06:09:25 GMT+0000 (Coordinated Universal Time) - Alter subnecto cursus tollo tergum amplitudo aeneus solum sortitus deputo.
Sat Jul 13 2024 12:33:36 GMT+0000 (Coordinated Universal Time) - Amplus corroboro ventus trepide spiritus denuo.
Fri Apr 11 2025 05:03:53 GMT+0000 (Coordinated Universal Time) - Nesciunt adicio arcus cunctatio deputo aestas abeo.
Sat Oct 26 2024 21:44:09 GMT+0000 (Coordinated Universal Time) - Accendo delicate abduco arceo pecco ait.
Fri May 16 2025 17:07:24 GMT+0000 (Coordinated Universal Time) - Vesco provident acquiro conculco summopere vicissitudo accommodo theologus congregatio aspicio.
Sat Jul 20 2024 22:23:41 GMT+0000 (Coordinated Universal Time) - Doloribus arcesso suppono textor admitto una ademptio ater tabernus tutamen.
Fri Jan 17 2025 11:43:18 GMT+0000 (Coordinated Universal Time) - Tumultus animus confido.
Fri Aug 09 2024 05:20:58 GMT+0000 (Coordinated Universal Time) - Despecto adipiscor sursum spero sono strenuus animus denique.
Fri Mar 14 2025 05:49:46 GMT+0000 (Coordinated Universal Time) - Virtus verumtamen vaco vir canto apparatus.
Sat Jan 04 2025 19:42:09 GMT+0000 (Coordinated Universal Time) - Claustrum attonbitus acervus minus tamisium animadverto tremo.
Thu Nov 21 2024 16:35:30 GMT+0000 (Coordinated Universal Time) - Volup maiores modi caute.
Sat Aug 03 2024 11:34:05 GMT+0000 (Coordinated Universal Time) - Deludo culpa subvenio recusandae tondeo adduco dolore aer.
Thu Dec 05 2024 01:37:03 GMT+0000 (Coordinated Universal Time) - Delibero calco accusantium dedecor vulnero debitis abbas amaritudo tametsi bellum.
Tue Sep 03 2024 04:32:10 GMT+0000 (Coordinated Universal Time) - Contego conturbo damnatio vicinus vita timor tenetur supra colligo.
Tue Jun 18 2024 14:13:49 GMT+0000 (Coordinated Universal Time) - Utique vetus ater viscus subiungo.
Sat Jan 18 2025 21:55:34 GMT+0000 (Coordinated Universal Time) - Inflammatio carmen turba.
Tue Dec 10 2024 19:30:02 GMT+0000 (Coordinated Universal Time) - Curso laudantium adsidue comburo sui.
Wed Feb 26 2025 00:56:56 GMT+0000 (Coordinated Universal Time) - Abundans commodi vito pecus.
Thu Sep 12 2024 06:28:06 GMT+0000 (Coordinated Universal Time) - Bellicus atrox sollers bos provident laudantium sto.
Thu Oct 10 2024 18:50:09 GMT+0000 (Coordinated Universal Time) - Ad blandior adnuo.
Fri Aug 02 2024 10:49:35 GMT+0000 (Coordinated Universal Time) - Adamo curto colo.
Sat Mar 22 2025 10:52:48 GMT+0000 (Coordinated Universal Time) - Cui arguo tamdiu sequi abbas.
Fri Nov 01 2024 11:21:25 GMT+0000 (Coordinated Universal Time) - Varius aveho centum tergiversatio alienus calcar solus.
Thu Oct 10 2024 08:56:56 GMT+0000 (Coordinated Universal Time) - Cubo cribro crur.
Thu Dec 05 2024 19:11:40 GMT+0000 (Coordinated Universal Time) - Benigne quaerat auctor adinventitias tendo sufficio aestus copiose.
Wed Aug 21 2024 16:58:52 GMT+0000 (Coordinated Universal Time) - Socius denego clibanus solvo voco ullus succurro circumvenio solum angustus.
Mon Apr 07 2025 23:43:07 GMT+0000 (Coordinated Universal Time) - Adnuo animi sumptus.
Thu Jan 30 2025 20:22:12 GMT+0000 (Coordinated Universal Time) - Coepi dolorem ratione tabula tepesco eligendi dicta.
Sun Feb 23 2025 17:06:04 GMT+0000 (Coordinated Universal Time) - Antea adnuo consequuntur deprecator alienus numquam arceo.
Sun Jul 07 2024 06:08:44 GMT+0000 (Coordinated Universal Time) - Succedo textus aegre contabesco damno vado atrox ars earum aestas.
Wed Sep 25 2024 23:09:10 GMT+0000 (Coordinated Universal Time) - Ulterius velum curia territo thymum aegre votum.
Thu Apr 03 2025 14:18:42 GMT+0000 (Coordinated Universal Time) - Adipiscor sustineo illo.
Fri May 23 2025 19:31:40 GMT+0000 (Coordinated Universal Time) - Molestiae itaque tertius iste defendo aequus architecto in tibi.
Fri Jan 17 2025 11:29:10 GMT+0000 (Coordinated Universal Time) - Vox vesco canis verumtamen.
Sun Feb 23 2025 05:35:44 GMT+0000 (Coordinated Universal Time) - Degero crustulum arceo cognatus.
Thu Nov 07 2024 14:24:19 GMT+0000 (Coordinated Universal Time) - Natus audio color accedo derelinquo ademptio vicinus.
Wed Mar 12 2025 22:27:48 GMT+0000 (Coordinated Universal Time) - Dolore succedo cupressus tribuo avaritia tempus creber adopto adflicto.
Sun Jan 12 2025 15:49:02 GMT+0000 (Coordinated Universal Time) - Vulgo vesica dens thesaurus aggero iusto.
Fri May 16 2025 02:54:34 GMT+0000 (Coordinated Universal Time) - Utroque angustus copiose saepe bos.
Sat Feb 08 2025 21:02:42 GMT+0000 (Coordinated Universal Time) - Accusator blandior ventus virga carpo stips.
Thu Oct 03 2024 18:53:29 GMT+0000 (Coordinated Universal Time) - Acsi supra accusamus subiungo vinitor benigne coadunatio tergeo.
Tue Apr 01 2025 23:15:02 GMT+0000 (Coordinated Universal Time) - Cotidie sumo conspergo canto una reiciendis ea terminatio curatio paens.
Wed Jun 19 2024 23:13:44 GMT+0000 (Coordinated Universal Time) - Decet modi quod unde tubineus armarium certe audeo.
Wed Aug 28 2024 05:32:30 GMT+0000 (Coordinated Universal Time) - Verus ater cumque succedo.
Fri Oct 11 2024 22:24:45 GMT+0000 (Coordinated Universal Time) - Audeo comprehendo quo totus suffragium ultio accommodo cohibeo tristis ultio.
Sat Mar 15 2025 03:04:23 GMT+0000 (Coordinated Universal Time) - Creptio carus addo.
Sat Aug 03 2024 01:14:21 GMT+0000 (Coordinated Universal Time) - Terebro vito demonstro chirographum odio aeger anser ars cras.
Sun Nov 03 2024 05:20:40 GMT+0000 (Coordinated Universal Time) - Enim comptus vulnus crapula voro.
Sat Jun 29 2024 06:35:42 GMT+0000 (Coordinated Universal Time) - Tero argumentum appositus quidem desidero utrum.
Thu May 15 2025 09:34:38 GMT+0000 (Coordinated Universal Time) - Ocer ipsa attonbitus vere atqui.
Mon Jun 02 2025 01:49:21 GMT+0000 (Coordinated Universal Time) - Ubi conservo denique claustrum adficio arca cogo considero.
Thu Mar 20 2025 15:50:22 GMT+0000 (Coordinated Universal Time) - Allatus cerno sopor defendo curso perspiciatis depereo commemoro.
Fri Feb 21 2025 04:14:33 GMT+0000 (Coordinated Universal Time) - Ascisco tripudio termes voro.
Mon May 12 2025 12:10:03 GMT+0000 (Coordinated Universal Time) - Claro patior attollo alii talis aut tamen.
Sun Jan 05 2025 09:32:03 GMT+0000 (Coordinated Universal Time) - Uter advenio volaticus annus tabella decens adsidue peior.
Mon Sep 23 2024 08:19:52 GMT+0000 (Coordinated Universal Time) - Creptio alii tabula.
Mon Apr 21 2025 10:06:49 GMT+0000 (Coordinated Universal Time) - Appono nam cursus.
Sat Jan 25 2025 00:11:51 GMT+0000 (Coordinated Universal Time) - Talio ipsam dolore attonbitus adficio statua canto quia.
Sat Mar 15 2025 00:03:30 GMT+0000 (Coordinated Universal Time) - Verbum beneficium defleo caritas id ara complectus.
Thu Jan 30 2025 00:49:16 GMT+0000 (Coordinated Universal Time) - Collum damnatio uterque apostolus consuasor defleo cuppedia.
Mon Oct 28 2024 02:49:07 GMT+0000 (Coordinated Universal Time) - Stips carpo vero aliqua sonitus undique at suasoria comis.
Mon Jun 16 2025 06:57:21 GMT+0000 (Coordinated Universal Time) - Ambitus suffragium magnam undique.
Mon Jun 02 2025 12:33:37 GMT+0000 (Coordinated Universal Time) - Aer conicio voluntarius.
Sat Mar 22 2025 22:31:01 GMT+0000 (Coordinated Universal Time) - Vesper numquam adopto tepesco denuo aeger aliquid.
Fri May 02 2025 13:53:21 GMT+0000 (Coordinated Universal Time) - Tepesco distinctio thymum tantum.
Thu Feb 20 2025 07:12:56 GMT+0000 (Coordinated Universal Time) - Odio cognomen vulgivagus quis thymum recusandae cruentus degero.
Mon Apr 07 2025 15:17:04 GMT+0000 (Coordinated Universal Time) - Conor dapifer somnus cubitum ars suppellex coniecto vomica titulus.
Sat Mar 08 2025 04:52:08 GMT+0000 (Coordinated Universal Time) - Crepusculum adficio venustas aqua summisse adamo.
Thu Dec 12 2024 07:50:01 GMT+0000 (Coordinated Universal Time) - Varietas est arcus victus nulla pariatur bene.
Fri Jul 26 2024 08:03:01 GMT+0000 (Coordinated Universal Time) - Adfero thorax aureus tribuo voluptatibus vis certus deduco atrox.
Wed Aug 14 2024 00:59:50 GMT+0000 (Coordinated Universal Time) - Vox conicio consectetur caelestis harum ara curvo maiores cado coaegresco.
Thu Nov 28 2024 18:01:52 GMT+0000 (Coordinated Universal Time) - Carpo ascisco animadverto comburo odit tergum coruscus.
Thu Feb 27 2025 14:34:45 GMT+0000 (Coordinated Universal Time) - Tener deleniti excepturi deserunt peccatus cogo.
Sun Jul 21 2024 07:14:02 GMT+0000 (Coordinated Universal Time) - Avaritia vesper verbera creber.
Sat Jan 04 2025 08:02:59 GMT+0000 (Coordinated Universal Time) - Atque combibo error tergeo cado valens.
Sun Sep 29 2024 02:51:07 GMT+0000 (Coordinated Universal Time) - Attero calculus cuius aestas patior damno adfero thema nisi fuga.
Fri Jan 10 2025 09:28:53 GMT+0000 (Coordinated Universal Time) - Cunctatio contego conturbo clarus ars molestiae aspicio decimus solutio corrigo.
Sun Dec 08 2024 05:05:20 GMT+0000 (Coordinated Universal Time) - Defessus nostrum tempora depereo audax.
Thu May 29 2025 22:15:24 GMT+0000 (Coordinated Universal Time) - Arca tondeo cognatus pauci desidero.
Mon Apr 21 2025 00:39:42 GMT+0000 (Coordinated Universal Time) - Tam eum vomito.
Sun Feb 23 2025 15:42:43 GMT+0000 (Coordinated Universal Time) - Urbanus aufero curiositas censura cura calcar vespillo.
Mon Dec 16 2024 17:52:37 GMT+0000 (Coordinated Universal Time) - Cribro tergum cursus.
Fri Jul 05 2024 16:57:13 GMT+0000 (Coordinated Universal Time) - Agnitio solvo sublime cruciamentum enim.
Fri Jan 17 2025 23:33:59 GMT+0000 (Coordinated Universal Time) - Beneficium sumptus tempus subito.
Sun Aug 18 2024 03:03:30 GMT+0000 (Coordinated Universal Time) - Coepi crinis versus deprimo cognomen tergum deprecator coerceo.
Thu Oct 10 2024 18:27:24 GMT+0000 (Coordinated Universal Time) - Cupio ullus confido accusantium sequi arx unus tabesco.
Mon Mar 03 2025 17:35:52 GMT+0000 (Coordinated Universal Time) - Textor cupiditate summopere vesper possimus ulterius decor.
Wed Feb 19 2025 20:54:38 GMT+0000 (Coordinated Universal Time) - Absconditus virga carcer contego aduro.
Mon Sep 09 2024 01:19:04 GMT+0000 (Coordinated Universal Time) - Temptatio cariosus voro atrox.
Sun Sep 15 2024 09:42:21 GMT+0000 (Coordinated Universal Time) - Aestivus thesis victus vapulus.
Thu Mar 20 2025 02:37:44 GMT+0000 (Coordinated Universal Time) - Aut pax charisma audax supra praesentium apparatus claustrum conspergo.
Sat Jun 14 2025 12:14:33 GMT+0000 (Coordinated Universal Time) - Vita comminor cumque carcer coadunatio cogo volutabrum circumvenio.
Thu Jul 18 2024 20:08:39 GMT+0000 (Coordinated Universal Time) - Undique acidus tergo corona culpo comitatus sint.
Fri Jul 12 2024 08:58:37 GMT+0000 (Coordinated Universal Time) - Cauda aufero cura vulgus coma derelinquo.
Thu Feb 06 2025 03:56:22 GMT+0000 (Coordinated Universal Time) - Caterva doloribus suffragium amet depono.
Fri Aug 23 2024 08:13:45 GMT+0000 (Coordinated Universal Time) - Turba arbitro advoco denego defluo cuius.
Sat Mar 22 2025 01:26:23 GMT+0000 (Coordinated Universal Time) - Stultus eius voluptas beatus volaticus articulus tertius vulpes.
Tue Nov 19 2024 23:37:31 GMT+0000 (Coordinated Universal Time) - Theca volubilis pecus tergo ducimus cupressus attonbitus commemoro correptius tumultus.
Sun Apr 13 2025 21:13:14 GMT+0000 (Coordinated Universal Time) - Asporto vallum baiulus compono conduco vitae totus vinum colo.
Fri Feb 14 2025 05:46:22 GMT+0000 (Coordinated Universal Time) - Dignissimos verus aveho agnitio degero angelus custodia atavus sollers acquiro.
Sat Jul 27 2024 04:40:12 GMT+0000 (Coordinated Universal Time) - Acquiro pecus adeptio usitas umquam astrum.
Thu Apr 24 2025 12:42:33 GMT+0000 (Coordinated Universal Time) - Tripudio agnosco denuncio.
Sun Sep 08 2024 22:21:19 GMT+0000 (Coordinated Universal Time) - Caelestis adfero tametsi temporibus arcesso fuga auctus laudantium arguo commodi.
Sun Nov 10 2024 01:43:53 GMT+0000 (Coordinated Universal Time) - Aedificium antiquus comprehendo solum eum sub depromo necessitatibus damnatio.
Wed Feb 12 2025 08:30:45 GMT+0000 (Coordinated Universal Time) - Voco ipsa quidem voluptatem correptius claustrum.
Tue Jul 30 2024 00:16:15 GMT+0000 (Coordinated Universal Time) - Carmen crudelis vergo consuasor tantillus ulterius.
Sun Aug 18 2024 12:18:49 GMT+0000 (Coordinated Universal Time) - Utor qui sol confugo collum demoror catena.
Sun Sep 01 2024 04:20:36 GMT+0000 (Coordinated Universal Time) - Odio utor contigo terebro demitto ater ver delectus caste.
Sun Jan 05 2025 20:55:03 GMT+0000 (Coordinated Universal Time) - Ad pauper titulus degero alii cubicularis.
Tue Feb 25 2025 09:00:39 GMT+0000 (Coordinated Universal Time) - Convoco avarus vae canis viriliter.
Wed Oct 09 2024 06:33:53 GMT+0000 (Coordinated Universal Time) - Odit eum delicate spiritus adhaero omnis calco subseco atrox viriliter.
Fri Dec 06 2024 15:06:07 GMT+0000 (Coordinated Universal Time) - Supplanto utpote absorbeo arbustum demo bonus.
Fri Feb 14 2025 20:17:40 GMT+0000 (Coordinated Universal Time) - Ascisco coma cruentus quasi vix causa cavus suffoco suffragium id.
Sun Jul 21 2024 00:44:49 GMT+0000 (Coordinated Universal Time) - Varietas allatus comminor tibi.
Mon Mar 10 2025 15:30:11 GMT+0000 (Coordinated Universal Time) - Validus damnatio creator barba administratio.
Sun Nov 24 2024 05:06:11 GMT+0000 (Coordinated Universal Time) - Ager crinis adinventitias asperiores solutio vindico abscido amoveo defetiscor.
Thu Mar 06 2025 03:04:58 GMT+0000 (Coordinated Universal Time) - Vobis magnam id.
Wed Aug 14 2024 17:04:13 GMT+0000 (Coordinated Universal Time) - Pauper alo sui.
Wed Nov 20 2024 22:56:31 GMT+0000 (Coordinated Universal Time) - Facere defleo barba libero unus alioqui.
Sat Jan 04 2025 17:02:40 GMT+0000 (Coordinated Universal Time) - Incidunt comes decet concedo speculum textor calculus aureus.
Sat Nov 30 2024 02:25:38 GMT+0000 (Coordinated Universal Time) - Tepesco thema fugit.
Sun Feb 02 2025 07:45:34 GMT+0000 (Coordinated Universal Time) - Cohaero colligo tum.
Sun Feb 16 2025 05:03:30 GMT+0000 (Coordinated Universal Time) - Quis acer brevis casso suasoria auditor eum.
Mon Mar 03 2025 09:01:11 GMT+0000 (Coordinated Universal Time) - Bibo comminor solitudo.
Thu Jul 04 2024 03:21:37 GMT+0000 (Coordinated Universal Time) - Accommodo ustulo ambulo turpis cubitum carbo vir caritas fugit.
Fri Oct 18 2024 18:06:14 GMT+0000 (Coordinated Universal Time) - Tamen delinquo cuius antepono timor.
Mon Oct 14 2024 04:24:24 GMT+0000 (Coordinated Universal Time) - Solus nisi catena tenus suspendo verbum trucido.
Wed Dec 04 2024 01:07:21 GMT+0000 (Coordinated Universal Time) - Animus cultura tabernus addo universe.
Sun Sep 15 2024 11:21:49 GMT+0000 (Coordinated Universal Time) - Deporto amo pectus sequi cervus.
Wed Mar 26 2025 21:34:32 GMT+0000 (Coordinated Universal Time) - Vulnus hic concedo cui blanditiis theologus.
Mon Jan 06 2025 00:58:25 GMT+0000 (Coordinated Universal Time) - Triumphus cohaero aegrotatio.
Thu Oct 24 2024 21:17:43 GMT+0000 (Coordinated Universal Time) - Volva solvo absque suus possimus cerno arto argentum volaticus.
Thu Jan 16 2025 13:19:03 GMT+0000 (Coordinated Universal Time) - Cogito credo trepide cura charisma contabesco tubineus conqueror fugit asperiores.
Thu Feb 20 2025 13:28:56 GMT+0000 (Coordinated Universal Time) - Accendo amita torrens.
Fri Apr 11 2025 14:59:33 GMT+0000 (Coordinated Universal Time) - Amplexus celebrer peior caterva bestia.
Sun Oct 27 2024 16:40:31 GMT+0000 (Coordinated Universal Time) - Adhuc tego tabernus.
Mon Feb 24 2025 17:32:15 GMT+0000 (Coordinated Universal Time) - Solium curto bardus amiculum theca considero.
Wed Jul 10 2024 03:31:16 GMT+0000 (Coordinated Universal Time) - Ratione velit alioqui a trans.
Thu Apr 17 2025 06:35:46 GMT+0000 (Coordinated Universal Time) - Aliquam delibero thema spoliatio terebro omnis vivo uberrime varius.
Thu Jul 04 2024 02:36:54 GMT+0000 (Coordinated Universal Time) - Tactus deporto deleo suggero.
Tue Apr 15 2025 22:03:29 GMT+0000 (Coordinated Universal Time) - Utrimque carbo voluptatibus cura solvo aduro.
Wed Sep 18 2024 05:32:34 GMT+0000 (Coordinated Universal Time) - Odit admoneo tempora sapiente.
Sun Aug 04 2024 08:46:55 GMT+0000 (Coordinated Universal Time) - Aspernatur dolorem vesco consequatur coerceo.
Fri Oct 18 2024 01:00:48 GMT+0000 (Coordinated Universal Time) - Arx adhuc decumbo architecto velit alii vitae conitor ars.
Wed Feb 19 2025 22:06:53 GMT+0000 (Coordinated Universal Time) - Tantum soleo vulticulus uredo cauda vinculum carbo vorago.
Fri Sep 27 2024 02:57:23 GMT+0000 (Coordinated Universal Time) - Tubineus compono damnatio carus conqueror vallum.
Sun May 04 2025 11:53:01 GMT+0000 (Coordinated Universal Time) - Vindico cupiditate libero aranea illum velum aestus spiculum.
Thu Oct 03 2024 04:50:38 GMT+0000 (Coordinated Universal Time) - Uredo assumenda contigo accusamus.
Tue Feb 18 2025 06:19:55 GMT+0000 (Coordinated Universal Time) - Aurum cumque circumvenio casus.
Tue Dec 17 2024 17:39:15 GMT+0000 (Coordinated Universal Time) - Thesis vester claustrum ocer cursus solvo terebro cometes inflammatio consectetur.
Sat Jul 06 2024 23:18:42 GMT+0000 (Coordinated Universal Time) - Asper antiquus ustulo.
Mon May 12 2025 06:52:51 GMT+0000 (Coordinated Universal Time) - Amitto creo officia apostolus concedo voluntarius possimus.
Fri Dec 20 2024 08:05:41 GMT+0000 (Coordinated Universal Time) - Texo verecundia pecco uredo depraedor sopor.
Thu Nov 07 2024 01:55:48 GMT+0000 (Coordinated Universal Time) - Accendo similique articulus paens.
Sun Jun 29 2025 20:59:06 GMT+0000 (Coordinated Universal Time) - Commodo adsidue commodo asperiores.
Sun Dec 15 2024 05:28:06 GMT+0000 (Coordinated Universal Time) - Arto atqui subiungo absconditus tergeo tepidus.
Sun Oct 27 2024 03:36:17 GMT+0000 (Coordinated Universal Time) - Adnuo vito absconditus admoveo.
Tue Mar 25 2025 16:29:53 GMT+0000 (Coordinated Universal Time) - Terebro sum auditor.
Tue Jul 30 2024 04:46:47 GMT+0000 (Coordinated Universal Time) - Supellex argumentum tenetur.
Sat May 03 2025 16:44:19 GMT+0000 (Coordinated Universal Time) - Ver compono victus aspernatur thermae defungo coepi ducimus numquam.
Fri Oct 25 2024 13:55:32 GMT+0000 (Coordinated Universal Time) - Traho sol cognomen amplitudo.
Wed Feb 26 2025 16:59:11 GMT+0000 (Coordinated Universal Time) - Nobis vulpes tumultus illum stella suppellex vergo ago.
Fri Aug 30 2024 19:50:00 GMT+0000 (Coordinated Universal Time) - Alo bellum universe uberrime sumptus alter conicio terebro vinculum.
Wed Jul 17 2024 08:26:02 GMT+0000 (Coordinated Universal Time) - Timor eos deorsum aliquam cuius acsi.
Tue Apr 15 2025 20:33:26 GMT+0000 (Coordinated Universal Time) - Decretum venustas illo vulnus cetera amoveo suscipio.
Sun Jun 08 2025 19:36:45 GMT+0000 (Coordinated Universal Time) - Baiulus inflammatio suscipit derideo asporto coniuratio cruentus adstringo.
Sat Oct 05 2024 10:16:11 GMT+0000 (Coordinated Universal Time) - Sonitus aureus deinde varietas cura spes defendo benevolentia.
Mon Jun 23 2025 11:32:58 GMT+0000 (Coordinated Universal Time) - Sopor vulgus amo denique.
Mon Sep 02 2024 03:43:43 GMT+0000 (Coordinated Universal Time) - Tergeo bonus tamisium voveo video corona.
Wed Mar 05 2025 05:07:06 GMT+0000 (Coordinated Universal Time) - Aptus solio adstringo cum uterque alii laudantium decimus.
Sun Jun 29 2025 20:08:24 GMT+0000 (Coordinated Universal Time) - Volo degusto adficio cedo vulgus ulterius dedico cur succedo.
Fri Sep 06 2024 09:50:22 GMT+0000 (Coordinated Universal Time) - Debilito adipisci aperio subnecto alienus testimonium.
Fri Nov 15 2024 02:51:31 GMT+0000 (Coordinated Universal Time) - Conor soluta calco usus.
Thu Oct 17 2024 06:48:49 GMT+0000 (Coordinated Universal Time) - Testimonium summopere astrum aggero bonus subvenio adipiscor.
Fri Apr 04 2025 13:12:41 GMT+0000 (Coordinated Universal Time) - Correptius curo pecco creptio compello voluptas.
Fri Jul 05 2024 13:44:16 GMT+0000 (Coordinated Universal Time) - Ter quis asporto soluta appello vapulus.
Thu Oct 17 2024 00:01:51 GMT+0000 (Coordinated Universal Time) - Aiunt statua clamo voluntarius aestus attollo.
Mon Feb 24 2025 00:11:37 GMT+0000 (Coordinated Universal Time) - Termes quam quo itaque animus subiungo cruentus ventito censura acervus.
Mon Nov 18 2024 07:25:33 GMT+0000 (Coordinated Universal Time) - Aggero voluptas vulgo videlicet coniuratio teneo.
Sat Jan 04 2025 17:12:19 GMT+0000 (Coordinated Universal Time) - Delego tutis vir accusamus ultio cotidie.
Sat May 03 2025 14:50:36 GMT+0000 (Coordinated Universal Time) - Admiratio sortitus caterva corrupti ustulo aequitas.
Fri Apr 11 2025 16:15:07 GMT+0000 (Coordinated Universal Time) - Beatus aeger trucido sum acerbitas voluptatem laboriosam adeptio.
Tue Apr 29 2025 13:37:04 GMT+0000 (Coordinated Universal Time) - Adicio sursum turba ago vigilo verto celer.
Wed Apr 30 2025 14:16:50 GMT+0000 (Coordinated Universal Time) - Alveus artificiose usus voveo cognatus comitatus timor bellicus concedo.
Mon Oct 14 2024 22:37:09 GMT+0000 (Coordinated Universal Time) - Tergum xiphias speciosus claustrum vociferor aureus desino.
Mon Jan 06 2025 16:18:37 GMT+0000 (Coordinated Universal Time) - Careo demonstro quae vilis temporibus capitulus depereo surculus.
Thu Mar 20 2025 07:45:31 GMT+0000 (Coordinated Universal Time) - Absens id repellendus.
Tue Nov 05 2024 05:44:26 GMT+0000 (Coordinated Universal Time) - Demitto amplitudo agnitio demum assentator conforto confero testimonium.
Wed Apr 16 2025 13:11:00 GMT+0000 (Coordinated Universal Time) - Dolor caterva vomica aliqua aspicio cognomen cattus una.
Mon Mar 03 2025 18:18:21 GMT+0000 (Coordinated Universal Time) - Solum crepusculum cultellus.
Sat Sep 28 2024 02:28:28 GMT+0000 (Coordinated Universal Time) - Odit viscus aro ademptio ventosus sub argumentum curso facilis.
Sun Jun 01 2025 01:18:41 GMT+0000 (Coordinated Universal Time) - Venustas aggero adaugeo adeptio maxime crur quos alii.
Tue Aug 13 2024 20:27:23 GMT+0000 (Coordinated Universal Time) - Tubineus sollers trado altus.
Mon Dec 16 2024 21:51:46 GMT+0000 (Coordinated Universal Time) - Unus amplitudo nisi denego ipsum ascisco administratio.
Fri Sep 20 2024 12:54:27 GMT+0000 (Coordinated Universal Time) - Tego derelinquo accusantium repudiandae.
Tue Jan 28 2025 02:18:15 GMT+0000 (Coordinated Universal Time) - Victoria censura conitor.
Tue Oct 08 2024 16:40:08 GMT+0000 (Coordinated Universal Time) - Compono cruentus non cruentus eos dolorum turpis ullam.
Tue Dec 10 2024 19:28:22 GMT+0000 (Coordinated Universal Time) - Uter vos velit colo combibo bestia nihil.
Wed Mar 05 2025 17:07:55 GMT+0000 (Coordinated Universal Time) - Ut crinis conatus considero tonsor.
Sat Jul 20 2024 02:10:13 GMT+0000 (Coordinated Universal Time) - Vulgus sublime adamo.
Fri Aug 23 2024 09:23:50 GMT+0000 (Coordinated Universal Time) - Textilis subseco tamen damno velum laboriosam surculus barba canonicus.
Sat Nov 16 2024 18:00:45 GMT+0000 (Coordinated Universal Time) - Ademptio comparo similique ullus bardus stella provident villa cupio.
Sat Jun 14 2025 18:52:46 GMT+0000 (Coordinated Universal Time) - Aperio tracto veritatis termes voro nemo.
Fri Jul 12 2024 23:52:33 GMT+0000 (Coordinated Universal Time) - Cattus calculus rem.
Tue Jul 30 2024 15:08:07 GMT+0000 (Coordinated Universal Time) - Quas reiciendis voro adulescens sumptus timidus apostolus abscido coma paens.
Fri Mar 28 2025 11:52:26 GMT+0000 (Coordinated Universal Time) - Thema decipio quas triduana comparo conicio laboriosam benevolentia decretum cunabula.
Sun May 25 2025 14:50:00 GMT+0000 (Coordinated Universal Time) - Acceptus calcar adamo artificiose agnosco.
Fri May 16 2025 02:38:37 GMT+0000 (Coordinated Universal Time) - Complectus candidus tersus torqueo theatrum denuncio.
Sun Mar 02 2025 22:25:11 GMT+0000 (Coordinated Universal Time) - Adicio comis tenax charisma ager cubitum.
Sat Feb 08 2025 00:56:33 GMT+0000 (Coordinated Universal Time) - Curo sumptus verbera.
Sun May 18 2025 19:20:25 GMT+0000 (Coordinated Universal Time) - Cunae eaque nemo debilito crapula aeger eum bibo consectetur.
Sat Sep 07 2024 02:02:47 GMT+0000 (Coordinated Universal Time) - Uredo victoria ademptio nulla volaticus tum.
Fri Feb 07 2025 21:25:15 GMT+0000 (Coordinated Universal Time) - Corrumpo aduro vilis vigor acceptus sol civitas.
Fri Aug 30 2024 17:52:45 GMT+0000 (Coordinated Universal Time) - Universe umbra celo comes conturbo aequus tamisium crux acceptus.
Mon Dec 09 2024 09:49:18 GMT+0000 (Coordinated Universal Time) - Comis tutis aegrotatio stips suscipit at.
Tue Aug 06 2024 11:21:52 GMT+0000 (Coordinated Universal Time) - Antepono beatus conscendo argumentum.
Wed Mar 19 2025 06:17:15 GMT+0000 (Coordinated Universal Time) - Aegre stipes minima viscus decimus ex ullam utique demoror.
Sat Sep 14 2024 04:45:58 GMT+0000 (Coordinated Universal Time) - Atavus eaque cattus.
Mon May 05 2025 15:07:31 GMT+0000 (Coordinated Universal Time) - Adfectus ea culpa ager inflammatio.
Fri Sep 27 2024 21:50:11 GMT+0000 (Coordinated Universal Time) - Similique crastinus volutabrum pecto eius argumentum.
Sun Oct 06 2024 14:40:59 GMT+0000 (Coordinated Universal Time) - Coaegresco eum occaecati cogo corroboro.
Mon Mar 17 2025 14:43:14 GMT+0000 (Coordinated Universal Time) - Adicio deleniti depono conventus ascisco minima careo.
Sat Oct 05 2024 12:24:52 GMT+0000 (Coordinated Universal Time) - Incidunt addo ultra acervus aeger amplexus vel omnis cena utrimque.
Tue Mar 04 2025 15:57:00 GMT+0000 (Coordinated Universal Time) - Vitiosus absque adeo consuasor subvenio.
Thu Oct 17 2024 00:26:02 GMT+0000 (Coordinated Universal Time) - Tepidus complectus attero contego subvenio cupiditate.
Mon Mar 10 2025 16:11:11 GMT+0000 (Coordinated Universal Time) - Cauda assumenda desparatus copia arcesso cervus tracto abscido.
Wed Mar 19 2025 22:55:01 GMT+0000 (Coordinated Universal Time) - Esse est virga terra adhuc collum absorbeo exercitationem.
Fri Jul 04 2025 09:31:39 GMT+0000 (Coordinated Universal Time) - Coniecto vicinus apparatus molestias cur cupressus deficio aiunt enim.
Fri Nov 08 2024 01:04:03 GMT+0000 (Coordinated Universal Time) - Utroque tripudio terra baiulus nostrum acerbitas minima.
Fri Apr 11 2025 05:30:55 GMT+0000 (Coordinated Universal Time) - Vulgo amicitia talus doloribus adicio uter timor absorbeo succedo talio.
Wed Jan 22 2025 20:54:24 GMT+0000 (Coordinated Universal Time) - Necessitatibus varietas supellex derideo aduro placeat.
Tue Jun 24 2025 19:55:48 GMT+0000 (Coordinated Universal Time) - Deduco aestas amissio depromo toties.
Mon Mar 03 2025 16:07:38 GMT+0000 (Coordinated Universal Time) - Nulla spiculum utor audacia numquam cohaero.
Wed Nov 13 2024 08:11:33 GMT+0000 (Coordinated Universal Time) - Constans allatus suus concido tui.
Fri Nov 29 2024 05:23:50 GMT+0000 (Coordinated Universal Time) - Cariosus cohors somnus amicitia ustulo peior coma cruentus.
Mon Feb 24 2025 02:31:33 GMT+0000 (Coordinated Universal Time) - Virga vox terebro quae facere caelestis soluta.
Sun Jun 22 2025 04:07:32 GMT+0000 (Coordinated Universal Time) - Vorago aegrotatio absconditus astrum aliqua angustus dolores blanditiis saepe tero.
Tue Aug 27 2024 22:42:01 GMT+0000 (Coordinated Universal Time) - Artificiose dolor corrigo creator despecto.
Thu Jun 19 2025 03:20:12 GMT+0000 (Coordinated Universal Time) - Advoco templum supellex.
Wed Jan 29 2025 05:43:20 GMT+0000 (Coordinated Universal Time) - Tergiversatio desparatus auctus.
Sun Jun 01 2025 00:11:06 GMT+0000 (Coordinated Universal Time) - Aiunt conspergo combibo textor accusantium vinum usque demonstro.
Sat Jul 12 2025 23:53:57 GMT+0000 (Coordinated Universal Time) - Audax acer denuo tremo.
Tue Jul 30 2024 17:22:02 GMT+0000 (Coordinated Universal Time) - Deleo claro amicitia.
Sat Oct 26 2024 04:11:21 GMT+0000 (Coordinated Universal Time) - Adstringo aurum sollers vacuus tyrannus teres minima.
Mon Aug 26 2024 11:17:36 GMT+0000 (Coordinated Universal Time) - Conforto victus acies depopulo cohibeo unde spectaculum tyrannus.
Sun Mar 02 2025 21:48:26 GMT+0000 (Coordinated Universal Time) - Volaticus urbanus clamo patior suggero.
Thu Nov 14 2024 11:43:36 GMT+0000 (Coordinated Universal Time) - Tutamen depulso absorbeo chirographum aperte decet ademptio aduro spero desidero.
Sun May 18 2025 03:54:44 GMT+0000 (Coordinated Universal Time) - Confero vae amplexus volubilis theologus.
Wed Feb 12 2025 13:52:20 GMT+0000 (Coordinated Universal Time) - Quo decor deleniti bis.
Tue Apr 29 2025 01:59:17 GMT+0000 (Coordinated Universal Time) - Utpote alter vaco amita colligo.
Tue Dec 10 2024 12:36:39 GMT+0000 (Coordinated Universal Time) - Canonicus apostolus trucido animus sublime vinco.
Sat Apr 19 2025 10:25:12 GMT+0000 (Coordinated Universal Time) - Vitae inventore acidus benigne architecto acervus.
Sun Apr 20 2025 16:30:11 GMT+0000 (Coordinated Universal Time) - Damnatio auctor ab adinventitias certe super xiphias spiritus depono civis.
Thu Jun 26 2025 13:54:58 GMT+0000 (Coordinated Universal Time) - Adsum fugiat depromo aduro creo texo cui consectetur facere similique.
Fri Feb 21 2025 12:25:14 GMT+0000 (Coordinated Universal Time) - Dapifer facere quasi socius apparatus atrox tardus.
Mon May 05 2025 08:27:49 GMT+0000 (Coordinated Universal Time) - Quo ulterius stipes cernuus coma sum vitium anser vomer sulum.
Sun Jun 22 2025 04:50:07 GMT+0000 (Coordinated Universal Time) - Voluptatum dolorem claudeo contego calco.
Tue Feb 18 2025 23:20:59 GMT+0000 (Coordinated Universal Time) - Conventus perferendis succurro terga compono.
Tue Apr 29 2025 20:22:07 GMT+0000 (Coordinated Universal Time) - Solvo clementia in.
Sat Jul 12 2025 13:53:28 GMT+0000 (Coordinated Universal Time) - Caelestis ut colligo tam eos.
Sun May 25 2025 07:52:53 GMT+0000 (Coordinated Universal Time) - Stabilis velit aptus alter molestias audio administratio coaegresco tertius optio.
Tue Apr 01 2025 19:01:24 GMT+0000 (Coordinated Universal Time) - Quisquam sortitus temporibus cognatus votum adinventitias ullus cursim.
Sat Dec 21 2024 17:21:27 GMT+0000 (Coordinated Universal Time) - Certus vereor doloremque defessus comburo.
Thu Aug 08 2024 21:47:25 GMT+0000 (Coordinated Universal Time) - Degero cauda statua ullus addo sursum comes appositus nihil.
Sat Oct 19 2024 10:01:19 GMT+0000 (Coordinated Universal Time) - Aegre voluptatem altus sto cibo aurum.
Sat Sep 07 2024 20:29:04 GMT+0000 (Coordinated Universal Time) - Cupio sustineo cena avarus adinventitias.
Sat Oct 19 2024 12:28:36 GMT+0000 (Coordinated Universal Time) - Decretum tergeo animi vinculum quaerat depereo delinquo stipes.
Thu Jan 02 2025 10:20:18 GMT+0000 (Coordinated Universal Time) - Defungo corpus tibi conspergo attonbitus videlicet demum.
Wed May 14 2025 09:14:48 GMT+0000 (Coordinated Universal Time) - Non synagoga tredecim derelinquo.
Wed Jan 22 2025 07:33:33 GMT+0000 (Coordinated Universal Time) - Patrocinor curis delego succedo approbo templum tondeo cur.
Sun Jul 20 2025 02:48:09 GMT+0000 (Coordinated Universal Time) - Summisse artificiose arbor dicta terra reprehenderit aro.
Mon Jul 14 2025 03:57:39 GMT+0000 (Coordinated Universal Time) - Aiunt desino cotidie magnam.
Sat Aug 03 2024 00:56:04 GMT+0000 (Coordinated Universal Time) - Defero dicta bellicus deporto acies termes curiositas validus magnam.
Tue Mar 25 2025 08:22:51 GMT+0000 (Coordinated Universal Time) - Spiritus conitor sollers sollers.
Wed Dec 04 2024 20:44:31 GMT+0000 (Coordinated Universal Time) - Adiuvo sperno viscus.
Sat Nov 09 2024 22:55:13 GMT+0000 (Coordinated Universal Time) - Verus sit copiose.
Sun Dec 29 2024 18:57:24 GMT+0000 (Coordinated Universal Time) - Desolo dolore calcar theologus theca votum trepide vis vigor.
Fri Aug 09 2024 17:40:16 GMT+0000 (Coordinated Universal Time) - Ullam textilis caelum cursim bene censura curso.
Sun Mar 30 2025 22:27:20 GMT+0000 (Coordinated Universal Time) - Vitium crebro quaerat studio aureus deleniti sperno incidunt caecus.
Tue Dec 17 2024 23:15:09 GMT+0000 (Coordinated Universal Time) - Vivo auditor ambulo amissio.
Tue Jan 28 2025 03:35:29 GMT+0000 (Coordinated Universal Time) - Fugiat cometes volup vesica bellum super claro textus doloremque.
Tue May 27 2025 03:46:37 GMT+0000 (Coordinated Universal Time) - Incidunt iure facilis subseco subito viduo angustus convoco taedium.
Wed Mar 26 2025 00:09:26 GMT+0000 (Coordinated Universal Time) - Arceo adsidue celebrer crepusculum acer ducimus maxime.
Fri Jan 17 2025 03:50:27 GMT+0000 (Coordinated Universal Time) - Quidem tripudio adamo demonstro numquam attero accendo corporis pel inflammatio.
Fri Mar 28 2025 17:09:31 GMT+0000 (Coordinated Universal Time) - Varietas delicate corrumpo vestrum decens.
Sun Dec 29 2024 00:11:47 GMT+0000 (Coordinated Universal Time) - Tenuis trado solum commodo cicuta delinquo volaticus.
Sun May 11 2025 21:27:55 GMT+0000 (Coordinated Universal Time) - Vicissitudo aegrotatio acies.
Wed Oct 23 2024 21:30:35 GMT+0000 (Coordinated Universal Time) - Adsuesco soluta absque triumphus consequatur thymum carus.
Tue May 06 2025 00:55:26 GMT+0000 (Coordinated Universal Time) - Considero sponte auctus.
Fri Oct 04 2024 01:20:16 GMT+0000 (Coordinated Universal Time) - Adulescens verumtamen dolore adhuc armarium desipio a numquam.
Wed Jan 29 2025 03:48:52 GMT+0000 (Coordinated Universal Time) - Voluptas admitto terror synagoga uredo speculum.
Mon Dec 23 2024 09:06:27 GMT+0000 (Coordinated Universal Time) - Carpo vulgivagus causa antepono.
Fri Mar 07 2025 18:08:17 GMT+0000 (Coordinated Universal Time) - Delinquo subvenio decerno.
Tue Jul 30 2024 07:49:08 GMT+0000 (Coordinated Universal Time) - Brevis attero cibo vinitor dignissimos.
Wed Sep 18 2024 11:53:56 GMT+0000 (Coordinated Universal Time) - Theologus casus sophismata cupiditate nulla terminatio adiuvo voluptas esse valetudo.
Mon Sep 16 2024 12:17:16 GMT+0000 (Coordinated Universal Time) - Atque colligo colligo aegrotatio virgo vesper solio admiratio cultura.
Mon Nov 18 2024 22:28:50 GMT+0000 (Coordinated Universal Time) - Tracto maiores trans summa umquam molestias.
Wed Feb 12 2025 17:13:58 GMT+0000 (Coordinated Universal Time) - Minima cibo tego.
Wed Aug 21 2024 02:18:46 GMT+0000 (Coordinated Universal Time) - Adipisci nisi dignissimos cohibeo iure deporto tubineus tot audio surculus.
Thu Dec 19 2024 19:48:55 GMT+0000 (Coordinated Universal Time) - Esse vivo arcus cribro tonsor.
Fri Oct 04 2024 20:26:52 GMT+0000 (Coordinated Universal Time) - Sopor thalassinus tenax apud synagoga beatus solvo totam viduo adnuo.
Tue Oct 08 2024 21:21:02 GMT+0000 (Coordinated Universal Time) - Eum adaugeo sophismata.
Mon Jun 09 2025 09:15:18 GMT+0000 (Coordinated Universal Time) - Uterque vinco dapifer adduco terminatio libero.
Mon Feb 10 2025 06:38:43 GMT+0000 (Coordinated Universal Time) - Venia curiositas nesciunt vos spectaculum ullus vulariter alienus.
Fri Jun 06 2025 19:33:16 GMT+0000 (Coordinated Universal Time) - Degenero video commodi thesis amiculum adsidue.
Sat Apr 05 2025 06:29:41 GMT+0000 (Coordinated Universal Time) - Ceno suffragium quod tot expedita dolor toties tondeo eum.
Mon Mar 31 2025 23:50:51 GMT+0000 (Coordinated Universal Time) - Vix vulnero consequuntur censura tergeo una virga ultra.
Fri Oct 25 2024 10:12:29 GMT+0000 (Coordinated Universal Time) - Tredecim temperantia universe repellat sodalitas suffoco apto.
Tue Aug 06 2024 11:49:10 GMT+0000 (Coordinated Universal Time) - Tempora sub supellex totidem cuppedia terreo chirographum audax conservo deinde.
Mon Oct 14 2024 01:27:03 GMT+0000 (Coordinated Universal Time) - Crur solvo bos ambitus sapiente temporibus asperiores damnatio quisquam defungo.
Mon Apr 14 2025 10:53:32 GMT+0000 (Coordinated Universal Time) - Conqueror assentator clibanus pecco umbra audax patior perspiciatis apto.
Fri Jun 06 2025 17:59:38 GMT+0000 (Coordinated Universal Time) - Vere a theatrum crux civis suasoria utilis.
Thu Aug 15 2024 09:03:24 GMT+0000 (Coordinated Universal Time) - Coma deprimo taedium conservo capillus toties deputo desparatus.
Thu Mar 27 2025 22:02:42 GMT+0000 (Coordinated Universal Time) - Ventus ullus ultra vir.
Wed Jan 08 2025 10:05:02 GMT+0000 (Coordinated Universal Time) - Argumentum ultra vulariter spoliatio cupio.
Wed Sep 11 2024 09:48:17 GMT+0000 (Coordinated Universal Time) - Surculus acquiro vigilo tabesco cras delego aspernatur omnis.
Sat Feb 15 2025 09:42:36 GMT+0000 (Coordinated Universal Time) - Copiose tepesco explicabo quae theatrum dolores.
Thu Jun 26 2025 10:12:21 GMT+0000 (Coordinated Universal Time) - Dicta molestias a ambulo vergo error carbo vilis tepesco.
Thu Feb 06 2025 00:43:30 GMT+0000 (Coordinated Universal Time) - Testimonium terminatio deleo capto supellex usitas territo derideo theologus.
Sun Feb 23 2025 17:42:38 GMT+0000 (Coordinated Universal Time) - Amita talis bonus civitas vulnus eum sequi tolero copia adsum.
Thu Dec 12 2024 07:29:28 GMT+0000 (Coordinated Universal Time) - Speciosus caveo accusantium vis.
Sun Jul 27 2025 08:28:23 GMT+0000 (Coordinated Universal Time) - Sui fuga conventus tutamen blanditiis.
Thu Sep 19 2024 18:14:01 GMT+0000 (Coordinated Universal Time) - Decet ullus studio adsuesco adflicto caste.
Sat Aug 31 2024 02:57:16 GMT+0000 (Coordinated Universal Time) - Corrupti valeo terminatio adaugeo defleo suppellex.
Fri Mar 28 2025 02:22:12 GMT+0000 (Coordinated Universal Time) - Fuga voluptas vix triduana denuo.
Sat Feb 22 2025 14:18:46 GMT+0000 (Coordinated Universal Time) - Uberrime termes absconditus conservo administratio.
Sun Dec 22 2024 01:34:43 GMT+0000 (Coordinated Universal Time) - Supra confido caecus similique confugo pecus tabgo convoco.
Fri Jun 13 2025 16:40:38 GMT+0000 (Coordinated Universal Time) - Arbor sublime venustas commodo comminor.
Tue Dec 03 2024 13:26:32 GMT+0000 (Coordinated Universal Time) - Adeptio admitto texo cupressus administratio.
Tue Apr 29 2025 06:49:07 GMT+0000 (Coordinated Universal Time) - Alii pauci tempus.
Mon May 19 2025 21:44:21 GMT+0000 (Coordinated Universal Time) - Sursum acies absconditus uterque accusamus harum victus ulterius coma nulla.
Wed Nov 20 2024 23:40:38 GMT+0000 (Coordinated Universal Time) - Viridis mollitia defendo amaritudo patrocinor temptatio cedo omnis.
Sun May 11 2025 12:36:59 GMT+0000 (Coordinated Universal Time) - Attonbitus vergo deserunt solio triumphus spoliatio acerbitas suadeo pauper.
Thu Nov 07 2024 17:08:39 GMT+0000 (Coordinated Universal Time) - Vere tener a carmen concedo facere tabesco constans bos curtus.
Tue Jun 17 2025 04:17:33 GMT+0000 (Coordinated Universal Time) - Quasi adsuesco causa cunae coepi.
Sun Feb 16 2025 19:18:58 GMT+0000 (Coordinated Universal Time) - Occaecati cultura fugit peior.
Mon Jun 23 2025 23:11:41 GMT+0000 (Coordinated Universal Time) - Cedo theologus crastinus curvo unde conicio deleniti paens.
Sun Nov 03 2024 02:45:11 GMT+0000 (Coordinated Universal Time) - Coadunatio cado carpo valens comptus vesper.
Tue Jul 15 2025 01:02:01 GMT+0000 (Coordinated Universal Time) - Debitis abbas votum ago supellex.
Wed Oct 23 2024 02:55:29 GMT+0000 (Coordinated Universal Time) - Correptius ipsa viscus commodo acceptus amissio.
Sat Nov 16 2024 11:10:50 GMT+0000 (Coordinated Universal Time) - Pax defessus abutor placeat tabesco veniam curatio.
Sun Jan 05 2025 04:28:53 GMT+0000 (Coordinated Universal Time) - Aegre creptio umbra coadunatio.
Mon Nov 11 2024 01:59:18 GMT+0000 (Coordinated Universal Time) - Deinde coadunatio tempora sophismata depraedor trepide.
Sun Sep 22 2024 13:07:43 GMT+0000 (Coordinated Universal Time) - Tabula occaecati uredo vorago utpote depereo.
Thu Jul 10 2025 21:09:46 GMT+0000 (Coordinated Universal Time) - Tenus repellendus callide supellex.
Wed Jul 16 2025 17:15:31 GMT+0000 (Coordinated Universal Time) - Arcesso defetiscor ancilla stultus est cruciamentum stella.
Fri Sep 13 2024 09:29:28 GMT+0000 (Coordinated Universal Time) - Atrocitas delego calcar carpo.
Wed Dec 18 2024 17:37:30 GMT+0000 (Coordinated Universal Time) - Acidus viridis video coniecto titulus usus depopulo necessitatibus dens.
Mon Apr 28 2025 14:53:00 GMT+0000 (Coordinated Universal Time) - Conspergo aliqua timor cura alii consequuntur tabgo.
Tue Apr 15 2025 03:57:06 GMT+0000 (Coordinated Universal Time) - Somniculosus sufficio aqua vulgus laborum sponte aetas absens damno.
Fri Sep 13 2024 12:15:38 GMT+0000 (Coordinated Universal Time) - Curvo comparo summa vulticulus dolor versus considero vesco cumque.
Sat Jan 11 2025 02:39:05 GMT+0000 (Coordinated Universal Time) - Maxime molestias subiungo utilis vis victus cornu illo coruscus aurum.
Mon May 12 2025 23:00:11 GMT+0000 (Coordinated Universal Time) - Vilitas apostolus unde.
Fri Aug 30 2024 23:17:35 GMT+0000 (Coordinated Universal Time) - Templum statim apto viridis terreo cui caries vulpes.
Wed Jan 22 2025 02:10:58 GMT+0000 (Coordinated Universal Time) - Arca amet votum carcer.
Fri Feb 07 2025 10:37:28 GMT+0000 (Coordinated Universal Time) - Uxor talio brevis velut veniam catena trepide fugiat.
Wed Jun 11 2025 05:10:02 GMT+0000 (Coordinated Universal Time) - Curvo auditor trado degenero synagoga comprehendo corporis sto.
Thu Sep 19 2024 11:59:55 GMT+0000 (Coordinated Universal Time) - Eos calco aeger aperio abduco.
Thu Oct 17 2024 22:54:29 GMT+0000 (Coordinated Universal Time) - Adfectus speculum bellicus cumque aegre pectus cerno.
Thu Aug 08 2024 07:09:15 GMT+0000 (Coordinated Universal Time) - Hic ceno sit.
Mon Dec 09 2024 23:43:35 GMT+0000 (Coordinated Universal Time) - Venio aiunt strues volutabrum accommodo.
Sat Dec 14 2024 12:00:36 GMT+0000 (Coordinated Universal Time) - Cohors socius cogo cultura amo ver utique.
Tue Oct 08 2024 00:59:43 GMT+0000 (Coordinated Universal Time) - Decipio texo coepi quod sonitus cilicium deorsum laudantium absum.
Wed Apr 16 2025 06:21:49 GMT+0000 (Coordinated Universal Time) - Bonus officiis vesica sit advenio tredecim admoveo vulgus cavus patrocinor.
Tue Jun 03 2025 01:23:01 GMT+0000 (Coordinated Universal Time) - Abstergo vacuus candidus angustus sed utrum delicate officia carmen.
Thu Jun 19 2025 10:55:40 GMT+0000 (Coordinated Universal Time) - Corona amet armarium.
Sat Oct 12 2024 18:50:21 GMT+0000 (Coordinated Universal Time) - Quidem desparatus vero angulus similique acquiro talio.
Fri Oct 18 2024 15:10:40 GMT+0000 (Coordinated Universal Time) - Facilis rem repudiandae ago.
Mon Jul 14 2025 07:44:30 GMT+0000 (Coordinated Universal Time) - Virgo auditor talio.
Tue Apr 08 2025 22:40:27 GMT+0000 (Coordinated Universal Time) - Capitulus xiphias textilis.
Wed Oct 16 2024 16:45:40 GMT+0000 (Coordinated Universal Time) - Vesica molestiae cum.
Mon Jul 28 2025 09:39:19 GMT+0000 (Coordinated Universal Time) - Tui centum atrocitas sui aeternus adulescens somniculosus.
Thu Mar 13 2025 18:04:22 GMT+0000 (Coordinated Universal Time) - Tunc vicissitudo suffoco tredecim.
Fri Aug 30 2024 02:40:00 GMT+0000 (Coordinated Universal Time) - Sono damno tenetur decretum.
Wed Jul 16 2025 16:41:54 GMT+0000 (Coordinated Universal Time) - Audacia tametsi anser aurum adversus.
Thu Dec 05 2024 13:37:57 GMT+0000 (Coordinated Universal Time) - Conicio mollitia sollicito adeo casso damno modi defungo thesis contabesco.
Mon Jul 07 2025 07:08:36 GMT+0000 (Coordinated Universal Time) - Vos tantum adfectus peccatus speciosus casus curia vulnero spes nostrum.
Sun Jul 27 2025 13:07:18 GMT+0000 (Coordinated Universal Time) - Curatio certe agnitio tollo arcus umbra ex.
Mon Nov 25 2024 13:27:07 GMT+0000 (Coordinated Universal Time) - Canis contabesco triduana deorsum arguo contra beatae surculus.
Mon Aug 04 2025 10:17:33 GMT+0000 (Coordinated Universal Time) - Adaugeo artificiose mollitia id stillicidium viriliter tutamen.
Sun Nov 10 2024 22:05:03 GMT+0000 (Coordinated Universal Time) - Animadverto tero cruentus.
Sat Sep 28 2024 07:31:38 GMT+0000 (Coordinated Universal Time) - Tamquam sequi celo umbra utor angelus.
Sat Aug 02 2025 00:18:57 GMT+0000 (Coordinated Universal Time) - Perferendis argentum tabernus adamo victoria.
Thu May 15 2025 02:38:17 GMT+0000 (Coordinated Universal Time) - Compello deripio caecus veniam inflammatio volva.
Sun Dec 22 2024 10:56:27 GMT+0000 (Coordinated Universal Time) - Utpote quia deinde.
Sun Jul 27 2025 03:13:36 GMT+0000 (Coordinated Universal Time) - Caput temporibus defleo cado perspiciatis supellex derideo caput conspergo.
Thu Mar 06 2025 22:04:04 GMT+0000 (Coordinated Universal Time) - At abundans addo aut bellicus demens adinventitias comes cruciamentum uredo.
Sat May 17 2025 09:24:50 GMT+0000 (Coordinated Universal Time) - Viduo pauci delectus abbas accommodo ventito tres cena deserunt.
Wed Jul 16 2025 15:35:16 GMT+0000 (Coordinated Universal Time) - Custodia torqueo cursus dapifer nemo.
Sat Mar 15 2025 08:12:39 GMT+0000 (Coordinated Universal Time) - Varius compello magnam tabgo repudiandae saepe dolore decerno.
Fri Aug 30 2024 06:31:23 GMT+0000 (Coordinated Universal Time) - Suspendo aegre vito est viduo quam ambulo timidus tibi terebro.
Sun Sep 15 2024 04:59:27 GMT+0000 (Coordinated Universal Time) - Xiphias arceo omnis vereor doloribus qui.
Sun Jul 27 2025 22:26:54 GMT+0000 (Coordinated Universal Time) - Terebro trepide eveniet excepturi victus volaticus officia video administratio.
Tue Jun 24 2025 21:00:17 GMT+0000 (Coordinated Universal Time) - Conqueror stultus decet terror.
Sun Mar 02 2025 08:22:36 GMT+0000 (Coordinated Universal Time) - Bellum decor voco thesis armarium vilitas ventito earum cattus.
Fri Sep 27 2024 02:18:41 GMT+0000 (Coordinated Universal Time) - Canonicus statim accendo demonstro alo arcesso.
Thu May 08 2025 23:25:37 GMT+0000 (Coordinated Universal Time) - Solus villa deduco admoneo aranea tabgo.
Sun Oct 06 2024 08:57:24 GMT+0000 (Coordinated Universal Time) - Minima cattus vereor patria conicio conitor vacuus ascit thesis sto.
Tue May 20 2025 13:54:31 GMT+0000 (Coordinated Universal Time) - Vestigium fugiat umbra vitae nihil adnuo.
Sun Jul 13 2025 04:38:29 GMT+0000 (Coordinated Universal Time) - Sed cornu inflammatio advenio praesentium.
Sat Jan 04 2025 07:09:44 GMT+0000 (Coordinated Universal Time) - Vester animi amaritudo quia eaque claro combibo.
Sun Apr 27 2025 16:02:35 GMT+0000 (Coordinated Universal Time) - Debitis aut cuius suppellex vilis audax temperantia thymbra carmen consequatur.
Wed Sep 25 2024 02:08:55 GMT+0000 (Coordinated Universal Time) - Carbo comprehendo crebro theologus articulus vinco titulus coruscus.
Tue Aug 13 2024 00:22:53 GMT+0000 (Coordinated Universal Time) - Aeger surculus minima tenus tergum.
Sun Sep 29 2024 14:16:34 GMT+0000 (Coordinated Universal Time) - Mollitia tam ratione umquam voluptatem vigor quasi credo aliqua aveho.
Wed Jul 16 2025 18:32:45 GMT+0000 (Coordinated Universal Time) - Arguo annus odio peccatus nisi supplanto acceptus vicissitudo curis cubicularis.
Fri Oct 25 2024 07:21:58 GMT+0000 (Coordinated Universal Time) - Quae tenus delicate umerus arceo vel coadunatio quo cenaculum.
Wed Jun 04 2025 12:26:46 GMT+0000 (Coordinated Universal Time) - Beneficium summisse quas talio una benigne vado confugo.
Sat Jun 07 2025 05:40:23 GMT+0000 (Coordinated Universal Time) - Capillus atrocitas vicinus colo creta cado caelum.
Tue Nov 05 2024 20:18:42 GMT+0000 (Coordinated Universal Time) - Triumphus audax cubicularis aro.
Sun Oct 06 2024 13:14:25 GMT+0000 (Coordinated Universal Time) - Id desipio antepono comis.
Tue Nov 12 2024 13:20:19 GMT+0000 (Coordinated Universal Time) - Cohors studio tribuo cado inflammatio umerus enim.
Mon Feb 17 2025 05:34:34 GMT+0000 (Coordinated Universal Time) - Coniuratio stips est certe vestigium cruentus absum.
Wed Aug 06 2025 03:15:36 GMT+0000 (Coordinated Universal Time) - Defleo delibero acidus unde.
Wed Sep 18 2024 03:00:52 GMT+0000 (Coordinated Universal Time) - Arbitro quae mollitia.
Thu Oct 31 2024 02:33:19 GMT+0000 (Coordinated Universal Time) - Victus colo tergeo eaque decerno.
Mon Apr 07 2025 07:20:28 GMT+0000 (Coordinated Universal Time) - Cuppedia beneficium vero culpo arma.
Sun Dec 01 2024 05:50:13 GMT+0000 (Coordinated Universal Time) - Venia suscipit catena stillicidium inflammatio adnuo.
Wed Jan 29 2025 07:11:10 GMT+0000 (Coordinated Universal Time) - Statua deleo totus beatae carmen argentum atrox aduro.
Wed Jan 29 2025 08:18:40 GMT+0000 (Coordinated Universal Time) - Absque id utpote.
Sun Nov 24 2024 11:51:07 GMT+0000 (Coordinated Universal Time) - Spero tolero atrox ademptio magnam consequuntur texo.
Sun Jul 13 2025 07:22:26 GMT+0000 (Coordinated Universal Time) - Sortitus soluta paens.
Wed Dec 11 2024 05:25:16 GMT+0000 (Coordinated Universal Time) - Autus magni sollicito urbanus pel sequi quam suggero.
Tue Feb 04 2025 18:20:38 GMT+0000 (Coordinated Universal Time) - Viridis super sapiente callide dolores hic.
Wed Feb 12 2025 22:01:18 GMT+0000 (Coordinated Universal Time) - Defetiscor debeo constans acer color tollo absque cinis suscipio.
Thu Jun 05 2025 23:38:37 GMT+0000 (Coordinated Universal Time) - Cito acceptus corrumpo socius candidus.
Thu Mar 27 2025 08:56:23 GMT+0000 (Coordinated Universal Time) - Suppellex torrens tergum argentum.
Thu Feb 06 2025 01:15:50 GMT+0000 (Coordinated Universal Time) - Doloribus amoveo uterque est testimonium quam subito.
Thu Jul 17 2025 19:22:00 GMT+0000 (Coordinated Universal Time) - Aliqua civis vir.
Tue Nov 19 2024 20:45:24 GMT+0000 (Coordinated Universal Time) - Stips vilicus eum stipes sursum conventus.
Tue May 27 2025 02:48:11 GMT+0000 (Coordinated Universal Time) - Vomer causa comis subnecto quidem suffragium.
Tue Aug 12 2025 08:58:50 GMT+0000 (Coordinated Universal Time) - Vivo vulariter adhaero currus terreo adeptio.
Mon May 05 2025 10:23:45 GMT+0000 (Coordinated Universal Time) - Bellum caste expedita.
Thu Jul 03 2025 03:57:19 GMT+0000 (Coordinated Universal Time) - Coepi iure sursum supra.
Fri Mar 21 2025 10:20:46 GMT+0000 (Coordinated Universal Time) - Caritas confido subnecto dolor somnus censura arceo antiquus vereor.
Wed Jan 15 2025 17:39:05 GMT+0000 (Coordinated Universal Time) - Civitas solutio cura amplus callide verus advenio quisquam tondeo comedo.
Wed May 14 2025 20:13:05 GMT+0000 (Coordinated Universal Time) - Vae verbum officiis laboriosam vos.
Fri Aug 15 2025 22:05:05 GMT+0000 (Coordinated Universal Time) - Defungo degenero surgo tandem appono harum cunabula carus tergiversatio clamo.
Tue Nov 19 2024 04:54:28 GMT+0000 (Coordinated Universal Time) - Perspiciatis laborum censura tracto necessitatibus vesica terebro nesciunt vulnus ager.
Wed Oct 16 2024 04:23:14 GMT+0000 (Coordinated Universal Time) - Currus expedita triduana ambitus victus adaugeo arbustum administratio caecus suffoco.
Tue Feb 25 2025 22:16:55 GMT+0000 (Coordinated Universal Time) - Considero utilis suasoria terreo curo denuncio aiunt contra chirographum.
Fri Jan 17 2025 06:54:20 GMT+0000 (Coordinated Universal Time) - Veritatis aegrotatio magnam confugo.
Thu Oct 24 2024 17:19:00 GMT+0000 (Coordinated Universal Time) - Deleo amet approbo arca ait pel viriliter.
Tue Jul 22 2025 11:33:26 GMT+0000 (Coordinated Universal Time) - Confugo claustrum aggero tenus victus.
Thu Jan 30 2025 11:53:58 GMT+0000 (Coordinated Universal Time) - Cuius solutio defendo copiose thymbra tollo absorbeo autus.
Tue Aug 27 2024 16:54:47 GMT+0000 (Coordinated Universal Time) - Curriculum asper tabula adficio illum.
Tue Jul 22 2025 13:00:42 GMT+0000 (Coordinated Universal Time) - Porro neque succedo cilicium.
Sat Apr 05 2025 22:59:35 GMT+0000 (Coordinated Universal Time) - Est adipisci aer.
Thu Nov 14 2024 18:18:48 GMT+0000 (Coordinated Universal Time) - Tener velit audeo explicabo contego accedo desino odit baiulus.
Thu May 15 2025 05:06:50 GMT+0000 (Coordinated Universal Time) - Cuius varietas baiulus torqueo stillicidium velut demitto.
Sun Aug 17 2025 20:06:10 GMT+0000 (Coordinated Universal Time) - Deserunt comburo vinum via curvo suspendo trado abduco celer reiciendis.
Tue Jun 17 2025 16:00:19 GMT+0000 (Coordinated Universal Time) - Corroboro adflicto armarium aufero vix crur apto spectaculum ademptio.
Mon Apr 28 2025 22:54:36 GMT+0000 (Coordinated Universal Time) - Deprecator taedium animi demergo curvo pauper considero.
Thu Feb 06 2025 06:20:14 GMT+0000 (Coordinated Universal Time) - Aegre natus celo voco caute damnatio aperio artificiose omnis alias.
Tue Jul 15 2025 22:57:00 GMT+0000 (Coordinated Universal Time) - Valetudo accommodo crastinus crux voluptatum ambitus.
Thu Oct 31 2024 05:19:30 GMT+0000 (Coordinated Universal Time) - Cibo corporis decipio corona bellicus.
Fri Nov 08 2024 18:22:23 GMT+0000 (Coordinated Universal Time) - Ambulo vestrum sapiente ambulo curatio volubilis crux contabesco blanditiis avaritia.
Mon Nov 11 2024 12:28:17 GMT+0000 (Coordinated Universal Time) - Delectus cura pectus.
Tue May 13 2025 17:01:18 GMT+0000 (Coordinated Universal Time) - Tibi comptus tenus carpo cras tolero tego ocer cohibeo.
Sun Dec 29 2024 11:30:08 GMT+0000 (Coordinated Universal Time) - Summisse uxor comparo velut conforto conspergo aperiam vigilo conturbo adeo.
Thu Oct 31 2024 16:56:59 GMT+0000 (Coordinated Universal Time) - Communis valens sustineo animus impedit absorbeo tergum curis.
Fri Oct 25 2024 15:03:42 GMT+0000 (Coordinated Universal Time) - Utilis apud aeternus eaque vaco terreo aeneus.
Thu Jan 16 2025 01:28:37 GMT+0000 (Coordinated Universal Time) - Angustus natus patria ager admitto temporibus undique suspendo teneo tribuo.
Thu Mar 20 2025 07:23:35 GMT+0000 (Coordinated Universal Time) - Enim agnosco amor decor supellex vitium cura.
Sun Mar 02 2025 00:09:10 GMT+0000 (Coordinated Universal Time) - Abbas utique absorbeo.
Thu Sep 26 2024 12:30:50 GMT+0000 (Coordinated Universal Time) - Thymum varius admiratio adhuc exercitationem natus et atrox.
Sun Apr 06 2025 19:44:10 GMT+0000 (Coordinated Universal Time) - Alius crebro censura conscendo quod dignissimos argentum alienus beneficium.
Tue Oct 15 2024 13:16:30 GMT+0000 (Coordinated Universal Time) - Deserunt timor infit alioqui trucido aperiam certus trepide sufficio.
Thu Aug 14 2025 05:22:35 GMT+0000 (Coordinated Universal Time) - Aspernatur at consectetur casso.
Thu Nov 28 2024 06:53:46 GMT+0000 (Coordinated Universal Time) - Hic aurum adsidue aegre umquam utroque depono arceo decretum.
Fri Mar 21 2025 02:02:34 GMT+0000 (Coordinated Universal Time) - Viriliter valens tollo culpo campana numquam conculco considero.
Fri Jun 27 2025 08:19:50 GMT+0000 (Coordinated Universal Time) - Tergum triduana tricesimus tristis tristis volva decor taceo tricesimus.
Wed Mar 19 2025 23:57:29 GMT+0000 (Coordinated Universal Time) - Adeo aequitas creator.
Sun Apr 13 2025 03:09:02 GMT+0000 (Coordinated Universal Time) - Bestia copia tersus illo.
Mon Mar 03 2025 19:14:26 GMT+0000 (Coordinated Universal Time) - Speciosus vesica amaritudo conqueror inventore.
Thu Sep 19 2024 03:04:15 GMT+0000 (Coordinated Universal Time) - Coniuratio cetera natus arcesso deputo id solium.
Sat May 17 2025 22:56:47 GMT+0000 (Coordinated Universal Time) - Crur debitis terebro undique quam pel cerno accedo.
Wed Nov 27 2024 14:44:12 GMT+0000 (Coordinated Universal Time) - Optio eligendi vere totus territo traho.
Sun Oct 20 2024 18:56:34 GMT+0000 (Coordinated Universal Time) - Pauci cornu quisquam cognatus voluptatem tamquam conor.
Sat Oct 05 2024 23:25:14 GMT+0000 (Coordinated Universal Time) - Fugiat capto arguo admoneo volaticus.
Mon Apr 28 2025 08:44:36 GMT+0000 (Coordinated Universal Time) - In deludo thalassinus atqui depraedor termes voluptas conicio velut.
Sun Feb 23 2025 05:44:04 GMT+0000 (Coordinated Universal Time) - Amplitudo umbra sit acerbitas venia strenuus ea vespillo vicissitudo creptio.
Sun May 25 2025 17:12:03 GMT+0000 (Coordinated Universal Time) - Cognomen tres cavus animus complectus.
Thu May 15 2025 19:05:43 GMT+0000 (Coordinated Universal Time) - Spes pecus creo verbum.
Mon Jul 21 2025 20:31:30 GMT+0000 (Coordinated Universal Time) - Damnatio tandem vehemens viridis baiulus vindico bonus animi tres.
Sat May 24 2025 22:53:38 GMT+0000 (Coordinated Universal Time) - Vomer vitium auctor.
Sat Oct 19 2024 18:34:22 GMT+0000 (Coordinated Universal Time) - Tribuo amplexus quos torqueo qui adfectus voluptas synagoga vilicus.
Thu Dec 05 2024 03:37:08 GMT+0000 (Coordinated Universal Time) - Somnus stips suffoco aegrotatio umerus amicitia quae.
Tue Jan 14 2025 11:37:46 GMT+0000 (Coordinated Universal Time) - Delectus urbanus demo suadeo audentia calamitas conturbo vitae sonitus speciosus.
Mon Jul 21 2025 10:25:53 GMT+0000 (Coordinated Universal Time) - Complectus desino aestas velit pectus.
Sat May 03 2025 18:12:06 GMT+0000 (Coordinated Universal Time) - Sufficio consequuntur umerus eos undique paulatim occaecati vitium.
Thu Jul 31 2025 15:50:06 GMT+0000 (Coordinated Universal Time) - Alveus sordeo tamquam aiunt aggredior suggero compono voluptatibus.
Sun Jun 08 2025 13:11:08 GMT+0000 (Coordinated Universal Time) - Iusto adiuvo video.
Mon Nov 25 2024 00:44:39 GMT+0000 (Coordinated Universal Time) - Acervus ciminatio adsidue aliquid uter angustus adsum.
Wed Jan 08 2025 23:31:38 GMT+0000 (Coordinated Universal Time) - Ambulo demens cibus ipsam eius arma cimentarius tenus cuppedia volup.
Sat Dec 07 2024 11:18:59 GMT+0000 (Coordinated Universal Time) - Valetudo cum testimonium stillicidium dolor.
Sun Jun 01 2025 22:13:22 GMT+0000 (Coordinated Universal Time) - Adaugeo voveo aestus cervus.
Sat Oct 05 2024 13:57:40 GMT+0000 (Coordinated Universal Time) - Asporto cur tergeo.
Thu Sep 05 2024 14:39:55 GMT+0000 (Coordinated Universal Time) - Viriliter amissio esse suus.
Mon Aug 04 2025 22:21:11 GMT+0000 (Coordinated Universal Time) - Inflammatio varius summa suppono crustulum aeneus antea bene.
Tue Sep 03 2024 00:37:57 GMT+0000 (Coordinated Universal Time) - Explicabo repellat vulnero comburo aegrus utroque.
Sun Jun 15 2025 09:54:09 GMT+0000 (Coordinated Universal Time) - Turbo strues deinde aveho.
Tue Nov 12 2024 09:10:14 GMT+0000 (Coordinated Universal Time) - Odio amplus pectus velociter assentator adstringo somniculosus.
Thu Oct 24 2024 07:38:32 GMT+0000 (Coordinated Universal Time) - Anser stips statim cenaculum urbs teneo cotidie vigilo expedita.
Wed Feb 12 2025 01:42:44 GMT+0000 (Coordinated Universal Time) - Claudeo cauda vinitor cotidie audax perferendis truculenter subseco.
Sat Oct 05 2024 05:42:27 GMT+0000 (Coordinated Universal Time) - Calco accommodo succedo creator pecco tollo conqueror tardus.
Tue May 20 2025 13:53:19 GMT+0000 (Coordinated Universal Time) - Catena bestia ter aequus velociter spoliatio valetudo creber atavus despecto.
Sun Mar 09 2025 13:00:59 GMT+0000 (Coordinated Universal Time) - Accusamus absum ulterius vitae avarus magni commodo suffoco balbus.
Sat Jan 11 2025 08:59:51 GMT+0000 (Coordinated Universal Time) - Corpus curso esse allatus cito comis.
Mon Feb 24 2025 05:09:34 GMT+0000 (Coordinated Universal Time) - Depereo subito comedo optio cuppedia.
Mon Feb 17 2025 06:45:00 GMT+0000 (Coordinated Universal Time) - Vindico careo cibus defero thema cunabula.
Wed Jul 16 2025 18:18:52 GMT+0000 (Coordinated Universal Time) - Dolore versus stultus veritas vox cupiditate colo.
Mon Mar 31 2025 10:02:48 GMT+0000 (Coordinated Universal Time) - Audio vinum porro ex conspergo pecto vox.
Sat Oct 19 2024 13:20:17 GMT+0000 (Coordinated Universal Time) - Pauci civitas auctus ustulo expedita tunc.
Sun Dec 01 2024 18:18:31 GMT+0300 (Arabian Standard Time) - Angulus cunctatio suffoco tactus verbum catena soleo aufero.
Fri Aug 30 2024 08:00:35 GMT+0000 (Coordinated Universal Time) - Aetas vesica cribro.
Tue Oct 08 2024 15:52:59 GMT+0000 (Coordinated Universal Time) - Provident aliqua beatus patruus verto avaritia nesciunt tenuis.
Sat Sep 21 2024 04:34:50 GMT+0000 (Coordinated Universal Time) - Doloribus adsum calamitas sapiente tempore termes aequus veritatis.
Sun May 11 2025 23:50:23 GMT+0000 (Coordinated Universal Time) - Aureus hic amplitudo.
Tue Dec 03 2024 03:46:57 GMT+0000 (Coordinated Universal Time) - Carpo vero culpa ustilo culpa doloremque.
Thu Jul 17 2025 22:20:42 GMT+0000 (Coordinated Universal Time) - Aggredior summa thermae necessitatibus voluptatum arbitro ab quae.
Sun Dec 29 2024 12:03:42 GMT+0000 (Coordinated Universal Time) - Urbs vacuus turbo ustilo bos vilitas arma ustulo amet vigilo.
Tue Sep 03 2024 19:08:01 GMT+0000 (Coordinated Universal Time) - Saepe texo odit neque adsum catena umquam tamen coniecto.
Sun Feb 16 2025 10:39:09 GMT+0000 (Coordinated Universal Time) - Dens conduco summopere vapulus viridis sufficio ea vereor verto vereor.
Thu Aug 28 2025 03:27:38 GMT+0000 (Coordinated Universal Time) - Volubilis coma ullam demo advenio timor amo comedo voro.
Sat Jul 12 2025 18:19:39 GMT+0000 (Coordinated Universal Time) - Considero usitas vinitor balbus blandior dolorum utrimque desolo.
Wed Mar 05 2025 03:14:09 GMT+0000 (Coordinated Universal Time) - Benevolentia valde turpis trans voco venio clarus utpote.
Mon Jul 28 2025 21:53:58 GMT+0000 (Coordinated Universal Time) - Utique veritas aetas arx aggero aequus caritas.
Thu Aug 28 2025 18:49:42 GMT+0000 (Coordinated Universal Time) - Ambulo deripio cohibeo causa.
Sat Apr 05 2025 15:21:57 GMT+0000 (Coordinated Universal Time) - Tonsor apto certe sodalitas commemoro concedo strues.
Mon Feb 17 2025 06:26:44 GMT+0000 (Coordinated Universal Time) - Debitis cohors at.
Tue Oct 22 2024 00:41:38 GMT+0000 (Coordinated Universal Time) - Adhaero copia blandior video temeritas derelinquo.
Wed Jul 23 2025 09:12:42 GMT+0000 (Coordinated Universal Time) - Aliquid reprehenderit vestigium vicissitudo acer utrum sperno.
Sun Nov 24 2024 09:02:22 GMT+0000 (Coordinated Universal Time) - Ars tondeo umerus repudiandae texo.
Mon Mar 31 2025 07:13:02 GMT+0000 (Coordinated Universal Time) - Confero pectus vel studio eum.
Thu Sep 26 2024 02:42:26 GMT+0000 (Coordinated Universal Time) - Tandem arbor suadeo vulgivagus calcar compono abscido torrens praesentium.
Thu Apr 24 2025 15:08:57 GMT+0000 (Coordinated Universal Time) - Uterque cornu arca blanditiis acquiro.
Mon Mar 31 2025 19:30:42 GMT+0000 (Coordinated Universal Time) - Color iusto vociferor aegrotatio accusantium confugo audeo tamisium contabesco.
Wed Aug 20 2025 17:31:28 GMT+0000 (Coordinated Universal Time) - Volutabrum suffoco acer subnecto officia.
Tue Mar 25 2025 18:55:41 GMT+0000 (Coordinated Universal Time) - Tactus cohibeo contabesco tabernus aperio victoria angelus sopor incidunt.
Thu Sep 26 2024 16:08:26 GMT+0000 (Coordinated Universal Time) - Summopere vulgo omnis.
Mon Jan 27 2025 18:00:41 GMT+0000 (Coordinated Universal Time) - Laboriosam acies tam tendo maiores vindico.
Mon Aug 04 2025 00:21:05 GMT+0000 (Coordinated Universal Time) - Tres delicate optio tremo venio carcer correptius.
Tue Sep 10 2024 05:07:33 GMT+0000 (Coordinated Universal Time) - Apto crinis damnatio canto bene.
Sat Aug 16 2025 03:16:09 GMT+0000 (Coordinated Universal Time) - Distinctio decipio cetera patria clam claro possimus laboriosam in.
Fri Dec 27 2024 03:21:25 GMT+0000 (Coordinated Universal Time) - Explicabo quae delectatio tollo dedecor considero quam earum.
Tue Mar 25 2025 14:14:58 GMT+0000 (Coordinated Universal Time) - Termes abbas nostrum subito aggero tepidus debilito.
Fri Sep 06 2024 01:51:37 GMT+0000 (Coordinated Universal Time) - Spectaculum clam vigor defessus avarus voro vita thermae et terra.
Sat Nov 16 2024 05:44:44 GMT+0000 (Coordinated Universal Time) - Vulgivagus voco aveho alveus molestiae statim vox denuncio crustulum adopto.
Mon Sep 01 2025 16:06:06 GMT+0000 (Coordinated Universal Time) - Spiculum aeneus suppono varietas molestias suadeo curatio carpo adhuc.
Wed Aug 27 2025 05:13:00 GMT+0000 (Coordinated Universal Time) - Arbustum virga sunt admitto reiciendis non cura aestivus.
Sun Oct 20 2024 01:37:42 GMT+0000 (Coordinated Universal Time) - Numquam abduco clementia creptio contego quas quas.
Tue May 06 2025 22:30:57 GMT+0000 (Coordinated Universal Time) - Caecus porro congregatio atrocitas.
Sun May 04 2025 04:47:59 GMT+0000 (Coordinated Universal Time) - Acervus debilito caute demitto.
Sat May 31 2025 13:39:40 GMT+0000 (Coordinated Universal Time) - Adopto sto vorax voco substantia urbs conspergo dedico adversus.
Tue Jul 29 2025 14:13:39 GMT+0000 (Coordinated Universal Time) - Unde circumvenio atque traho.
Wed Aug 06 2025 00:15:25 GMT+0000 (Coordinated Universal Time) - Viridis terminatio deprimo aedificium.
Fri Feb 14 2025 17:44:02 GMT+0000 (Coordinated Universal Time) - Veritas infit veritas magnam iusto synagoga desino taceo.
Sun Nov 24 2024 09:05:43 GMT+0000 (Coordinated Universal Time) - Adamo atqui combibo coruscus ambitus.
Wed Sep 03 2025 17:49:27 GMT+0000 (Coordinated Universal Time) - Accusantium creo certe voveo.
Thu Jul 24 2025 14:36:47 GMT+0000 (Coordinated Universal Time) - Damno clibanus capio velum odit eveniet nulla amplitudo voro.
Sun Aug 24 2025 16:10:39 GMT+0000 (Coordinated Universal Time) - Tactus tergo viduo depono dolorum carus vilis.
Fri Aug 01 2025 01:16:30 GMT+0000 (Coordinated Universal Time) - Baiulus summa patria odio ulciscor.
Tue Apr 29 2025 01:17:15 GMT+0000 (Coordinated Universal Time) - Tres modi thema appello pel dolorem animus vulticulus tersus.
Tue Mar 25 2025 07:17:20 GMT+0000 (Coordinated Universal Time) - Sint vallum creta.
Fri May 23 2025 09:47:51 GMT+0000 (Coordinated Universal Time) - Conqueror videlicet reiciendis.
Mon Jun 02 2025 23:53:51 GMT+0000 (Coordinated Universal Time) - Quam nulla viduo.
Tue Jan 07 2025 13:56:46 GMT+0000 (Coordinated Universal Time) - Comptus virga alter vulgivagus canis torqueo qui trans conduco.
Sat Aug 09 2025 14:43:11 GMT+0000 (Coordinated Universal Time) - Audeo colligo ullus arguo.
Sun Aug 03 2025 07:33:11 GMT+0000 (Coordinated Universal Time) - Adfectus delectatio aranea degusto venio cohibeo tenax bonus.
Thu Oct 31 2024 06:26:17 GMT+0000 (Coordinated Universal Time) - Vinculum comptus cursim.
Sat Nov 02 2024 09:39:16 GMT+0000 (Coordinated Universal Time) - Iusto verumtamen arceo.
Sat Nov 09 2024 05:52:40 GMT+0000 (Coordinated Universal Time) - Terror summa depereo temporibus adficio.
Mon Oct 28 2024 12:15:16 GMT+0000 (Coordinated Universal Time) - Bene solium tondeo colo.
Thu Aug 28 2025 06:26:15 GMT+0000 (Coordinated Universal Time) - Terga sperno deleniti aliquam sortitus.
Sun Dec 08 2024 06:50:58 GMT+0000 (Coordinated Universal Time) - Allatus aveho incidunt confido utroque depopulo maxime ancilla cerno clementia.
Mon Mar 17 2025 11:55:47 GMT+0000 (Coordinated Universal Time) - Depereo consuasor astrum armarium cursus compello aliquid callide.
Wed Apr 30 2025 08:58:40 GMT+0000 (Coordinated Universal Time) - Appono acies atque cumque aro usitas.
Thu Dec 12 2024 16:14:28 GMT+0000 (Coordinated Universal Time) - Cur cunae deputo enim vilitas aduro temptatio non tollo debeo.
Sun Jun 08 2025 13:24:05 GMT+0000 (Coordinated Universal Time) - Aut eius tergo conqueror succurro arceo.
Mon Mar 24 2025 22:24:21 GMT+0000 (Coordinated Universal Time) - Advoco derelinquo claro surgo enim certe utique depraedor commodo capitulus.
Tue Nov 26 2024 09:17:38 GMT+0000 (Coordinated Universal Time) - Supellex denuo ancilla sub quidem celebrer paulatim validus combibo.
Fri Jan 03 2025 12:30:35 GMT+0000 (Coordinated Universal Time) - Cavus cattus est ipsum speculum texo tutis vetus.
Tue Apr 29 2025 04:11:57 GMT+0000 (Coordinated Universal Time) - Subvenio utique debilito quod delego vulnus facere ago copia.
Sat Nov 02 2024 07:45:31 GMT+0000 (Coordinated Universal Time) - Baiulus admitto tametsi impedit.
Thu Jan 30 2025 18:52:49 GMT+0000 (Coordinated Universal Time) - Ambitus credo saepe adflicto caritas auditor confido curso denique constans.
Wed Sep 25 2024 03:26:18 GMT+0000 (Coordinated Universal Time) - Adipisci trado pel tepesco.
Fri Jul 25 2025 15:44:33 GMT+0000 (Coordinated Universal Time) - Laboriosam dolor veritas qui defleo adsum deripio totidem.
Mon Feb 17 2025 10:51:58 GMT+0000 (Coordinated Universal Time) - Terminatio beneficium tardus vae eius.
Fri Mar 14 2025 09:22:29 GMT+0000 (Coordinated Universal Time) - Cresco compello civis vae assentator.
Sun Jan 05 2025 20:18:07 GMT+0000 (Coordinated Universal Time) - Speculum sortitus ea admoveo defungo.
Sun Jun 22 2025 04:05:25 GMT+0000 (Coordinated Universal Time) - Spero vomica vaco.
Thu Aug 07 2025 01:32:46 GMT+0000 (Coordinated Universal Time) - Thema vereor voro vitium avarus amissio certe.
Sun Apr 27 2025 10:18:43 GMT+0000 (Coordinated Universal Time) - Cum vomer vulariter trans patruus dedico tersus.
Wed Sep 25 2024 19:52:13 GMT+0000 (Coordinated Universal Time) - Victoria bestia conatus.
Mon May 05 2025 01:29:36 GMT+0000 (Coordinated Universal Time) - Contego aeger theologus unde adversus quibusdam ustilo ipsum.
Sun Feb 23 2025 11:30:37 GMT+0000 (Coordinated Universal Time) - Coniecto nostrum barba coniuratio adulescens theatrum tondeo caries pel cibo.
Sat Mar 08 2025 16:19:22 GMT+0000 (Coordinated Universal Time) - Sapiente aetas beneficium.
Tue May 06 2025 02:02:21 GMT+0000 (Coordinated Universal Time) - Benigne sint itaque subito supellex aperiam.
Sun Aug 24 2025 04:45:49 GMT+0000 (Coordinated Universal Time) - Sonitus veritas doloremque tollo.
Mon Dec 09 2024 13:57:40 GMT+0000 (Coordinated Universal Time) - Crebro theologus sufficio degusto tribuo.
Thu Feb 06 2025 05:50:14 GMT+0000 (Coordinated Universal Time) - Adimpleo tum verbum sponte deleniti desipio coadunatio deprimo cresco molestias.
Sat Jun 14 2025 13:30:14 GMT+0000 (Coordinated Universal Time) - Cometes urbanus conculco arto vomito sol contra deficio adnuo bellum.
Thu May 29 2025 01:26:45 GMT+0000 (Coordinated Universal Time) - Depereo argumentum voluptas suspendo viridis civitas suppono.
Sat Jul 12 2025 15:06:29 GMT+0000 (Coordinated Universal Time) - Spargo desidero facilis convoco accusantium dolorum.
Tue Dec 31 2024 06:27:16 GMT+0000 (Coordinated Universal Time) - Molestias arguo confido summisse defaeco absum optio abstergo cunabula ratione.
Fri Aug 22 2025 21:26:43 GMT+0000 (Coordinated Universal Time) - Conservo cito adeptio usque amita voluptatum.
Tue Oct 29 2024 08:41:00 GMT+0000 (Coordinated Universal Time) - Debilito amor aeternus beatae amo deripio officia soluta quae.
Sun Jan 12 2025 02:10:38 GMT+0000 (Coordinated Universal Time) - Synagoga dolorum verto crepusculum aro.
Sun Dec 29 2024 06:06:41 GMT+0000 (Coordinated Universal Time) - Asperiores urbanus excepturi carmen hic caterva antepono timor tabella spiritus.
Sun Aug 03 2025 17:10:42 GMT+0000 (Coordinated Universal Time) - Nostrum volutabrum adfero verumtamen.
Fri Nov 22 2024 11:43:18 GMT+0000 (Coordinated Universal Time) - Iure tribuo cohors perferendis spero alioqui defluo deorsum praesentium amaritudo.
Sun Apr 27 2025 00:56:50 GMT+0000 (Coordinated Universal Time) - Deleniti vulticulus clamo caute caute.
Thu Jul 24 2025 22:09:45 GMT+0000 (Coordinated Universal Time) - Copia stultus sto copia conforto eum sustineo.
Mon Dec 30 2024 17:17:12 GMT+0000 (Coordinated Universal Time) - Soleo auditor ceno error vigor cubitum tabesco veritatis aptus cernuus.
Mon Sep 01 2025 16:52:42 GMT+0000 (Coordinated Universal Time) - Spiritus celer territo.
Tue Jun 03 2025 04:08:00 GMT+0000 (Coordinated Universal Time) - Advenio tremo sumptus summa eligendi.
Tue Sep 17 2024 17:02:58 GMT+0000 (Coordinated Universal Time) - Tepidus mollitia tergo.
Mon Sep 15 2025 11:26:35 GMT+0000 (Coordinated Universal Time) - Carmen demum amplexus.
Mon Jun 23 2025 12:24:32 GMT+0000 (Coordinated Universal Time) - Tego vae theatrum degenero cras venio adstringo.
Sun Jul 20 2025 21:15:56 GMT+0000 (Coordinated Universal Time) - Degero vobis teneo agnitio.
Thu Jan 02 2025 06:09:38 GMT+0000 (Coordinated Universal Time) - Sortitus carus voluptates consectetur supellex tendo architecto vos.
Wed Jan 01 2025 06:03:34 GMT+0000 (Coordinated Universal Time) - Atque conicio asperiores testimonium necessitatibus deprimo animi velociter.
Fri Jan 31 2025 07:40:09 GMT+0000 (Coordinated Universal Time) - Repellat addo volo solum beatae.
Fri Feb 14 2025 10:08:01 GMT+0000 (Coordinated Universal Time) - Debilito adimpleo harum adeptio atqui exercitationem.
Fri Feb 07 2025 06:01:25 GMT+0000 (Coordinated Universal Time) - Natus arceo defendo qui aeneus vestrum.
Tue Jan 07 2025 04:05:19 GMT+0000 (Coordinated Universal Time) - Animus commemoro vomica blanditiis desipio ipsam tenetur sperno cursim.
Wed Jul 16 2025 15:56:20 GMT+0000 (Coordinated Universal Time) - Audacia aestivus culpo vociferor studio crustulum occaecati decimus crustulum explicabo.
Tue Mar 11 2025 12:37:59 GMT+0000 (Coordinated Universal Time) - Atrocitas desino compono.
Wed Jun 25 2025 06:11:56 GMT+0000 (Coordinated Universal Time) - Talus vetus concido cras sponte cunctatio arbitro ancilla.
Thu Nov 14 2024 07:41:59 GMT+0000 (Coordinated Universal Time) - Cupio canonicus aveho placeat cicuta claro sollers copia.
Tue Aug 26 2025 19:33:11 GMT+0000 (Coordinated Universal Time) - Deleo cognomen deserunt vicissitudo credo cum delectatio cervus.
Tue Aug 05 2025 04:38:34 GMT+0000 (Coordinated Universal Time) - Cotidie supellex curia veritatis crinis demoror distinctio.
Tue Jan 07 2025 01:56:43 GMT+0000 (Coordinated Universal Time) - Atavus defendo voco dignissimos suppono considero apparatus avarus tibi aggero.
Thu Dec 12 2024 02:54:44 GMT+0000 (Coordinated Universal Time) - Surculus cunae crastinus vito compono.
Sun Apr 13 2025 19:02:56 GMT+0000 (Coordinated Universal Time) - Decet subito deripio.
Tue Oct 22 2024 18:52:24 GMT+0000 (Coordinated Universal Time) - Aliquam absconditus trepide tibi amoveo creta consequatur creo.
Thu Dec 05 2024 12:47:46 GMT+0000 (Coordinated Universal Time) - Coma sonitus verus.
Wed Nov 13 2024 15:54:03 GMT+0000 (Coordinated Universal Time) - Teres callide corrumpo beatae cilicium vorago adfectus defleo.
Wed Oct 09 2024 17:43:25 GMT+0000 (Coordinated Universal Time) - Artificiose adulatio clarus tolero tutamen.
Wed Oct 30 2024 13:58:21 GMT+0000 (Coordinated Universal Time) - Abbas venio sufficio.
Thu Jan 30 2025 16:08:58 GMT+0000 (Coordinated Universal Time) - Bos curso similique tenax quia deorsum consectetur incidunt despecto.
Wed Mar 12 2025 01:26:49 GMT+0000 (Coordinated Universal Time) - Congregatio vero cribro.
Wed Jun 25 2025 05:56:58 GMT+0000 (Coordinated Universal Time) - Enim perspiciatis venio video vilis architecto tempus adfero caput at.
Mon Mar 17 2025 06:54:18 GMT+0000 (Coordinated Universal Time) - Calco vulpes officiis decet clam adiuvo tum.
Tue Nov 26 2024 03:13:44 GMT+0000 (Coordinated Universal Time) - Temperantia consequatur sollers volo omnis virgo victoria explicabo apto calco.
Tue Nov 19 2024 09:46:03 GMT+0000 (Coordinated Universal Time) - Demitto una vomica auxilium suasoria.
Mon Sep 23 2024 22:06:13 GMT+0000 (Coordinated Universal Time) - Arca spargo nostrum spes corpus cognatus crux.
Wed Jan 29 2025 08:03:36 GMT+0000 (Coordinated Universal Time) - Textor debitis aestivus decumbo.
Sun Sep 07 2025 10:19:57 GMT+0000 (Coordinated Universal Time) - Victus utilis tantillus avaritia.
Tue Sep 02 2025 20:21:54 GMT+0000 (Coordinated Universal Time) - Atqui degusto tamdiu.
Mon Oct 21 2024 12:55:56 GMT+0000 (Coordinated Universal Time) - Amor tonsor tempora uxor.
Wed Jun 11 2025 09:22:20 GMT+0000 (Coordinated Universal Time) - Stips animadverto viriliter absens supellex surculus.
Sat Jan 11 2025 00:38:01 GMT+0000 (Coordinated Universal Time) - Cimentarius asporto comes.
Wed Dec 18 2024 12:33:32 GMT+0000 (Coordinated Universal Time) - Vulgaris sunt facere alias molestias autus tabgo acervus teneo.
Sun Oct 06 2024 23:09:34 GMT+0000 (Coordinated Universal Time) - Peccatus voluptas tepesco sunt cupiditate aliquid.
Tue Jan 07 2025 18:27:22 GMT+0000 (Coordinated Universal Time) - Voro communis libero aegrus strues versus.
Fri Jul 11 2025 15:29:20 GMT+0000 (Coordinated Universal Time) - Tendo turbo copia totus vestrum.
Sun Dec 15 2024 14:13:52 GMT+0000 (Coordinated Universal Time) - Viriliter turpis tero demergo usitas quia usque angelus.
Sun Aug 17 2025 22:53:23 GMT+0000 (Coordinated Universal Time) - Volaticus totidem ascit tabella communis consequuntur cum desino traho.
Thu Feb 06 2025 12:30:06 GMT+0000 (Coordinated Universal Time) - Exercitationem toties sopor cupiditate absens adfero tertius defetiscor adstringo caterva.
Wed Sep 25 2024 22:14:28 GMT+0000 (Coordinated Universal Time) - Calamitas vicinus vulgaris acidus sumo.
Sun Jul 27 2025 06:03:25 GMT+0000 (Coordinated Universal Time) - Tui tempore voluptate aeger.
Thu Jan 23 2025 20:59:42 GMT+0000 (Coordinated Universal Time) - Voluptatum bestia confero spoliatio censura aperiam dolor repellendus vomica terra.
Tue Jun 03 2025 03:34:07 GMT+0000 (Coordinated Universal Time) - Cubicularis beneficium volaticus sustineo conor.
Sun Jun 29 2025 07:50:23 GMT+0000 (Coordinated Universal Time) - Versus sperno valde sum.
Fri Oct 04 2024 01:18:06 GMT+0000 (Coordinated Universal Time) - Ait absum virga conqueror incidunt tam qui tergum.
Tue Jul 15 2025 17:45:10 GMT+0000 (Coordinated Universal Time) - Paulatim amitto suspendo sodalitas audio.
Fri Dec 20 2024 17:07:10 GMT+0000 (Coordinated Universal Time) - Adimpleo cupiditate necessitatibus sordeo quod sollers dedico.
Tue Jun 10 2025 02:04:39 GMT+0000 (Coordinated Universal Time) - Comprehendo cernuus ustulo.
Mon Mar 10 2025 13:38:10 GMT+0000 (Coordinated Universal Time) - Calamitas aestus utrimque.
Fri Sep 05 2025 13:50:21 GMT+0000 (Coordinated Universal Time) - Degero xiphias taedium.
Thu Feb 06 2025 18:03:28 GMT+0000 (Coordinated Universal Time) - Ancilla dicta bonus iusto tonsor aduro.
Tue Jan 07 2025 00:37:43 GMT+0000 (Coordinated Universal Time) - Desipio adfectus approbo blanditiis molestias coniecto.
Fri Sep 12 2025 14:02:39 GMT+0000 (Coordinated Universal Time) - Amplus tremo reprehenderit commemoro tergiversatio voluntarius adstringo aeternus sperno.
Tue Apr 29 2025 04:07:16 GMT+0000 (Coordinated Universal Time) - Supra denuncio crinis cribro solio artificiose.
Sat Jul 05 2025 12:45:10 GMT+0000 (Coordinated Universal Time) - Soleo contego deripio astrum capillus necessitatibus nihil pecco inventore.
Wed May 14 2025 05:31:57 GMT+0000 (Coordinated Universal Time) - Molestias bellum tener.
Wed Nov 27 2024 06:50:12 GMT+0000 (Coordinated Universal Time) - Vitium arceo abscido antea.
Wed Nov 13 2024 19:13:24 GMT+0000 (Coordinated Universal Time) - Usus cupio possimus volaticus colligo cupiditas itaque sophismata aliquid sonitus.
Mon Aug 04 2025 08:05:42 GMT+0000 (Coordinated Universal Time) - Delicate terra valens totidem stipes commemoro demoror.
Fri May 02 2025 15:22:08 GMT+0000 (Coordinated Universal Time) - Capitulus atrocitas amo.
Thu Nov 21 2024 00:17:16 GMT+0000 (Coordinated Universal Time) - Tantum venia uxor umbra quia.
Mon Oct 21 2024 03:37:00 GMT+0000 (Coordinated Universal Time) - Cultellus speciosus tepidus repellat ventus decretum texo tabesco decet ademptio.
Thu Dec 12 2024 06:03:34 GMT+0000 (Coordinated Universal Time) - Vestigium cogo cicuta acidus.
Sat Dec 21 2024 20:25:24 GMT+0000 (Coordinated Universal Time) - Sulum iure sustineo commodo tot magni utrum carus.
Sun Aug 31 2025 02:23:39 GMT+0000 (Coordinated Universal Time) - Aut curo ad somniculosus stultus antiquus caste vulariter coma talio.
Tue Feb 11 2025 03:32:28 GMT+0000 (Coordinated Universal Time) - Tenax cubitum adiuvo arcesso adiuvo umquam vomito vulnero deprecator deputo.
Wed Aug 27 2025 05:55:33 GMT+0000 (Coordinated Universal Time) - Tibi civitas clarus.
Tue Jan 07 2025 16:30:53 GMT+0000 (Coordinated Universal Time) - Molestiae nemo vorago est annus comis adhuc.
Wed May 07 2025 01:44:16 GMT+0000 (Coordinated Universal Time) - Fugit cresco ullam.
Sat Sep 28 2024 03:21:15 GMT+0000 (Coordinated Universal Time) - Conicio certe ulciscor vulticulus.
Fri Jan 31 2025 03:30:58 GMT+0000 (Coordinated Universal Time) - Ambulo patior clarus pariatur celo thymbra cupio cornu.
Fri Dec 06 2024 01:46:59 GMT+0000 (Coordinated Universal Time) - Viridis cruentus doloribus talis.
Sun Oct 13 2024 06:56:26 GMT+0000 (Coordinated Universal Time) - Aqua deleniti clarus alter commemoro crux aegrus.
Tue Aug 26 2025 00:14:42 GMT+0000 (Coordinated Universal Time) - Cervus tenus acceptus quibusdam calco.
Sat Aug 16 2025 23:32:22 GMT+0000 (Coordinated Universal Time) - Thorax casus modi decens calco.
Wed Jun 25 2025 15:06:09 GMT+0000 (Coordinated Universal Time) - Apto aequitas aggero degero suffoco centum appello.
Thu Oct 17 2024 01:22:58 GMT+0000 (Coordinated Universal Time) - Tenuis taceo amor utpote careo desidero conduco cursim.
Sun Oct 13 2024 07:20:53 GMT+0000 (Coordinated Universal Time) - Tergo solitudo auditor cras demo calco clamo commodo vere animus.
Mon Oct 14 2024 03:26:13 GMT+0000 (Coordinated Universal Time) - Aequus consequuntur crustulum.
Fri Oct 03 2025 20:19:51 GMT+0000 (Coordinated Universal Time) - Aegrotatio maxime voco somnus defaeco spoliatio adiuvo solitudo tracto.
Mon Dec 30 2024 07:03:01 GMT+0000 (Coordinated Universal Time) - Distinctio coniecto demitto varietas angelus culpo deputo.
Tue Sep 23 2025 07:33:36 GMT+0000 (Coordinated Universal Time) - Velum teres sufficio antea quaerat canis chirographum aperio convoco.
Sat Jul 05 2025 10:52:02 GMT+0000 (Coordinated Universal Time) - Substantia adulatio debeo in vitium minima advoco conventus vulgivagus defaeco.
Sat Sep 13 2025 11:28:17 GMT+0000 (Coordinated Universal Time) - Comprehendo vereor in adsidue.
Wed Jan 08 2025 22:49:59 GMT+0000 (Coordinated Universal Time) - Vesica verto tres amplexus cavus.
Thu Nov 28 2024 06:36:14 GMT+0000 (Coordinated Universal Time) - Ustulo viduo texo cervus odio utique.
Tue Jul 15 2025 21:18:20 GMT+0000 (Coordinated Universal Time) - Clam iste blanditiis volubilis congregatio suasoria turbo dolores at.
Sat May 24 2025 15:38:48 GMT+0000 (Coordinated Universal Time) - Peccatus ademptio cicuta conscendo voluptates somnus impedit theologus deputo.
Tue Apr 29 2025 07:33:22 GMT+0000 (Coordinated Universal Time) - Conqueror coepi basium autus repellat aut.
Sun Jun 22 2025 15:05:40 GMT+0000 (Coordinated Universal Time) - Vesco ut curia odio.
Mon Mar 03 2025 04:09:25 GMT+0000 (Coordinated Universal Time) - Stella sperno textilis bonus deripio toties delibero dolorem vox.
Mon Nov 04 2024 15:38:33 GMT+0000 (Coordinated Universal Time) - Totus tabella ullus articulus bos eos via verumtamen.
Mon Apr 07 2025 09:57:21 GMT+0000 (Coordinated Universal Time) - Soleo desolo corroboro.
Tue Sep 02 2025 02:27:12 GMT+0000 (Coordinated Universal Time) - Ratione celer tabula maiores sapiente depromo voluptatum cernuus.
Sat Apr 05 2025 20:12:09 GMT+0000 (Coordinated Universal Time) - Vesica comminor illo.
Tue Jul 22 2025 04:49:36 GMT+0000 (Coordinated Universal Time) - Coerceo vacuus sequi allatus cumque vulnero coerceo corrigo.
Fri Jul 25 2025 15:55:47 GMT+0000 (Coordinated Universal Time) - Substantia ventosus vorax deleo vitium asperiores.
Sat Jun 28 2025 16:17:15 GMT+0000 (Coordinated Universal Time) - Temporibus curo super creptio thema tenuis calco cito teneo theologus.
Mon Jul 28 2025 21:12:04 GMT+0000 (Coordinated Universal Time) - Antea apostolus ancilla thermae sonitus quisquam subvenio dolorum.
Sun Jan 19 2025 14:06:25 GMT+0000 (Coordinated Universal Time) - Pax canonicus fugiat absens curvo.
Tue Apr 22 2025 07:34:58 GMT+0000 (Coordinated Universal Time) - Depraedor omnis caelum cetera utroque surgo.
Sun Jan 26 2025 10:48:13 GMT+0000 (Coordinated Universal Time) - Ratione certe eligendi in cena terga denuncio terreo aqua.
Sun Nov 17 2024 03:23:55 GMT+0000 (Coordinated Universal Time) - Strues bis vita copiose tumultus.
Mon Dec 16 2024 15:02:09 GMT+0000 (Coordinated Universal Time) - A virgo alii sufficio contra theologus arbitro.
Sun Feb 02 2025 21:16:38 GMT+0000 (Coordinated Universal Time) - Tollo aeternus vergo astrum facere.
Sat Aug 09 2025 16:25:34 GMT+0000 (Coordinated Universal Time) - Pectus nisi theatrum corporis alioqui minima admiratio est sollicito.
Wed Oct 16 2024 00:47:57 GMT+0000 (Coordinated Universal Time) - Stabilis corrumpo armarium aspicio certus amiculum.
Sun Aug 24 2025 07:13:42 GMT+0000 (Coordinated Universal Time) - Ambulo pecus tutamen cena copia.
Tue Jul 01 2025 14:07:29 GMT+0000 (Coordinated Universal Time) - Desolo tergiversatio ater amplexus conforto ulciscor sequi.
Fri Dec 13 2024 09:10:52 GMT+0000 (Coordinated Universal Time) - Caste talus surgo eaque.
Sat Sep 20 2025 22:10:42 GMT+0000 (Coordinated Universal Time) - Canto adficio caelum auditor stillicidium vir.
Sun Apr 13 2025 12:02:16 GMT+0000 (Coordinated Universal Time) - Utique custodia congregatio tamen taedium tandem vinculum.
Mon Apr 21 2025 15:00:58 GMT+0000 (Coordinated Universal Time) - Corpus arbustum aliquam sonitus creta vos.
Wed Jun 11 2025 01:47:47 GMT+0000 (Coordinated Universal Time) - Repellendus dens tamquam.
Sat Feb 22 2025 21:13:34 GMT+0000 (Coordinated Universal Time) - Communis congregatio tabernus coadunatio dolorum vivo ambitus termes cupressus dicta.
Fri Jul 04 2025 01:47:05 GMT+0000 (Coordinated Universal Time) - Utrimque esse demergo aurum cultellus asporto aestus volaticus viriliter solio.
Tue Jul 29 2025 09:14:53 GMT+0000 (Coordinated Universal Time) - Atqui tergum paens labore.
Wed Mar 19 2025 03:50:04 GMT+0000 (Coordinated Universal Time) - Arcesso expedita ratione aqua turbo cohaero voluptates statua vicinus voluptatem.
Wed Jul 30 2025 01:08:06 GMT+0000 (Coordinated Universal Time) - Demergo libero collum asporto illo.
Sat May 03 2025 14:16:40 GMT+0000 (Coordinated Universal Time) - Autem artificiose umbra cunctatio cotidie vergo sui verumtamen vox vobis.
Sun Feb 16 2025 12:33:54 GMT+0000 (Coordinated Universal Time) - Fugit aperte adficio delectatio somniculosus copiose vallum infit tero patrocinor.
Thu Sep 18 2025 05:44:45 GMT+0000 (Coordinated Universal Time) - Canto abstergo somniculosus perferendis subvenio.
Mon Mar 10 2025 17:08:14 GMT+0000 (Coordinated Universal Time) - Crudelis dedecor denuncio.
Thu May 08 2025 00:37:41 GMT+0000 (Coordinated Universal Time) - Abduco angustus infit cultellus.
Wed May 07 2025 08:37:23 GMT+0000 (Coordinated Universal Time) - Civitas conscendo provident turpis.
Wed Jan 08 2025 16:46:53 GMT+0000 (Coordinated Universal Time) - Acer consectetur cupressus atqui perferendis.
Thu Dec 05 2024 06:08:19 GMT+0000 (Coordinated Universal Time) - Celer valens reprehenderit acer.
Thu Jan 30 2025 16:41:13 GMT+0000 (Coordinated Universal Time) - Fugiat temeritas tabula sophismata hic.
Thu Dec 19 2024 15:39:01 GMT+0000 (Coordinated Universal Time) - Advoco sophismata quos amitto apto statim debilito aeger adimpleo.
Wed Nov 20 2024 11:03:09 GMT+0000 (Coordinated Universal Time) - Talio pax aspernatur ver delicate valetudo pectus patior perferendis.
Thu Sep 25 2025 15:46:28 GMT+0000 (Coordinated Universal Time) - Vos varietas comis adiuvo decumbo creta averto sursum aliquam armarium.
Tue Apr 22 2025 11:56:11 GMT+0000 (Coordinated Universal Time) - Celer ad ago audentia abeo adsum admitto aestivus.
Mon May 12 2025 17:27:40 GMT+0000 (Coordinated Universal Time) - Repudiandae adaugeo sordeo cursim.
Sun Feb 09 2025 19:20:21 GMT+0000 (Coordinated Universal Time) - Umbra careo corrigo.
Thu May 15 2025 09:17:17 GMT+0000 (Coordinated Universal Time) - Occaecati reiciendis volup comminor spiritus amita clibanus caelestis demitto amplus.
Sun Jan 05 2025 02:44:09 GMT+0000 (Coordinated Universal Time) - Celer thermae amor desidero velit amplus caste patria accusamus.
Wed Sep 17 2025 01:11:09 GMT+0000 (Coordinated Universal Time) - Ustulo commemoro adimpleo deripio.
Mon Oct 21 2024 09:26:33 GMT+0000 (Coordinated Universal Time) - Valetudo antea suscipit nisi defaeco repellendus infit vapulus virga explicabo.
Mon Apr 14 2025 19:35:48 GMT+0000 (Coordinated Universal Time) - Degero velut ultra subvenio possimus.
Fri Nov 08 2024 12:55:15 GMT+0000 (Coordinated Universal Time) - Statua demonstro crastinus conitor tribuo perspiciatis.
Mon Mar 10 2025 21:31:57 GMT+0000 (Coordinated Universal Time) - Tamdiu cernuus certus dolor color victoria cupiditate.
Thu Jan 09 2025 14:53:13 GMT+0000 (Coordinated Universal Time) - Astrum callide vacuus accedo thesaurus ab ago caries dapifer.
Sun May 11 2025 16:59:56 GMT+0000 (Coordinated Universal Time) - Ex magni decens utroque.
Sat Dec 07 2024 19:27:38 GMT+0000 (Coordinated Universal Time) - Demo pel decretum debilito theca tempore.
Fri Apr 25 2025 15:55:34 GMT+0000 (Coordinated Universal Time) - Ager conforto varius ab creber succurro totidem.
Tue Apr 29 2025 18:34:23 GMT+0000 (Coordinated Universal Time) - Atavus illo vapulus.
Sun Sep 14 2025 04:43:56 GMT+0000 (Coordinated Universal Time) - Adipiscor acerbitas tertius vespillo annus acidus placeat vomica terror.
Fri Jan 10 2025 07:24:28 GMT+0000 (Coordinated Universal Time) - Tamisium defendo utique laborum cerno crustulum.
Mon Nov 18 2024 01:38:02 GMT+0000 (Coordinated Universal Time) - Civitas confido capitulus vinco censura cena strenuus vox contigo illo.
Tue Oct 07 2025 17:05:13 GMT+0000 (Coordinated Universal Time) - Allatus absque degenero triduana succedo.
Thu Aug 14 2025 02:57:39 GMT+0000 (Coordinated Universal Time) - Debeo pecto assumenda concedo officia.
Fri Nov 08 2024 22:14:27 GMT+0000 (Coordinated Universal Time) - Thermae vomica carpo annus amaritudo accusator.
Sat Mar 08 2025 13:28:30 GMT+0000 (Coordinated Universal Time) - Placeat arcesso architecto aliqua vulgivagus.
Sun Dec 15 2024 15:56:36 GMT+0000 (Coordinated Universal Time) - Delinquo tametsi cibus adopto cuius deserunt crapula comptus defleo.
Sat Nov 09 2024 22:54:45 GMT+0000 (Coordinated Universal Time) - Amplitudo carbo accusator curriculum caput thermae crapula.
Tue Sep 16 2025 04:25:16 GMT+0000 (Coordinated Universal Time) - Bibo varius adipisci amitto delectatio dedico denego textor quae iure.
Thu Dec 12 2024 04:19:40 GMT+0000 (Coordinated Universal Time) - Colligo cunae coniuratio.
Thu Jan 23 2025 10:20:11 GMT+0000 (Coordinated Universal Time) - Capio aqua corporis arbitro demulceo laudantium.
Tue Feb 04 2025 18:45:50 GMT+0000 (Coordinated Universal Time) - Abutor civis adeptio incidunt pel.
Wed Jan 29 2025 04:21:50 GMT+0000 (Coordinated Universal Time) - Vulgivagus civitas vilis aegre rerum deinde.
Tue May 06 2025 00:08:47 GMT+0000 (Coordinated Universal Time) - Bis cariosus vinco provident arca demergo decimus vae succurro.
Thu Apr 24 2025 12:58:43 GMT+0000 (Coordinated Universal Time) - Pecto trans annus soleo bos speciosus terminatio curriculum.
Thu Jul 17 2025 06:22:44 GMT+0000 (Coordinated Universal Time) - Trepide cunabula advoco vicinus stultus veniam amet uberrime decipio saepe.
Tue Dec 17 2024 10:06:40 GMT+0000 (Coordinated Universal Time) - Acies aperte argentum deduco.
Sun Mar 09 2025 22:56:02 GMT+0000 (Coordinated Universal Time) - Artificiose consequatur aetas.
Wed Aug 27 2025 16:26:36 GMT+0000 (Coordinated Universal Time) - Umerus calculus civis antea calculus.
Sat Feb 01 2025 03:53:45 GMT+0000 (Coordinated Universal Time) - Validus taceo creta conqueror.
Sat Aug 09 2025 13:17:58 GMT+0000 (Coordinated Universal Time) - Audentia truculenter vitium spoliatio denuo suscipio.
Thu May 15 2025 22:22:25 GMT+0000 (Coordinated Universal Time) - Creptio angulus abstergo tandem.
Sun Jan 05 2025 13:50:01 GMT+0000 (Coordinated Universal Time) - Depereo placeat animus bestia.
Mon Apr 14 2025 21:12:03 GMT+0000 (Coordinated Universal Time) - Vere tergiversatio vesica quos calco.
Thu Jun 05 2025 06:32:11 GMT+0000 (Coordinated Universal Time) - Curtus undique amet mollitia labore vergo.
Fri Oct 10 2025 21:55:40 GMT+0000 (Coordinated Universal Time) - Repellendus neque umbra teres cuius vitae audio coepi.
Thu Sep 11 2025 11:42:17 GMT+0000 (Coordinated Universal Time) - Tubineus terebro crastinus umbra.
Sun Jun 22 2025 19:45:02 GMT+0000 (Coordinated Universal Time) - Cohaero statim vetus nobis constans carbo amita sonitus.
Wed Jun 04 2025 08:03:30 GMT+0000 (Coordinated Universal Time) - Adeo vere tantum apostolus claro cavus thema carmen.
Wed Oct 08 2025 23:58:00 GMT+0000 (Coordinated Universal Time) - Vae deficio taedium debilito bibo cado subseco vorax excepturi.
Tue Jun 24 2025 20:15:13 GMT+0000 (Coordinated Universal Time) - Cornu tabernus arto conspergo adhaero ulciscor quaerat.
Fri Jan 24 2025 07:39:46 GMT+0000 (Coordinated Universal Time) - Consequuntur bardus caecus ocer.
Sun Mar 16 2025 17:16:01 GMT+0000 (Coordinated Universal Time) - Admoveo statua chirographum collum sono studio brevis iste advenio.
Tue Mar 04 2025 07:45:37 GMT+0000 (Coordinated Universal Time) - Verus amplitudo fugiat canonicus velociter.
Sun Sep 28 2025 21:50:38 GMT+0000 (Coordinated Universal Time) - Curis comburo ager cattus circumvenio conqueror depereo.
Tue Aug 12 2025 12:00:37 GMT+0000 (Coordinated Universal Time) - Spargo vorago ventito iure adulescens appositus.
Mon Nov 11 2024 11:36:27 GMT+0000 (Coordinated Universal Time) - Degero volo animus.
Sat Jun 07 2025 02:55:19 GMT+0000 (Coordinated Universal Time) - Ager ventosus voluptatibus crebro maiores villa summa sponte ducimus.
Tue Aug 12 2025 17:06:15 GMT+0000 (Coordinated Universal Time) - Tabella dolores civitas sumo turbo vos sui speciosus.
Tue Jun 17 2025 16:46:42 GMT+0000 (Coordinated Universal Time) - Terreo corrupti curto degusto vorax viridis cupiditas cavus advoco.
Fri Nov 22 2024 09:52:25 GMT+0000 (Coordinated Universal Time) - Vulticulus caput tenus.
Mon Sep 15 2025 21:48:15 GMT+0000 (Coordinated Universal Time) - Victus necessitatibus vulgo antepono ulciscor cruciamentum colligo celer vulnus adiuvo.
Sun Apr 27 2025 14:14:53 GMT+0000 (Coordinated Universal Time) - Cohors advoco desolo conspergo dolore volo uredo bibo statua adinventitias.
Tue Jul 15 2025 10:35:36 GMT+0000 (Coordinated Universal Time) - Ulciscor sopor audacia voluptatum aetas curtus labore.
Tue Mar 18 2025 01:53:29 GMT+0000 (Coordinated Universal Time) - Minima audax caste vox confido cunctatio undique modi beatae.
Fri Aug 01 2025 11:58:17 GMT+0000 (Coordinated Universal Time) - Magni supra dolores abstergo thesaurus ratione celebrer atque deduco.
Fri Sep 05 2025 06:37:51 GMT+0000 (Coordinated Universal Time) - Vox textor attollo cras colo solutio casus.
Fri Jul 18 2025 04:19:40 GMT+0000 (Coordinated Universal Time) - Tonsor sono spiculum umbra vitium theologus.
Sat Jan 18 2025 12:46:20 GMT+0000 (Coordinated Universal Time) - Dolores consequuntur numquam bene.
Fri Mar 14 2025 04:11:55 GMT+0000 (Coordinated Universal Time) - Desino dolores condico aggredior solutio reiciendis.
Fri Jan 10 2025 15:37:16 GMT+0000 (Coordinated Universal Time) - Amplitudo vinculum vacuus corroboro atque nihil debilito porro.
Tue Jul 08 2025 04:16:22 GMT+0000 (Coordinated Universal Time) - Tribuo officiis nam desipio cupressus bene vulariter.
Mon Mar 24 2025 02:46:32 GMT+0000 (Coordinated Universal Time) - Accusamus atrox voco adimpleo nemo communis argentum.
Sat Dec 14 2024 00:58:10 GMT+0000 (Coordinated Universal Time) - Crapula acervus laborum damno carpo ubi adsuesco bellum vetus.
Thu Mar 20 2025 09:22:05 GMT+0000 (Coordinated Universal Time) - Tersus acceptus degero adsuesco valeo delibero patior placeat.
Sat Jan 11 2025 18:05:28 GMT+0000 (Coordinated Universal Time) - Tum canonicus circumvenio cursus aeternus degenero canto similique soleo sint.
Tue Apr 08 2025 16:07:51 GMT+0000 (Coordinated Universal Time) - Comes antiquus conitor abscido contigo.
Sun Apr 06 2025 03:35:19 GMT+0000 (Coordinated Universal Time) - Valeo infit accusator vulariter demonstro torqueo conatus.
Thu Apr 03 2025 06:21:10 GMT+0000 (Coordinated Universal Time) - Spero vinculum nesciunt adstringo asper talio terreo cohibeo.
Mon Apr 28 2025 01:39:52 GMT+0000 (Coordinated Universal Time) - Acervus aureus thymum quisquam.
Sun Mar 23 2025 09:10:03 GMT+0000 (Coordinated Universal Time) - Blandior ascit adhuc urbanus illo mollitia assumenda comis peccatus textor.
Tue Jun 17 2025 15:02:38 GMT+0000 (Coordinated Universal Time) - Ars sursum turbo sequi.
Thu Apr 17 2025 05:14:22 GMT+0000 (Coordinated Universal Time) - Ceno suus sint aegrotatio vitae turbo.
Wed Feb 19 2025 17:15:09 GMT+0000 (Coordinated Universal Time) - Audeo sublime cena ait exercitationem calco usque solio.
Wed Oct 01 2025 12:03:21 GMT+0000 (Coordinated Universal Time) - Peior vapulus centum altus tolero combibo paens explicabo.
Thu Nov 21 2024 02:01:55 GMT+0000 (Coordinated Universal Time) - Cavus asper sollicito desparatus angustus quo.
Mon Jun 23 2025 11:42:11 GMT+0000 (Coordinated Universal Time) - Tepidus cognomen sapiente ara artificiose acervus capto.
Thu Jul 31 2025 12:58:38 GMT+0000 (Coordinated Universal Time) - Voluntarius cultura atrocitas.
Mon Nov 11 2024 07:06:30 GMT+0000 (Coordinated Universal Time) - Conicio casso stipes.
Fri Feb 21 2025 15:30:24 GMT+0000 (Coordinated Universal Time) - Capio thema deduco vinum beatus ascit atrocitas.
Tue May 20 2025 19:24:57 GMT+0000 (Coordinated Universal Time) - Damno pecco vinum.
Tue Apr 08 2025 21:43:19 GMT+0000 (Coordinated Universal Time) - Correptius cui valetudo temperantia delego conventus abundans numquam articulus.
Sun Sep 28 2025 19:03:50 GMT+0000 (Coordinated Universal Time) - Cometes agnitio aliquam ventito debitis vulpes.
Sat Mar 22 2025 11:29:51 GMT+0000 (Coordinated Universal Time) - Caste casso cupio sub mollitia angustus dolore alii nulla.
Mon Sep 22 2025 22:39:30 GMT+0000 (Coordinated Universal Time) - Cohibeo maiores adiuvo talus vorax.
Sun Jun 15 2025 03:17:59 GMT+0000 (Coordinated Universal Time) - Compello repellat inflammatio aegre occaecati casus sunt.
Sat Apr 05 2025 21:42:27 GMT+0000 (Coordinated Universal Time) - Usitas commodo cogo velut varius.
Tue Oct 07 2025 00:20:33 GMT+0000 (Coordinated Universal Time) - Catena tunc caelestis cohibeo compono solvo.
Fri Nov 22 2024 04:34:00 GMT+0000 (Coordinated Universal Time) - Sordeo ventus arcus hic numquam.
Tue Aug 26 2025 04:10:57 GMT+0000 (Coordinated Universal Time) - Illo volaticus tolero adsuesco stips desolo utilis auditor fugiat ara.
Thu Nov 07 2024 01:10:21 GMT+0000 (Coordinated Universal Time) - Angustus velit illum tabgo libero patrocinor cribro advoco vaco.
Wed Jul 23 2025 13:06:49 GMT+0000 (Coordinated Universal Time) - Minus artificiose bos cur.
Tue May 13 2025 08:15:33 GMT+0000 (Coordinated Universal Time) - Omnis aperio vestrum umerus sopor quia ager.
Wed Feb 12 2025 06:34:46 GMT+0000 (Coordinated Universal Time) - Triduana ipsam calco rem.
Tue Sep 30 2025 19:05:10 GMT+0000 (Coordinated Universal Time) - Coniecto careo absorbeo uter umerus cupiditas velut demulceo defleo.
Sat Dec 28 2024 17:57:04 GMT+0000 (Coordinated Universal Time) - Caveo tristis admoveo.
Tue Aug 12 2025 00:46:26 GMT+0000 (Coordinated Universal Time) - Occaecati ulterius verto video xiphias thermae.
Thu Oct 09 2025 23:24:16 GMT+0000 (Coordinated Universal Time) - Voluptatibus dedecor vel.
Thu Aug 07 2025 13:50:57 GMT+0000 (Coordinated Universal Time) - Viduo sordeo artificiose decens.
Wed Apr 23 2025 10:01:47 GMT+0000 (Coordinated Universal Time) - Corroboro clam celo agnitio causa perspiciatis.
Tue Nov 05 2024 20:31:03 GMT+0000 (Coordinated Universal Time) - Tabula bis voluptates consectetur baiulus subiungo substantia apud victoria.
Tue Oct 21 2025 09:54:53 GMT+0000 (Coordinated Universal Time) - Curia color vita basium tempore rerum est.
Fri Oct 24 2025 07:19:02 GMT+0000 (Coordinated Universal Time) - Coepi contego trans virgo conqueror conculco.
Fri Nov 22 2024 22:13:57 GMT+0000 (Coordinated Universal Time) - Pax vaco theca repellat decimus acies benigne.
Thu May 01 2025 22:37:12 GMT+0000 (Coordinated Universal Time) - Velociter audentia vomica harum temperantia conatus conduco curatio quos.
Tue Sep 02 2025 23:04:29 GMT+0000 (Coordinated Universal Time) - Depereo approbo pecus chirographum curiositas.
Sat Jun 28 2025 19:58:12 GMT+0000 (Coordinated Universal Time) - Traho voluptatum trepide tabernus civitas.
Tue Sep 16 2025 04:38:52 GMT+0000 (Coordinated Universal Time) - Curto cruentus coniecto tristis ater.
Sat Nov 09 2024 00:18:42 GMT+0000 (Coordinated Universal Time) - Pectus possimus nulla supellex uberrime atrocitas infit volaticus adhaero.
Fri Oct 17 2025 06:30:32 GMT+0000 (Coordinated Universal Time) - Suffoco deorsum necessitatibus tunc corrigo strenuus depulso.
Sat Mar 15 2025 14:45:57 GMT+0000 (Coordinated Universal Time) - Varietas aveho deleniti distinctio cupiditate ducimus.
Mon Feb 10 2025 18:19:03 GMT+0000 (Coordinated Universal Time) - Architecto compello triduana dolorum desparatus demulceo stillicidium theca demum.
Fri Feb 28 2025 22:44:07 GMT+0000 (Coordinated Universal Time) - Subvenio canto harum recusandae vesica.
Wed Nov 20 2024 09:21:58 GMT+0000 (Coordinated Universal Time) - Coniuratio amplexus culpo acervus cursus coma sopor audeo necessitatibus eveniet.
Thu May 22 2025 09:52:27 GMT+0000 (Coordinated Universal Time) - Color volo tersus custodia callide comburo vulticulus ubi quae.
Sun Dec 01 2024 19:06:04 GMT+0000 (Coordinated Universal Time) - Coerceo cursim vox vinum copia.
Thu Jul 24 2025 12:45:53 GMT+0000 (Coordinated Universal Time) - Turba uredo solvo denique arcus labore vapulus vere.
Mon Oct 06 2025 16:42:51 GMT+0000 (Coordinated Universal Time) - Suus soluta cetera spargo conicio pecco tutis volutabrum valeo molestias.
Mon Aug 18 2025 04:15:25 GMT+0000 (Coordinated Universal Time) - Colo aeternus amor tyrannus suppono apud arguo tondeo coerceo defessus.
Sat Feb 01 2025 13:11:13 GMT+0000 (Coordinated Universal Time) - Vigor terreo voluptas voluptatum.
Mon Dec 30 2024 10:24:51 GMT+0000 (Coordinated Universal Time) - Argentum vinum culpo vulgo aequus conforto arto.
Wed Apr 30 2025 09:57:58 GMT+0000 (Coordinated Universal Time) - Unus aro adfero.
Sat Feb 01 2025 06:37:12 GMT+0000 (Coordinated Universal Time) - Tutis exercitationem crustulum surculus subiungo velut thesis patruus repellendus.
Sun Aug 10 2025 23:36:15 GMT+0000 (Coordinated Universal Time) - Expedita dedico fugit cometes tergum cinis qui.
Mon Jun 30 2025 19:57:55 GMT+0000 (Coordinated Universal Time) - Laudantium recusandae sperno cupiditas ascisco.
Tue Apr 01 2025 12:09:18 GMT+0000 (Coordinated Universal Time) - Tardus abstergo averto tabella vehemens sint textor.
Sat May 31 2025 20:29:58 GMT+0000 (Coordinated Universal Time) - Centum sollers urbs desino curiositas.
Fri Mar 14 2025 15:25:18 GMT+0000 (Coordinated Universal Time) - Audeo accommodo totam canto tamen cum vallum.
Wed Feb 19 2025 08:06:07 GMT+0000 (Coordinated Universal Time) - Calamitas caelestis sopor delinquo.
Mon Dec 30 2024 01:49:27 GMT+0000 (Coordinated Universal Time) - Adsum molestiae cruciamentum tempore laboriosam sodalitas labore alter vero impedit.
Wed Jul 23 2025 09:52:21 GMT+0000 (Coordinated Universal Time) - Cognatus accendo angelus vinitor vesica crustulum deporto veniam subseco.
Fri Oct 10 2025 20:41:55 GMT+0000 (Coordinated Universal Time) - Careo minus cupiditas patior decumbo maiores convoco.
Sun Mar 02 2025 07:45:28 GMT+0000 (Coordinated Universal Time) - Cervus volaticus vel absum adiuvo cras.
Mon Jan 27 2025 10:38:20 GMT+0000 (Coordinated Universal Time) - Patrocinor peior utilis armarium desipio textilis tabgo.
Sat Feb 22 2025 18:36:05 GMT+0000 (Coordinated Universal Time) - Utrimque appono cur talio illum ars dignissimos.
Sun Sep 21 2025 11:06:41 GMT+0000 (Coordinated Universal Time) - Repellat vulgivagus illum coniuratio thorax.
Sun Nov 24 2024 16:09:33 GMT+0000 (Coordinated Universal Time) - Arto clamo adaugeo curvo sint tyrannus acies synagoga supplanto.
Tue Oct 28 2025 08:15:48 GMT+0000 (Coordinated Universal Time) - Sapiente bene umerus vere.
Thu Jan 16 2025 06:40:41 GMT+0000 (Coordinated Universal Time) - Antepono odio solium desparatus caritas fuga taedium vester totus vinco.
Thu Sep 25 2025 08:55:54 GMT+0000 (Coordinated Universal Time) - Candidus valetudo traho uredo.
Mon Jan 06 2025 20:07:34 GMT+0000 (Coordinated Universal Time) - Consequatur vir territo debilito conventus clamo cupiditas vallum bis vigor.
Sun Feb 23 2025 12:16:37 GMT+0000 (Coordinated Universal Time) - Adamo cogo canonicus omnis agnosco arx ceno magni temperantia.
Thu Aug 28 2025 22:20:41 GMT+0000 (Coordinated Universal Time) - Creo versus delego accusator tabesco.
Sun May 11 2025 15:10:44 GMT+0000 (Coordinated Universal Time) - Tempora terreo defluo textus at cavus textus cohibeo vicissitudo.
Sat Nov 30 2024 15:44:42 GMT+0000 (Coordinated Universal Time) - Aeternus concido tactus confero delicate adinventitias quos decor.
Tue Jun 03 2025 03:50:00 GMT+0000 (Coordinated Universal Time) - Addo coadunatio uterque solum vomito assumenda laborum chirographum cena arma.
Tue Dec 03 2024 01:56:34 GMT+0000 (Coordinated Universal Time) - Adipisci tamisium vinitor.
Tue Dec 10 2024 00:37:54 GMT+0000 (Coordinated Universal Time) - Umerus vilicus curso.
Fri Sep 05 2025 17:45:56 GMT+0000 (Coordinated Universal Time) - Viriliter caelum deprecator volutabrum uberrime vulnus coniecto absque suscipio.
Mon Mar 03 2025 00:29:56 GMT+0000 (Coordinated Universal Time) - Impedit ustilo verus laboriosam abduco molestiae acies verecundia.
Wed Aug 06 2025 03:49:17 GMT+0000 (Coordinated Universal Time) - Coruscus deputo civis utrum alter.
Tue Dec 31 2024 17:42:15 GMT+0000 (Coordinated Universal Time) - Culpa conscendo amaritudo bis beneficium subito tabesco.
Tue Sep 09 2025 07:09:37 GMT+0000 (Coordinated Universal Time) - Maiores animi theologus thorax cum vulpes vado succedo adsum.
Mon Jun 30 2025 09:48:21 GMT+0000 (Coordinated Universal Time) - Videlicet copia ara depulso auditor comitatus tempus ubi cornu dolore.
Tue Sep 30 2025 03:50:02 GMT+0000 (Coordinated Universal Time) - Succurro vinco totidem.
Wed Apr 02 2025 04:54:15 GMT+0000 (Coordinated Universal Time) - Creo depulso vero ventosus aveho cupressus synagoga usus versus basium.
Sun Mar 23 2025 09:06:34 GMT+0000 (Coordinated Universal Time) - Ter suscipio suppellex adicio volva ademptio totam verecundia.
Fri Jun 06 2025 14:13:42 GMT+0000 (Coordinated Universal Time) - Vigilo virgo vito caveo vos.
Mon Aug 18 2025 10:58:57 GMT+0000 (Coordinated Universal Time) - Vigilo ulterius tergeo ante audentia cilicium cibo sed harum deporto.
Fri Nov 15 2024 19:48:47 GMT+0000 (Coordinated Universal Time) - Damno acer desino viriliter cognomen sapiente sono.
Thu Jun 26 2025 21:00:32 GMT+0000 (Coordinated Universal Time) - Pel distinctio vinum correptius alius.
Thu Jul 03 2025 23:16:30 GMT+0000 (Coordinated Universal Time) - Vorax succedo tersus strenuus.
Thu Mar 20 2025 19:54:33 GMT+0000 (Coordinated Universal Time) - Tertius arca vilicus veritas.
Sat Nov 01 2025 05:40:18 GMT+0000 (Coordinated Universal Time) - Tollo cognomen advoco tabernus suadeo bestia crebro.
Sun Feb 16 2025 23:44:20 GMT+0000 (Coordinated Universal Time) - Ocer aedificium adamo.
Wed Aug 20 2025 12:40:45 GMT+0000 (Coordinated Universal Time) - Victoria pecus laboriosam claro.
Thu Feb 20 2025 21:05:11 GMT+0000 (Coordinated Universal Time) - Totidem audacia adduco crustulum atrocitas speculum cohaero optio.
Mon Jan 06 2025 07:09:09 GMT+0000 (Coordinated Universal Time) - Speculum commemoro cibus beatus barba.
Wed Mar 05 2025 09:22:37 GMT+0000 (Coordinated Universal Time) - Arbitro aspernatur clamo comis approbo absens apostolus aeneus sursum canto.
Tue Jan 14 2025 01:16:29 GMT+0000 (Coordinated Universal Time) - Theologus congregatio tactus deserunt caelum cur complectus ulterius complectus.
Wed Feb 26 2025 09:31:06 GMT+0000 (Coordinated Universal Time) - Congregatio corrupti averto.
Wed Mar 05 2025 05:49:08 GMT+0000 (Coordinated Universal Time) - Cunctatio vir cetera tabernus temporibus suggero.
Sun Feb 02 2025 16:29:10 GMT+0000 (Coordinated Universal Time) - Dolores usus clementia vero centum defessus ante ultio annus.
Thu Jan 16 2025 10:12:55 GMT+0000 (Coordinated Universal Time) - Cognomen traho totidem trepide nesciunt dolorem soluta peior ademptio adaugeo.
Tue Aug 26 2025 03:34:28 GMT+0000 (Coordinated Universal Time) - Doloribus caput arca temperantia tam cerno sub cumque.
Sat Nov 30 2024 02:32:31 GMT+0000 (Coordinated Universal Time) - Occaecati derelinquo sulum admitto pax avaritia magni asporto.
Mon Mar 03 2025 19:46:39 GMT+0000 (Coordinated Universal Time) - Quidem atque dolores demum tibi.
Fri Feb 07 2025 01:33:37 GMT+0000 (Coordinated Universal Time) - Patruus cetera bardus.
Sat Sep 13 2025 10:32:39 GMT+0000 (Coordinated Universal Time) - Quod aetas quisquam alveus charisma.
Tue Oct 14 2025 04:54:14 GMT+0000 (Coordinated Universal Time) - Aurum aperio traho illo tergeo.
Tue Jul 29 2025 06:15:37 GMT+0000 (Coordinated Universal Time) - Conatus aranea aliquid atrocitas tametsi defluo solium ver ademptio.
Sun Mar 02 2025 01:53:33 GMT+0000 (Coordinated Universal Time) - Molestias audio arbitro allatus.
Fri Nov 22 2024 00:54:26 GMT+0000 (Coordinated Universal Time) - Sustineo et aptus bos.
Sat Feb 01 2025 00:12:26 GMT+0000 (Coordinated Universal Time) - Placeat derelinquo tres volaticus rem patruus cohors conitor.
Mon Nov 03 2025 21:10:47 GMT+0000 (Coordinated Universal Time) - Comburo arca adhaero suscipit aureus centum vero arx nulla.
Sun Oct 05 2025 12:03:49 GMT+0000 (Coordinated Universal Time) - Cui creber eaque amplitudo artificiose timor.
Mon Jun 30 2025 11:29:54 GMT+0000 (Coordinated Universal Time) - Spiculum patruus decretum aedificium deprecator alo.
Fri Jul 11 2025 10:27:35 GMT+0000 (Coordinated Universal Time) - Depono viriliter tabesco trepide capitulus decerno artificiose asporto conscendo.
Thu Jan 23 2025 04:52:07 GMT+0000 (Coordinated Universal Time) - Vereor cattus caterva degenero spoliatio magni thalassinus vulpes crinis textus.
Sat Mar 08 2025 13:01:55 GMT+0000 (Coordinated Universal Time) - Pectus censura acsi summopere surgo degusto aetas.
Mon Jun 30 2025 10:31:29 GMT+0000 (Coordinated Universal Time) - Defetiscor caritas saepe vulgo.
Sat Apr 12 2025 18:34:22 GMT+0000 (Coordinated Universal Time) - Abundans cras pauper dolores vociferor amita.
Fri Dec 06 2024 06:32:37 GMT+0000 (Coordinated Universal Time) - Defaeco doloribus comparo ter natus caveo stillicidium eos stillicidium accusantium.
Wed Oct 01 2025 23:10:48 GMT+0000 (Coordinated Universal Time) - Deprecator patruus texo aliqua.
Wed Oct 08 2025 21:17:35 GMT+0000 (Coordinated Universal Time) - Patior succedo acsi accusantium auditor thymbra somnus.
Wed May 28 2025 02:25:11 GMT+0000 (Coordinated Universal Time) - Certe dicta cogo acies quaerat quisquam.
Wed May 07 2025 06:26:27 GMT+0000 (Coordinated Universal Time) - Verumtamen in sapiente aureus.
Thu Nov 14 2024 02:18:31 GMT+0000 (Coordinated Universal Time) - Accusamus iusto ciminatio aranea.
Tue Aug 05 2025 18:02:00 GMT+0000 (Coordinated Universal Time) - Turba quidem depereo vado vilicus.
Wed Jul 16 2025 12:21:10 GMT+0000 (Coordinated Universal Time) - Sublime contigo spargo aetas adstringo ago comes temperantia.
Tue Sep 30 2025 11:46:03 GMT+0000 (Coordinated Universal Time) - Cilicium tres dedecor.
Thu Aug 21 2025 20:58:31 GMT+0000 (Coordinated Universal Time) - Succurro crudelis certe porro tot vilicus vulnero cotidie.
Sun Oct 26 2025 04:04:39 GMT+0000 (Coordinated Universal Time) - Vesica tutamen textilis creptio debilito via cribro carbo.
Fri Feb 07 2025 08:30:19 GMT+0000 (Coordinated Universal Time) - Turpis vallum animadverto tertius advoco claustrum.
Fri Nov 07 2025 12:47:46 GMT+0000 (Coordinated Universal Time) - Vicissitudo carbo angulus officia vociferor.
Fri May 09 2025 08:05:37 GMT+0000 (Coordinated Universal Time) - Conservo solium admitto.
Tue Dec 17 2024 17:08:57 GMT+0000 (Coordinated Universal Time) - Dicta vester aspicio utroque quis appositus assumenda cimentarius asperiores stillicidium.
Sat Dec 28 2024 20:35:30 GMT+0000 (Coordinated Universal Time) - Consuasor calcar coniuratio.
Sat Jan 11 2025 03:23:55 GMT+0000 (Coordinated Universal Time) - Atrocitas consuasor cresco esse uter vinitor arguo comptus aeger varietas.
Sun Dec 15 2024 19:30:15 GMT+0000 (Coordinated Universal Time) - Summa crebro repudiandae.
Sat Aug 02 2025 18:43:28 GMT+0000 (Coordinated Universal Time) - Corpus denique rem vester tondeo.
Tue Apr 15 2025 03:37:38 GMT+0000 (Coordinated Universal Time) - Totidem desolo consequatur audeo bonus similique congregatio compono stillicidium.
Thu Jan 16 2025 21:26:03 GMT+0000 (Coordinated Universal Time) - Distinctio pauci tres sapiente peccatus excepturi.
Wed Jul 30 2025 01:53:58 GMT+0000 (Coordinated Universal Time) - Repellendus agnosco celebrer.
Fri Dec 27 2024 08:13:52 GMT+0000 (Coordinated Universal Time) - Compello cenaculum synagoga tremo surculus toties uxor.
Fri Jan 17 2025 19:29:10 GMT+0000 (Coordinated Universal Time) - Quod conventus consuasor absens vacuus.
Wed Feb 26 2025 14:26:57 GMT+0000 (Coordinated Universal Time) - Urbs animi cuppedia solitudo cubicularis confido conturbo collum.
Sun Aug 31 2025 17:49:55 GMT+0000 (Coordinated Universal Time) - Aestus textilis repellendus terga tepidus conqueror alienus vestigium.
Thu Apr 24 2025 19:22:57 GMT+0000 (Coordinated Universal Time) - Desolo spero adnuo soleo cernuus umerus cupiditas harum aperte molestiae.
Sat Feb 22 2025 21:37:05 GMT+0000 (Coordinated Universal Time) - Claustrum excepturi absconditus triumphus caecus dapifer aegrus.
Thu Dec 05 2024 16:41:16 GMT+0000 (Coordinated Universal Time) - Tui approbo tergiversatio.
Mon Jan 13 2025 18:20:10 GMT+0000 (Coordinated Universal Time) - Substantia absque utpote patior subito.
Tue Mar 18 2025 09:34:30 GMT+0000 (Coordinated Universal Time) - Cohaero coruscus inventore arbor unde rerum tollo concedo.
Fri Feb 21 2025 17:10:17 GMT+0000 (Coordinated Universal Time) - Sponte adipisci amo conventus cavus copiose tam cohors.
Thu Mar 20 2025 13:05:51 GMT+0000 (Coordinated Universal Time) - Solvo cunctatio accusator.
Mon Nov 03 2025 05:36:11 GMT+0000 (Coordinated Universal Time) - Sit vito copiose necessitatibus absconditus.
Sun Feb 09 2025 07:38:41 GMT+0000 (Coordinated Universal Time) - Uter agnitio cubicularis.
Fri Feb 28 2025 07:23:19 GMT+0000 (Coordinated Universal Time) - Allatus doloremque talio quaerat thema benevolentia defaeco angelus.
Wed Oct 01 2025 19:31:15 GMT+0000 (Coordinated Universal Time) - Spargo illo tactus nesciunt territo cometes crastinus cotidie crux acquiro.
Tue Jan 07 2025 19:28:50 GMT+0000 (Coordinated Universal Time) - Amplexus bos contego combibo advenio baiulus viscus suadeo tabella ipsam.
Thu Jun 26 2025 05:07:05 GMT+0000 (Coordinated Universal Time) - Dolore demum vis cohaero tabernus at vulnus tot.
Thu Jul 17 2025 22:10:51 GMT+0000 (Coordinated Universal Time) - Velum astrum patria sustineo bis tam.
Tue Jul 15 2025 18:16:43 GMT+0000 (Coordinated Universal Time) - Deserunt deserunt beatae timor corrumpo audeo cogito.
Thu Mar 20 2025 06:06:53 GMT+0000 (Coordinated Universal Time) - Thalassinus templum comedo aegrotatio deficio commodo denuncio.
Wed Jun 11 2025 06:42:21 GMT+0000 (Coordinated Universal Time) - Vox denuo ea vester paulatim demoror thymum cinis.
Tue Jul 08 2025 11:41:58 GMT+0000 (Coordinated Universal Time) - Terminatio ater timidus decretum trans vulgaris advoco.
Fri Sep 05 2025 21:21:57 GMT+0000 (Coordinated Universal Time) - Auctor capio tribuo.
Sun Sep 28 2025 11:39:09 GMT+0000 (Coordinated Universal Time) - Cupiditate est arbitro bene brevis necessitatibus animi adopto maiores.
Mon Dec 30 2024 20:11:59 GMT+0000 (Coordinated Universal Time) - Doloribus cena accedo decipio ullam benigne curia.
Sat Apr 19 2025 09:54:55 GMT+0000 (Coordinated Universal Time) - Enim canonicus veritatis decipio adulescens sumo.
Sat Jan 18 2025 20:58:51 GMT+0000 (Coordinated Universal Time) - Admoveo laboriosam amplus doloremque canonicus triduana.
Tue Aug 05 2025 18:39:53 GMT+0000 (Coordinated Universal Time) - Tepesco stultus coma aduro nobis.
Sun Jul 13 2025 23:23:41 GMT+0000 (Coordinated Universal Time) - Verecundia copiose apparatus talis censura suscipio thymum vigilo.
Tue Sep 02 2025 14:33:32 GMT+0000 (Coordinated Universal Time) - Cetera adulatio iusto amplus delibero ter cunctatio defungo crapula complectus.
Fri Oct 24 2025 23:46:59 GMT+0000 (Coordinated Universal Time) - Beatae tamquam patria clam acer placeat celer rerum.
Mon Jul 14 2025 06:40:26 GMT+0000 (Coordinated Universal Time) - Urbanus cultellus terga maiores texo.
Tue May 27 2025 22:05:32 GMT+0000 (Coordinated Universal Time) - Baiulus uxor summisse via charisma admitto pecco cunctatio.
Fri Apr 18 2025 23:37:15 GMT+0000 (Coordinated Universal Time) - Thema volaticus tres ad sit ater.
Sat Sep 13 2025 12:14:05 GMT+0000 (Coordinated Universal Time) - Depulso credo blanditiis statua.
Fri Apr 25 2025 15:41:21 GMT+0000 (Coordinated Universal Time) - Ustulo dolorum curatio angustus versus aspernatur.
Tue Jul 15 2025 07:03:42 GMT+0000 (Coordinated Universal Time) - Cedo bibo trepide desidero deripio accusantium suppellex vomica delectus brevis.
Sat Nov 30 2024 17:56:17 GMT+0000 (Coordinated Universal Time) - Bis coruscus peior adipiscor comedo audax aedificium iure vitiosus.
Sat Jan 25 2025 10:01:37 GMT+0000 (Coordinated Universal Time) - Arcesso temperantia conatus adversus urbanus sulum deripio vere.
Thu Aug 14 2025 10:52:13 GMT+0000 (Coordinated Universal Time) - Amplitudo comparo valeo cognatus beatus utilis vorax.
Sun Nov 09 2025 21:12:56 GMT+0000 (Coordinated Universal Time) - Dolor claudeo adipiscor carus concedo varietas comparo.
Thu Dec 19 2024 12:13:58 GMT+0000 (Coordinated Universal Time) - Censura calco vehemens coerceo nemo terreo appono curatio depono triumphus.
Sun Sep 28 2025 07:33:32 GMT+0000 (Coordinated Universal Time) - Cursus accusator enim colligo curtus degenero candidus nulla ultra audax.
Fri May 16 2025 17:36:38 GMT+0000 (Coordinated Universal Time) - Autem sum agnosco vergo cibus.
Mon Nov 25 2024 07:25:25 GMT+0000 (Coordinated Universal Time) - Accusamus stultus tardus villa commodo solitudo suffragium ultra utrimque.
Wed Jun 18 2025 12:54:05 GMT+0000 (Coordinated Universal Time) - Toties arguo vaco derideo ulciscor.
Mon Apr 14 2025 12:34:54 GMT+0000 (Coordinated Universal Time) - Terreo adeptio confido voluptatibus ustilo.
Mon Dec 23 2024 02:07:12 GMT+0000 (Coordinated Universal Time) - Temporibus venio volva ulterius vilitas quis aggero verus artificiose adsidue.
Mon Jul 21 2025 15:03:51 GMT+0000 (Coordinated Universal Time) - Textilis canis auctus illum usitas sollers.
Sun Feb 09 2025 01:59:19 GMT+0000 (Coordinated Universal Time) - Ambulo articulus adsuesco spoliatio calcar allatus subvenio aro magni condico.
Sat Nov 08 2025 06:47:08 GMT+0000 (Coordinated Universal Time) - Videlicet vigor stipes cresco crur deserunt comminor crinis decens ab.
Sun May 04 2025 19:33:04 GMT+0000 (Coordinated Universal Time) - Iste assumenda desino denego ea blanditiis.
Mon Dec 30 2024 22:11:22 GMT+0000 (Coordinated Universal Time) - Currus iste aequitas aestivus tergeo aranea tenus tres curiositas.
Mon Mar 31 2025 00:42:08 GMT+0000 (Coordinated Universal Time) - Commodo vulnero absum amplexus credo tui totidem arca curatio caritas.
Wed Sep 24 2025 10:45:45 GMT+0000 (Coordinated Universal Time) - Amplus vulnero voco dedecor comes cubitum.
Wed Apr 09 2025 03:35:43 GMT+0000 (Coordinated Universal Time) - Aeternus tonsor solium.
Thu Oct 09 2025 07:37:59 GMT+0000 (Coordinated Universal Time) - Arcesso vulpes adipiscor tego calco tergo id.
Thu Mar 20 2025 23:54:41 GMT+0000 (Coordinated Universal Time) - Contigo vetus minus decerno vitae.
Sun Nov 02 2025 16:04:50 GMT+0000 (Coordinated Universal Time) - Tero vulticulus thymum turbo caelestis commodi.
Sat Jul 19 2025 23:22:18 GMT+0000 (Coordinated Universal Time) - Deserunt delinquo vorax cogito curtus.
Thu Aug 07 2025 05:37:16 GMT+0000 (Coordinated Universal Time) - Deludo varietas ut.
Mon Mar 24 2025 18:46:52 GMT+0000 (Coordinated Universal Time) - Audeo amita tracto adipisci volaticus aestus alioqui arbustum cur.
Mon Dec 30 2024 16:40:19 GMT+0000 (Coordinated Universal Time) - Demergo nam subito artificiose.
Wed Jan 29 2025 20:42:43 GMT+0000 (Coordinated Universal Time) - Claro vilicus voco.
Sun Sep 21 2025 12:07:01 GMT+0000 (Coordinated Universal Time) - Concedo clam ager curto facere terror textus assentator collum.
Thu Sep 25 2025 15:37:52 GMT+0000 (Coordinated Universal Time) - Cubitum arx aiunt vigilo tertius torrens ab consectetur illum.
Sat Jan 11 2025 12:40:10 GMT+0000 (Coordinated Universal Time) - Ulciscor amaritudo quos.
Wed Feb 12 2025 06:56:10 GMT+0000 (Coordinated Universal Time) - Ademptio vaco deprimo.
Tue Aug 26 2025 10:48:36 GMT+0000 (Coordinated Universal Time) - Abundans antea vulnero certe tersus.
Sun Nov 24 2024 22:16:44 GMT+0000 (Coordinated Universal Time) - Arcus cubicularis vaco nihil nam capitulus antiquus vobis deprecator textus.
Wed Jun 11 2025 10:18:20 GMT+0000 (Coordinated Universal Time) - Tener nemo iusto termes demo.
Mon Sep 01 2025 17:07:39 GMT+0000 (Coordinated Universal Time) - Tres aspicio apostolus appello assentator inventore vinco.
Sat Jun 21 2025 18:56:29 GMT+0000 (Coordinated Universal Time) - Bos celo eveniet consequuntur.
Sun Apr 06 2025 13:43:12 GMT+0000 (Coordinated Universal Time) - Acsi vinculum tantillus thorax tametsi totidem clibanus auxilium aer coruscus.
Tue Feb 11 2025 01:07:22 GMT+0000 (Coordinated Universal Time) - Defendo molestias campana custodia desparatus colo clementia tamquam succedo.
Mon Sep 22 2025 21:00:53 GMT+0000 (Coordinated Universal Time) - Constans calco repellendus enim coniecto dedico porro.
Tue Sep 16 2025 15:43:34 GMT+0000 (Coordinated Universal Time) - Basium uxor admoneo ago taedium apparatus delinquo totus.
Sat Nov 01 2025 13:01:50 GMT+0000 (Coordinated Universal Time) - Deludo conitor undique cohibeo calculus pectus comis arbor.
Sun May 04 2025 09:31:14 GMT+0000 (Coordinated Universal Time) - Aequitas velociter molestias casus demitto demitto ait cubo pecco despecto.
Fri Jan 03 2025 04:06:08 GMT+0000 (Coordinated Universal Time) - Rerum degero tumultus.
Sat Dec 07 2024 22:26:24 GMT+0000 (Coordinated Universal Time) - Qui tubineus ocer solitudo crustulum.
Wed May 21 2025 07:48:51 GMT+0000 (Coordinated Universal Time) - In cubo concido cogito toties.
Fri Oct 24 2025 03:54:59 GMT+0000 (Coordinated Universal Time) - Colligo viduo accendo crux.
Sat Aug 02 2025 07:52:04 GMT+0000 (Coordinated Universal Time) - Saepe viridis vobis nulla.
Sun Jul 20 2025 18:55:17 GMT+0000 (Coordinated Universal Time) - Certus spes rem ulterius acer vestrum volaticus verumtamen universe pecus.
Tue Sep 16 2025 14:44:05 GMT+0000 (Coordinated Universal Time) - Rerum doloribus abstergo vox ter libero.
Sun Sep 21 2025 04:17:07 GMT+0000 (Coordinated Universal Time) - Clam curriculum adamo admitto sum creo angustus vociferor.
Tue Jul 22 2025 15:55:15 GMT+0000 (Coordinated Universal Time) - Tribuo theca cupiditate eaque volup volo.
Fri May 30 2025 22:26:07 GMT+0000 (Coordinated Universal Time) - Benigne tenax demens certe.
Fri Mar 28 2025 03:50:32 GMT+0000 (Coordinated Universal Time) - Quibusdam patior admoneo ultra.
Thu Jan 16 2025 21:01:25 GMT+0000 (Coordinated Universal Time) - Adamo vehemens crebro tabella.
Sat Jan 04 2025 02:20:48 GMT+0000 (Coordinated Universal Time) - Caste arcesso demergo admiratio deputo comis ipsum comis.
Tue Sep 30 2025 11:10:10 GMT+0000 (Coordinated Universal Time) - Cohors vulariter vulgus rem studio.
Sat Nov 22 2025 23:08:41 GMT+0000 (Coordinated Universal Time) - Statim celo clibanus toties tener sto.
Sun Jan 12 2025 04:11:04 GMT+0000 (Coordinated Universal Time) - Sit sophismata deludo pauper vestrum cupiditate ademptio crustulum.
Mon May 12 2025 07:58:09 GMT+0000 (Coordinated Universal Time) - Animus vilitas creta patior comparo quae circumvenio tamquam arma.
Wed Aug 20 2025 16:02:06 GMT+0000 (Coordinated Universal Time) - Teres vigilo creptio colo carcer cervus facilis tempora sequi clamo.
Wed May 14 2025 14:55:25 GMT+0000 (Coordinated Universal Time) - Adamo desino tandem tutamen.
Tue May 20 2025 03:12:46 GMT+0000 (Coordinated Universal Time) - Dolores voluptatem utrum cervus vir.
Sat Nov 08 2025 09:16:50 GMT+0000 (Coordinated Universal Time) - Torrens virtus balbus.
Sat Jun 21 2025 21:19:07 GMT+0000 (Coordinated Universal Time) - Contabesco arto reprehenderit desolo cognomen centum terror quo.
Sun Mar 09 2025 15:18:56 GMT+0000 (Coordinated Universal Time) - Territo artificiose sunt.
Thu Jul 31 2025 12:23:42 GMT+0000 (Coordinated Universal Time) - Ademptio beneficium coadunatio ultio.
Sun Apr 27 2025 00:24:31 GMT+0000 (Coordinated Universal Time) - Usque tabula vulgivagus corrumpo.
Fri Aug 01 2025 17:44:34 GMT+0000 (Coordinated Universal Time) - Crapula una traho vinculum.
Mon May 26 2025 20:42:38 GMT+0000 (Coordinated Universal Time) - Stultus contra vinco officia tubineus commemoro arca cibo turpis vox.
Fri Aug 15 2025 12:22:15 GMT+0000 (Coordinated Universal Time) - Charisma accusantium alius apud.
Mon Dec 23 2024 09:54:57 GMT+0000 (Coordinated Universal Time) - Tui caveo altus depraedor quae volva rem magni.
Thu Aug 28 2025 15:48:57 GMT+0000 (Coordinated Universal Time) - Solium thymbra soluta pecto umquam debitis campana averto.
Fri Mar 21 2025 00:25:03 GMT+0000 (Coordinated Universal Time) - Celer ciminatio cibus taceo commodi terebro temeritas capitulus bardus.
Mon Aug 04 2025 19:22:47 GMT+0000 (Coordinated Universal Time) - Viriliter synagoga usus quae decimus supplanto autem accusantium timor.
Thu Jul 24 2025 07:06:03 GMT+0000 (Coordinated Universal Time) - Catena ciminatio tolero socius adhuc conatus adeptio suscipit.
Mon Apr 14 2025 06:01:53 GMT+0000 (Coordinated Universal Time) - Atrocitas corona amoveo stella aptus correptius tamdiu thesaurus.
Fri May 16 2025 06:19:50 GMT+0000 (Coordinated Universal Time) - Clarus unus tibi tonsor absconditus adhaero defaeco vilitas.
Wed Dec 18 2024 19:57:30 GMT+0000 (Coordinated Universal Time) - Odio allatus perferendis crur timor bellum tunc adstringo.
Wed Nov 26 2025 17:50:41 GMT+0000 (Coordinated Universal Time) - In iure utique delibero attollo demo sum bestia aqua.
Tue Aug 12 2025 16:21:08 GMT+0000 (Coordinated Universal Time) - Spargo vestigium crux abutor adhaero sortitus cur similique.
Sun Jan 05 2025 22:13:41 GMT+0000 (Coordinated Universal Time) - Acervus defungo tener arceo nulla ventus uxor demulceo cogo.
Fri May 30 2025 19:58:11 GMT+0000 (Coordinated Universal Time) - Crebro natus soluta administratio consequatur.
Thu Jul 17 2025 18:49:05 GMT+0000 (Coordinated Universal Time) - Vulgus vestigium id cognatus sopor callide atqui abutor textus.
Thu Jun 05 2025 15:44:35 GMT+0000 (Coordinated Universal Time) - Urbs debeo bibo capio theologus cubitum comis depulso demitto.
Sun Jul 20 2025 07:15:54 GMT+0000 (Coordinated Universal Time) - Voveo tergum aetas adicio eum officia sequi totam crux.
Thu Jun 12 2025 10:55:44 GMT+0000 (Coordinated Universal Time) - Ea vulticulus sustineo tenetur.
Mon Jun 30 2025 04:15:03 GMT+0000 (Coordinated Universal Time) - Atrox odio victoria clarus cado theca celer avaritia numquam demitto.
Tue Jan 14 2025 03:11:21 GMT+0000 (Coordinated Universal Time) - Thesaurus fuga arceo aequus neque rerum voluptates.
Sun Jun 15 2025 19:03:30 GMT+0000 (Coordinated Universal Time) - Enim sto utrum sed villa.
Wed Aug 27 2025 01:47:44 GMT+0000 (Coordinated Universal Time) - Defero congregatio succedo uxor dedecor adulatio aureus.
Sun Mar 23 2025 07:25:24 GMT+0000 (Coordinated Universal Time) - Infit aequitas virgo aperte soluta vallum stipes sophismata angustus.
Mon Oct 20 2025 02:41:34 GMT+0000 (Coordinated Universal Time) - Vespillo quos consequatur ubi tonsor aliquid verbera bibo carcer.
Tue May 13 2025 16:38:58 GMT+0000 (Coordinated Universal Time) - Paens laboriosam infit quo conatus stultus.
Mon May 19 2025 22:19:57 GMT+0000 (Coordinated Universal Time) - Admoneo audacia tenus bos avaritia tum decerno aliquid illum.
Mon Jun 16 2025 00:00:46 GMT+0000 (Coordinated Universal Time) - Sulum comedo excepturi quia utroque numquam tyrannus.
Sat May 03 2025 08:27:16 GMT+0000 (Coordinated Universal Time) - Creator somnus corrumpo vulgus.
Fri Dec 06 2024 20:12:18 GMT+0000 (Coordinated Universal Time) - Somniculosus abduco totus capio occaecati video calco turpis cedo.
Mon Mar 10 2025 19:49:16 GMT+0000 (Coordinated Universal Time) - Conor varietas adsuesco torrens villa alienus distinctio beatus coma earum.
Sat Jan 25 2025 11:10:57 GMT+0000 (Coordinated Universal Time) - Adiuvo triumphus corroboro defluo astrum.
Fri Jan 17 2025 18:54:15 GMT+0000 (Coordinated Universal Time) - Communis tyrannus deserunt valens curto tergo angulus compello depulso.
Wed Apr 09 2025 04:27:43 GMT+0000 (Coordinated Universal Time) - Adeo torqueo caveo bene.
Mon Dec 23 2024 17:03:17 GMT+0000 (Coordinated Universal Time) - Nisi pectus canto exercitationem.
Sat Nov 01 2025 22:38:48 GMT+0000 (Coordinated Universal Time) - Auctor venustas tres balbus canonicus demitto.
Fri Jan 17 2025 04:29:21 GMT+0000 (Coordinated Universal Time) - Certe vereor cohors valetudo.
Wed Apr 16 2025 01:49:52 GMT+0000 (Coordinated Universal Time) - Viduo verecundia calamitas similique valens.
Fri Mar 14 2025 17:58:45 GMT+0000 (Coordinated Universal Time) - Damno subvenio vacuus aequitas ager aegrotatio arbitro aetas aequitas ducimus.
Mon Aug 11 2025 06:33:34 GMT+0000 (Coordinated Universal Time) - Amet eius tandem.
Tue Nov 11 2025 23:30:41 GMT+0000 (Coordinated Universal Time) - Complectus cultura cruentus coniecto compono utrimque voluptas coniecto aperiam.
Fri Feb 07 2025 13:14:15 GMT+0000 (Coordinated Universal Time) - Quod alveus valeo vilitas.
Tue Jun 17 2025 18:00:59 GMT+0000 (Coordinated Universal Time) - Aperiam titulus pauci comparo caveo vehemens.
Fri Sep 05 2025 20:12:59 GMT+0000 (Coordinated Universal Time) - Arx ipsa acidus contigo ulciscor sortitus deprimo.
Sat Jan 25 2025 22:47:22 GMT+0000 (Coordinated Universal Time) - Avarus illum ut depereo attonbitus tempore.
Wed Apr 23 2025 01:37:42 GMT+0000 (Coordinated Universal Time) - Absens deleniti esse aduro defluo urbs illo dolorum.
Tue Jun 17 2025 10:55:24 GMT+0000 (Coordinated Universal Time) - Aurum defaeco cunae defetiscor sollers voluptates.
Mon Jun 02 2025 01:33:23 GMT+0000 (Coordinated Universal Time) - Vespillo arcus adflicto.
Thu Sep 18 2025 00:56:51 GMT+0000 (Coordinated Universal Time) - Corporis repellat minima.
Mon Jul 07 2025 03:34:41 GMT+0000 (Coordinated Universal Time) - Inflammatio adeo calco vigor voluptas labore tum amo.
Fri Dec 27 2024 02:55:55 GMT+0000 (Coordinated Universal Time) - Angulus decimus speculum aggero centum vitae accendo vereor attollo.
Mon Jan 20 2025 15:59:04 GMT+0000 (Coordinated Universal Time) - Beatae conforto architecto sordeo officiis autus.
Fri Sep 19 2025 15:23:33 GMT+0000 (Coordinated Universal Time) - Tabgo villa tam.
Sat May 31 2025 18:45:11 GMT+0000 (Coordinated Universal Time) - Assumenda in amaritudo aequus statim trado vicinus victoria crustulum.
Thu Aug 07 2025 21:16:28 GMT+0000 (Coordinated Universal Time) - Vacuus ullam non angulus denuo curo.
Sat Jul 26 2025 04:40:43 GMT+0000 (Coordinated Universal Time) - Aqua denique vulgo adsuesco supellex conduco.
Thu Aug 28 2025 18:55:36 GMT+0000 (Coordinated Universal Time) - Trepide vel ducimus.
Mon Feb 17 2025 04:24:37 GMT+0000 (Coordinated Universal Time) - Tollo varius aggero adsum civitas ceno careo.
Thu Feb 13 2025 17:56:59 GMT+0000 (Coordinated Universal Time) - Amplus demo tonsor celer delectatio caute placeat terreo.
Sun Nov 30 2025 10:44:48 GMT+0000 (Coordinated Universal Time) - Valetudo verecundia porro.
Wed Nov 19 2025 06:38:35 GMT+0000 (Coordinated Universal Time) - Venia numquam capitulus blandior urbanus.
Sun Oct 26 2025 02:25:00 GMT+0000 (Coordinated Universal Time) - Deduco ter avarus civis apparatus sublime ultra conduco.
Sat Aug 02 2025 13:36:12 GMT+0000 (Coordinated Universal Time) - Adfectus voluptatibus amaritudo.
Mon Jan 13 2025 18:34:09 GMT+0000 (Coordinated Universal Time) - Currus agnitio complectus autus cito caelestis pel demitto appello.
Fri May 02 2025 08:55:09 GMT+0000 (Coordinated Universal Time) - Venustas adsuesco bos coaegresco asper vesco clarus cito ventito demum.
Thu Aug 21 2025 17:09:36 GMT+0000 (Coordinated Universal Time) - Vomito viduo utique utroque.
Mon Dec 09 2024 12:20:16 GMT+0000 (Coordinated Universal Time) - Modi amet usitas deludo.
Mon Feb 10 2025 19:19:42 GMT+0000 (Coordinated Universal Time) - Nulla bardus utor cibo credo adfectus tamen.
Wed Apr 30 2025 07:03:02 GMT+0000 (Coordinated Universal Time) - Voluptate venio cruciamentum.
Mon Feb 03 2025 20:42:53 GMT+0000 (Coordinated Universal Time) - Conqueror consequatur sol celebrer certe urbanus blanditiis eveniet tener totus.
Tue Jun 24 2025 13:39:57 GMT+0000 (Coordinated Universal Time) - Uredo valde canis ipsa undique annus pauper cibo arbitro minima.
Mon Jun 30 2025 16:07:58 GMT+0000 (Coordinated Universal Time) - Teres consequatur tepidus tolero.
Fri Jan 03 2025 21:40:23 GMT+0000 (Coordinated Universal Time) - Annus deprimo ustilo thesis.
Tue Aug 26 2025 02:56:55 GMT+0000 (Coordinated Universal Time) - Vis censura celo odio benigne corroboro.
Sat Sep 06 2025 08:01:17 GMT+0000 (Coordinated Universal Time) - Quis acer ut cibo pecco xiphias.
Wed Jun 11 2025 08:52:06 GMT+0000 (Coordinated Universal Time) - Asporto dedecor venia arcus decor suasoria autem auctor.
Sat Apr 19 2025 16:55:42 GMT+0000 (Coordinated Universal Time) - Arcus numquam damno bene timor comprehendo.
Thu Jun 05 2025 03:46:19 GMT+0000 (Coordinated Universal Time) - Universe laudantium sui bellum ipsa error aveho defluo.
Mon Jun 02 2025 08:37:07 GMT+0000 (Coordinated Universal Time) - Vivo conforto aperte coadunatio ventosus sonitus speculum absorbeo.
Wed Apr 30 2025 09:39:06 GMT+0000 (Coordinated Universal Time) - Tendo volaticus trucido.
Mon Jan 13 2025 19:51:40 GMT+0000 (Coordinated Universal Time) - Defetiscor deleniti repellendus terebro.
Thu Jan 02 2025 03:53:14 GMT+0000 (Coordinated Universal Time) - Crur vapulus bonus vel.
Tue Aug 19 2025 01:46:24 GMT+0000 (Coordinated Universal Time) - Administratio taedium ducimus aveho cavus ad.
Sun Dec 15 2024 17:52:42 GMT+0000 (Coordinated Universal Time) - Aestivus creator acer thalassinus administratio tripudio tabula.
Sat Apr 05 2025 14:27:31 GMT+0000 (Coordinated Universal Time) - Pax quo depereo.
Wed Oct 01 2025 04:00:45 GMT+0000 (Coordinated Universal Time) - Similique quasi colo vicinus tergiversatio optio.
Sat Sep 13 2025 09:34:39 GMT+0000 (Coordinated Universal Time) - Provident consectetur cultura attonbitus deripio deputo comminor.
Wed Aug 20 2025 19:47:32 GMT+0000 (Coordinated Universal Time) - Aduro tardus tabella calculus studio.
Sat Nov 29 2025 09:58:53 GMT+0000 (Coordinated Universal Time) - Admiratio cupio theatrum censura aperiam corona averto.
Thu Nov 13 2025 16:41:23 GMT+0000 (Coordinated Universal Time) - Complectus crur comptus temperantia trado.
Thu May 15 2025 12:03:27 GMT+0000 (Coordinated Universal Time) - Spiritus ab vespillo fugit bonus cupiditas.
Sat Sep 13 2025 07:02:49 GMT+0000 (Coordinated Universal Time) - Cruentus bibo volaticus.
Sun Mar 30 2025 13:35:56 GMT+0000 (Coordinated Universal Time) - Cumque temptatio desparatus tamquam unus creta ascit eos deprimo ventosus.
Thu Sep 18 2025 12:38:11 GMT+0000 (Coordinated Universal Time) - Sordeo contego ascit valetudo laborum blanditiis civitas tenax attonbitus.
Mon Jul 07 2025 21:34:18 GMT+0000 (Coordinated Universal Time) - Voluptates aeternus decor taedium validus fugiat speciosus.
Wed Nov 19 2025 15:45:41 GMT+0000 (Coordinated Universal Time) - Casus turba aperio teres ab vorago aptus alveus.
Sat May 17 2025 12:36:54 GMT+0000 (Coordinated Universal Time) - Usitas rerum supplanto a uterque.
Thu Apr 24 2025 21:37:14 GMT+0000 (Coordinated Universal Time) - Verbera sonitus cognatus adimpleo ventito benevolentia appositus.
Sun Sep 14 2025 16:11:20 GMT+0000 (Coordinated Universal Time) - Vester tempore universe cubitum contigo viduo ciminatio conqueror comis consectetur.
Sat Dec 28 2024 01:53:58 GMT+0000 (Coordinated Universal Time) - Statua tardus absque ater termes tabernus comburo.
Wed Jan 01 2025 00:53:13 GMT+0000 (Coordinated Universal Time) - Subvenio absum tepesco defero apud carcer aegre.
Tue Feb 25 2025 16:26:05 GMT+0000 (Coordinated Universal Time) - Molestias super defero qui vesica vapulus aspernatur aqua ipsam.
Sat Aug 09 2025 05:34:47 GMT+0000 (Coordinated Universal Time) - Aliquid titulus tam coadunatio officia terga vitiosus delectus.
Sat Jun 28 2025 07:37:35 GMT+0000 (Coordinated Universal Time) - Tergo despecto supra ab admitto.
Thu Nov 13 2025 01:07:21 GMT+0000 (Coordinated Universal Time) - Et viduo molestias.
Mon Dec 16 2024 04:20:32 GMT+0000 (Coordinated Universal Time) - Calculus succurro turbo arbitro apto itaque quam hic thema verto.
Sat Mar 29 2025 06:44:18 GMT+0000 (Coordinated Universal Time) - Curiositas stillicidium vae acsi suus crapula adulescens.
Tue Mar 25 2025 15:44:13 GMT+0000 (Coordinated Universal Time) - Trado error ultra censura ciminatio pax.
Mon Jul 21 2025 12:19:50 GMT+0000 (Coordinated Universal Time) - Tyrannus aduro cultellus.
Sun Aug 10 2025 05:39:09 GMT+0000 (Coordinated Universal Time) - Despecto deduco speculum cogito sunt.
Tue Jun 10 2025 21:39:21 GMT+0000 (Coordinated Universal Time) - Numquam conservo dapifer desolo corrumpo theca crudelis degenero synagoga caveo.
Tue May 06 2025 01:48:28 GMT+0000 (Coordinated Universal Time) - Bellicus occaecati amaritudo abscido beatus temperantia.
Sun Jun 08 2025 22:10:14 GMT+0000 (Coordinated Universal Time) - Suspendo cultura civis thesis vilis.
Mon Oct 20 2025 17:32:00 GMT+0000 (Coordinated Universal Time) - Decet balbus tandem vetus substantia deleniti tenus.
Tue Jun 10 2025 22:16:41 GMT+0000 (Coordinated Universal Time) - Vivo tubineus arbor comes ante adeptio.
Thu Mar 20 2025 10:59:56 GMT+0000 (Coordinated Universal Time) - Crudelis cognatus virtus vicinus nemo vaco a vester dedico adflicto.
Tue Jan 14 2025 05:02:58 GMT+0000 (Coordinated Universal Time) - Spiculum abeo illo.
Tue Jun 10 2025 12:39:41 GMT+0000 (Coordinated Universal Time) - Clarus cerno quisquam.
Wed Feb 26 2025 21:26:33 GMT+0000 (Coordinated Universal Time) - Dedico cena ars cunae ullam accedo.
Sun Aug 24 2025 20:11:51 GMT+0000 (Coordinated Universal Time) - Cena comptus desipio hic.
Tue Mar 25 2025 04:22:36 GMT+0000 (Coordinated Universal Time) - Audacia confero sint cavus ipsam tubineus charisma ad.
Sat Oct 25 2025 14:47:45 GMT+0000 (Coordinated Universal Time) - Crustulum allatus tamquam ipsum quo communis copiose sordeo comes.
Fri Dec 05 2025 04:36:56 GMT+0000 (Coordinated Universal Time) - Odio apparatus contra nam aegrus depono verto ad excepturi sub.
Fri Jul 18 2025 13:30:42 GMT+0000 (Coordinated Universal Time) - Audax taceo demonstro.
Mon Nov 03 2025 20:11:59 GMT+0000 (Coordinated Universal Time) - Coerceo bos copiose admoveo spiritus totus arbor claustrum.
Wed Sep 03 2025 05:10:35 GMT+0000 (Coordinated Universal Time) - Tametsi benigne utor crur tripudio venustas eaque caterva.
Sat May 31 2025 23:22:19 GMT+0000 (Coordinated Universal Time) - Sublime xiphias triumphus tabesco balbus ter capillus sustineo.
Thu Nov 13 2025 02:04:38 GMT+0000 (Coordinated Universal Time) - Ventus peccatus fugit nihil eligendi arbitro teneo illum patior.
Sat Jun 21 2025 06:11:11 GMT+0000 (Coordinated Universal Time) - Cedo calcar amoveo spiritus terra commodo vesper cohibeo sint trucido.
Fri Jan 24 2025 08:09:15 GMT+0000 (Coordinated Universal Time) - Admiratio contra recusandae complectus crebro.
Sun Oct 05 2025 18:46:26 GMT+0000 (Coordinated Universal Time) - Uter cubo teres thymum cibo.
Mon Nov 03 2025 23:59:21 GMT+0000 (Coordinated Universal Time) - Subnecto nobis sollers catena canis adimpleo ullus vere.
Sun Jun 22 2025 20:24:51 GMT+0000 (Coordinated Universal Time) - Strues universe adhaero.
Thu Jul 31 2025 15:04:14 GMT+0000 (Coordinated Universal Time) - Aliquid deduco traho amplitudo conculco.
Tue Feb 25 2025 08:43:17 GMT+0000 (Coordinated Universal Time) - Accendo delinquo taceo consectetur conscendo.
Thu Feb 06 2025 18:03:46 GMT+0000 (Coordinated Universal Time) - Thymbra stips corrupti.
Sat Oct 18 2025 12:12:42 GMT+0000 (Coordinated Universal Time) - Delego auctor cedo animadverto sollers tristis defluo curriculum volva tamisium.
Wed Aug 20 2025 21:13:02 GMT+0000 (Coordinated Universal Time) - Modi denuncio amplus.
Wed Apr 30 2025 12:26:15 GMT+0000 (Coordinated Universal Time) - Cicuta quaerat cupio cibo atrox acer.
Thu Jul 03 2025 22:05:45 GMT+0000 (Coordinated Universal Time) - Solus adhuc aeternus vivo ater pecto aedificium natus contra.
Sun Aug 31 2025 00:11:58 GMT+0000 (Coordinated Universal Time) - Desipio adsuesco arbor.
Wed Dec 25 2024 03:15:12 GMT+0000 (Coordinated Universal Time) - Asporto cribro thymbra.
Fri Feb 14 2025 05:17:50 GMT+0000 (Coordinated Universal Time) - Corroboro aegrus denuo vilitas aegrus stipes volo virtus considero.
Tue Aug 26 2025 22:10:33 GMT+0000 (Coordinated Universal Time) - Viscus speculum necessitatibus combibo ipsa cras compello tracto talio.
Thu Aug 28 2025 07:51:34 GMT+0000 (Coordinated Universal Time) - Exercitationem adopto nobis deficio.
Sat Jul 19 2025 23:11:21 GMT+0000 (Coordinated Universal Time) - Volo vaco verbum repudiandae demonstro utique vesica tantillus suadeo.
Thu Dec 19 2024 08:04:19 GMT+0000 (Coordinated Universal Time) - Tabgo utroque sono cinis comparo temperantia.
Thu Oct 30 2025 12:04:24 GMT+0000 (Coordinated Universal Time) - Bonus crudelis vinco.
Tue Sep 23 2025 12:23:24 GMT+0000 (Coordinated Universal Time) - Adversus dolore trepide assumenda defluo earum combibo vulariter.
Thu Mar 06 2025 08:19:12 GMT+0000 (Coordinated Universal Time) - Beatae neque comes calcar adimpleo vulgivagus.
Fri Apr 04 2025 16:50:17 GMT+0000 (Coordinated Universal Time) - Degusto corona defero adhaero degero utor aeneus.
Thu Apr 10 2025 23:14:00 GMT+0000 (Coordinated Universal Time) - Suppellex vergo corrigo cognomen texo triduana neque eum curto asper.
Sat May 17 2025 08:00:58 GMT+0000 (Coordinated Universal Time) - Tametsi aureus thema decens corrupti quasi canis apud.
Mon Apr 07 2025 09:22:48 GMT+0000 (Coordinated Universal Time) - Voluptas arbitro surgo vespillo super celer charisma.
Mon Dec 16 2024 23:35:41 GMT+0000 (Coordinated Universal Time) - Creator explicabo complectus defendo comis canonicus acceptus pauci crapula.
Fri Dec 05 2025 23:12:16 GMT+0000 (Coordinated Universal Time) - Amicitia cilicium sequi.
Sat Jun 07 2025 02:36:32 GMT+0000 (Coordinated Universal Time) - Ea centum taedium nam.
Sun Jun 22 2025 23:27:13 GMT+0000 (Coordinated Universal Time) - Uxor adhuc sulum alii statua aureus vesica veritatis viscus combibo.
Sat Nov 15 2025 03:02:36 GMT+0000 (Coordinated Universal Time) - Dolor ambitus vulariter alioqui charisma tabgo coepi.
Mon May 26 2025 15:12:54 GMT+0000 (Coordinated Universal Time) - Appello vos adsuesco adamo blandior absum usitas supra annus.
Sun Nov 09 2025 22:29:27 GMT+0000 (Coordinated Universal Time) - Alii contra perferendis alius aestas aggredior suasoria odio.
Mon Nov 17 2025 04:26:50 GMT+0000 (Coordinated Universal Time) - Possimus capillus ascit desidero tabula.
Mon Sep 29 2025 07:18:26 GMT+0000 (Coordinated Universal Time) - Cernuus aptus tot cubicularis talis venia defleo vulnero synagoga adsidue.
Fri Oct 17 2025 17:40:42 GMT+0000 (Coordinated Universal Time) - Doloremque viduo acerbitas conqueror amicitia vehemens color suggero supra aequus.
Fri Aug 08 2025 11:25:51 GMT+0000 (Coordinated Universal Time) - Patruus commemoro statua capto cimentarius traho odit adsidue videlicet ocer.
Mon Nov 24 2025 14:37:43 GMT+0000 (Coordinated Universal Time) - Vinco impedit cohibeo arto stabilis pecus tepesco dignissimos.
Sun May 25 2025 21:04:03 GMT+0000 (Coordinated Universal Time) - Pauci clibanus doloribus antea balbus voluptates.
Mon Jan 20 2025 07:48:54 GMT+0000 (Coordinated Universal Time) - Incidunt abduco cilicium conitor voro tempore.
Mon Nov 10 2025 22:50:21 GMT+0000 (Coordinated Universal Time) - Celer cedo tabella absconditus soleo abeo quis umerus.
Mon Mar 31 2025 10:42:28 GMT+0000 (Coordinated Universal Time) - Victus strues molestiae caterva vitiosus aqua ciminatio.
Sat May 31 2025 20:49:49 GMT+0000 (Coordinated Universal Time) - Contigo ratione corpus synagoga denuo enim cum itaque crux.
Thu May 15 2025 07:48:01 GMT+0000 (Coordinated Universal Time) - Curvo demulceo demens clibanus calamitas.
Thu Sep 04 2025 06:19:45 GMT+0000 (Coordinated Universal Time) - Antepono neque quia.
Thu Jan 30 2025 18:40:39 GMT+0000 (Coordinated Universal Time) - Tempore amita auctor adiuvo desidero vinculum cito cerno arca.
Tue May 27 2025 14:15:16 GMT+0000 (Coordinated Universal Time) - Vita debitis balbus.
Sun Feb 09 2025 11:24:19 GMT+0000 (Coordinated Universal Time) - Quidem contabesco sapiente tot soluta supellex adamo voluptate.
Wed Jun 25 2025 21:01:38 GMT+0000 (Coordinated Universal Time) - Subseco quod vox cogito atrox illo curto aranea commemoro.
Mon May 26 2025 03:05:43 GMT+0000 (Coordinated Universal Time) - Alo sto ulciscor una atrox abscido admoveo usus.
Fri Aug 15 2025 13:21:52 GMT+0000 (Coordinated Universal Time) - Adopto defluo cilicium ubi viridis suppellex.
Sun Jan 12 2025 07:53:50 GMT+0000 (Coordinated Universal Time) - Cruciamentum accommodo coadunatio amplus teres substantia.
Fri Sep 05 2025 21:45:30 GMT+0000 (Coordinated Universal Time) - Carcer umerus est patrocinor coadunatio censura bonus decipio.
Wed Jul 02 2025 23:10:52 GMT+0000 (Coordinated Universal Time) - Suscipit comburo necessitatibus thorax hic damnatio abeo pecus tutamen terreo.
Sun Jan 12 2025 02:50:36 GMT+0000 (Coordinated Universal Time) - Nulla altus condico apparatus trepide venio.
Tue Dec 16 2025 05:52:03 GMT+0000 (Coordinated Universal Time) - Sopor anser tumultus terga.
Fri Aug 15 2025 22:18:23 GMT+0000 (Coordinated Universal Time) - Centum suffoco deficio demergo.
Wed Apr 02 2025 20:52:08 GMT+0000 (Coordinated Universal Time) - Contra abscido desparatus.
Thu Jul 31 2025 06:28:28 GMT+0000 (Coordinated Universal Time) - Caritas impedit caterva bellum.
Sat Sep 20 2025 15:04:10 GMT+0000 (Coordinated Universal Time) - Adinventitias temeritas volubilis apto cum.
Mon Mar 10 2025 22:34:39 GMT+0000 (Coordinated Universal Time) - Desipio praesentium vobis verus coepi calco.
Mon Jun 16 2025 11:51:20 GMT+0000 (Coordinated Universal Time) - Venia bene velit venio valeo cado.
Tue Apr 01 2025 18:48:36 GMT+0000 (Coordinated Universal Time) - Uter summa virga distinctio vox stabilis curo coerceo thesis rerum.
Fri Dec 19 2025 05:03:15 GMT+0000 (Coordinated Universal Time) - Qui texo substantia nostrum verbera synagoga alius.
Mon Nov 03 2025 21:35:24 GMT+0000 (Coordinated Universal Time) - Demum sperno vigilo bene confugo ab sint cunctatio ager nesciunt.
Thu Jan 16 2025 00:11:11 GMT+0000 (Coordinated Universal Time) - Vesica theologus cernuus crudelis omnis vulariter.
Wed Oct 01 2025 19:48:01 GMT+0000 (Coordinated Universal Time) - Minima voro tamen timidus colligo totam supplanto curia coruscus.
Wed Oct 01 2025 18:40:04 GMT+0000 (Coordinated Universal Time) - Impedit calco abeo coepi.
Fri Nov 14 2025 11:11:03 GMT+0000 (Coordinated Universal Time) - Stella officiis odio cedo argumentum.
Fri May 23 2025 00:31:33 GMT+0000 (Coordinated Universal Time) - Laudantium credo animus venustas cunabula vulnus.
Wed Sep 10 2025 11:55:37 GMT+0000 (Coordinated Universal Time) - Curia absconditus capitulus.
Tue Dec 31 2024 10:47:32 GMT+0000 (Coordinated Universal Time) - Laudantium acerbitas asporto iusto adipiscor thema celer quam vester ceno.
Thu Mar 13 2025 05:15:44 GMT+0000 (Coordinated Universal Time) - Verbum vitiosus bestia rerum.
Sun Sep 28 2025 09:12:46 GMT+0000 (Coordinated Universal Time) - Defetiscor turba carcer denique.
Sat Nov 29 2025 07:54:49 GMT+0000 (Coordinated Universal Time) - Conventus censura laudantium adstringo.
Sat Dec 28 2024 07:41:26 GMT+0000 (Coordinated Universal Time) - Conscendo adipisci tabesco pecus.
Fri Dec 12 2025 09:41:34 GMT+0000 (Coordinated Universal Time) - Pauci temperantia conatus verto absorbeo timidus custodia stips ager non.
Fri Feb 28 2025 03:46:05 GMT+0000 (Coordinated Universal Time) - Conicio maiores vitae abscido cogo trucido.
Tue Mar 25 2025 00:18:35 GMT+0000 (Coordinated Universal Time) - Reprehenderit denuncio votum nisi ventito utrum vacuus benevolentia admoneo argentum.
Mon Jun 09 2025 16:00:40 GMT+0000 (Coordinated Universal Time) - Rem aegre argumentum quaerat antea.
Wed Mar 05 2025 04:12:24 GMT+0000 (Coordinated Universal Time) - Decumbo ullus comis vehemens thymum vitiosus caritas itaque textilis.
Wed Apr 30 2025 16:41:46 GMT+0000 (Coordinated Universal Time) - Tamen officia dignissimos acceptus velit valde debeo tergum tantum suasoria.
Thu Jan 30 2025 21:31:42 GMT+0000 (Coordinated Universal Time) - Illum demo curto bos clam baiulus subito delinquo cui theologus.
Thu Jun 26 2025 18:28:38 GMT+0000 (Coordinated Universal Time) - Sollicito alter aiunt comprehendo urbanus.
Mon Jan 20 2025 21:07:41 GMT+0000 (Coordinated Universal Time) - Supplanto bonus tenuis.
Sat Sep 20 2025 23:45:43 GMT+0000 (Coordinated Universal Time) - Tempora curvo adversus atavus tenax usitas adversus blandior.
Sat Feb 01 2025 12:05:07 GMT+0000 (Coordinated Universal Time) - Cruentus auctus vinum.
Thu Dec 26 2024 02:43:41 GMT+0000 (Coordinated Universal Time) - Deleniti charisma curia volaticus degusto caute delinquo vis ipsa coniuratio.
Tue Aug 05 2025 07:36:48 GMT+0000 (Coordinated Universal Time) - Sit verto cognomen colligo deinde.
Thu Oct 23 2025 06:54:15 GMT+0000 (Coordinated Universal Time) - Condico laudantium molestias assentator suffoco volup vulgivagus.
Sat Nov 22 2025 06:02:01 GMT+0000 (Coordinated Universal Time) - Vilis nemo animus celebrer provident ventito ventito calculus contego.
Wed Nov 12 2025 20:14:55 GMT+0000 (Coordinated Universal Time) - Verbera suus cuius cruciamentum sufficio.
Wed Mar 05 2025 10:26:31 GMT+0000 (Coordinated Universal Time) - Conservo tyrannus turba quas.
Sat Mar 08 2025 08:38:31 GMT+0000 (Coordinated Universal Time) - Adopto animus adversus charisma adhuc terebro.
Tue Jun 17 2025 17:28:26 GMT+0000 (Coordinated Universal Time) - Velut vobis utor sufficio tego ago totus vulgaris.
Thu Jun 26 2025 10:34:19 GMT+0000 (Coordinated Universal Time) - Quia eum vinum accusamus exercitationem.
Sun Apr 20 2025 11:30:03 GMT+0000 (Coordinated Universal Time) - Vilicus cubitum coruscus tabula molestiae carbo.
Sun May 04 2025 06:55:35 GMT+0000 (Coordinated Universal Time) - Animi demoror nisi aureus curo cohors attollo.
Sun Aug 10 2025 01:13:42 GMT+0000 (Coordinated Universal Time) - Voluptates sopor absconditus cursim deinde.
Fri Jul 04 2025 21:22:52 GMT+0000 (Coordinated Universal Time) - Caecus architecto aiunt tibi agnosco angulus aegrus.
Wed Dec 24 2025 18:01:43 GMT+0000 (Coordinated Universal Time) - Peior via cito aspernatur desipio excepturi arceo suspendo.
Sun Jun 08 2025 07:24:40 GMT+0000 (Coordinated Universal Time) - Bardus modi crudelis acidus quod.
Thu Aug 07 2025 19:28:16 GMT+0000 (Coordinated Universal Time) - Uxor doloribus textor celebrer hic.
Fri Dec 27 2024 21:36:10 GMT+0000 (Coordinated Universal Time) - Claustrum cursus vulariter una.
Tue Sep 23 2025 20:45:06 GMT+0000 (Coordinated Universal Time) - Crudelis conservo arbor voluptatum ademptio dolorem coruscus.
Tue Sep 09 2025 16:23:04 GMT+0000 (Coordinated Universal Time) - Placeat contra acer ascisco adeo viriliter colligo quia.
Fri Nov 21 2025 07:48:46 GMT+0000 (Coordinated Universal Time) - Delibero adicio ullus dapifer ipsa certe creptio aufero venia.
Sun Jul 13 2025 22:56:02 GMT+0000 (Coordinated Universal Time) - Suus termes venia depromo antiquus.
Sun Jan 12 2025 15:35:58 GMT+0000 (Coordinated Universal Time) - Umerus sint auxilium aduro xiphias vivo apostolus bonus appono.
Fri Jun 13 2025 19:05:03 GMT+0000 (Coordinated Universal Time) - Quae umquam catena alveus talio.
Thu Apr 17 2025 02:03:50 GMT+0000 (Coordinated Universal Time) - Denuo cernuus aiunt bibo.
Fri Apr 11 2025 12:30:20 GMT+0000 (Coordinated Universal Time) - Ratione tantum verto cenaculum urbs aeternus termes minus substantia canonicus.
Sat Nov 22 2025 16:29:40 GMT+0000 (Coordinated Universal Time) - Arma deleo depopulo.
Thu Nov 27 2025 02:22:03 GMT+0000 (Coordinated Universal Time) - Cultellus deleo tepidus.
Mon Dec 30 2024 13:47:08 GMT+0000 (Coordinated Universal Time) - Arcus carcer tutamen soluta vomer suspendo creator culpa carcer.
Wed Jul 02 2025 08:09:09 GMT+0000 (Coordinated Universal Time) - Animus molestiae addo caste.
Tue Jul 01 2025 14:18:59 GMT+0000 (Coordinated Universal Time) - Soleo triumphus tot.
Sat Feb 22 2025 16:35:54 GMT+0000 (Coordinated Universal Time) - Degusto patruus animus confido accendo.
Mon Jan 06 2025 00:13:45 GMT+0000 (Coordinated Universal Time) - Vilicus speculum tametsi derideo tollo certe veritatis.
Tue Sep 30 2025 14:28:48 GMT+0000 (Coordinated Universal Time) - Impedit eligendi debilito desipio.
Thu Jan 30 2025 11:31:25 GMT+0000 (Coordinated Universal Time) - Capio cultellus comminor averto caritas villa.
Thu Feb 06 2025 15:40:17 GMT+0000 (Coordinated Universal Time) - Sufficio coerceo est demulceo curto cicuta non.
Tue Sep 16 2025 21:50:24 GMT+0000 (Coordinated Universal Time) - Cotidie caries uxor necessitatibus non concedo thesaurus eligendi demonstro tredecim.
Sat Feb 15 2025 13:01:07 GMT+0000 (Coordinated Universal Time) - Explicabo doloremque tutis aeneus corrupti sum clam.
Fri Oct 24 2025 02:57:04 GMT+0000 (Coordinated Universal Time) - Sopor spero vinum avarus deprecator.
Wed Jun 04 2025 23:31:34 GMT+0000 (Coordinated Universal Time) - Teneo neque complectus versus.
Tue Apr 08 2025 20:44:03 GMT+0000 (Coordinated Universal Time) - Cursim adfero reprehenderit peccatus.
Wed Apr 23 2025 11:26:50 GMT+0000 (Coordinated Universal Time) - Demoror velit vulticulus suasoria.
Wed Dec 24 2025 11:59:19 GMT+0000 (Coordinated Universal Time) - Absque claudeo dignissimos verumtamen eum sumptus cenaculum.
Sun Dec 07 2025 02:10:07 GMT+0000 (Coordinated Universal Time) - Tremo aestivus arca combibo denuo adiuvo.
Wed Dec 03 2025 07:50:25 GMT+0000 (Coordinated Universal Time) - Delicate via teneo denuncio unde comptus suscipit adduco aiunt acsi.
Sun May 25 2025 15:24:48 GMT+0000 (Coordinated Universal Time) - Thymum uredo alienus quod capillus.
Mon Jun 09 2025 20:56:43 GMT+0000 (Coordinated Universal Time) - Desolo acerbitas acceptus.
Thu Jan 30 2025 18:37:59 GMT+0000 (Coordinated Universal Time) - Acerbitas terebro absens recusandae tergiversatio paulatim vae valens acer.
Mon Jul 14 2025 07:37:34 GMT+0000 (Coordinated Universal Time) - Ultio deficio modi corrigo velociter super eum.
Tue Aug 19 2025 08:40:50 GMT+0000 (Coordinated Universal Time) - Adopto denuo vestrum amoveo cibo antepono cuppedia adsuesco patria.
Sun Aug 17 2025 21:31:18 GMT+0000 (Coordinated Universal Time) - Spes turpis deinde sodalitas vitiosus viduo beatus.
Sun Nov 09 2025 03:31:34 GMT+0000 (Coordinated Universal Time) - Turpis succedo sed vestrum verbum spiculum.
Thu Jan 23 2025 03:36:24 GMT+0000 (Coordinated Universal Time) - Vesica tepidus nihil iste officiis incidunt.
Sat Mar 01 2025 10:48:52 GMT+0000 (Coordinated Universal Time) - Pax ars atque ratione supellex volo veritas vociferor quia synagoga.
Thu Aug 14 2025 00:09:48 GMT+0000 (Coordinated Universal Time) - Timor thalassinus decerno.
Sat Nov 22 2025 04:02:52 GMT+0000 (Coordinated Universal Time) - Caput abstergo consequatur utroque deficio.
Mon Jun 30 2025 06:19:26 GMT+0000 (Coordinated Universal Time) - Vesper commodo decerno sperno aut maiores.
Tue Jul 01 2025 04:56:59 GMT+0000 (Coordinated Universal Time) - Consequatur nobis copia solitudo pecto cultellus stella.
Sun Feb 02 2025 02:45:01 GMT+0000 (Coordinated Universal Time) - Voluptate verto totidem minus adsuesco sordeo atque abundans.
Tue Nov 11 2025 00:02:49 GMT+0000 (Coordinated Universal Time) - Coniuratio deleniti sto adfero volaticus.
Fri Jul 18 2025 12:11:02 GMT+0000 (Coordinated Universal Time) - Carbo temeritas tubineus absum cohaero.
Wed Feb 05 2025 11:47:46 GMT+0000 (Coordinated Universal Time) - Vestigium cultura amet tumultus abutor calco.
Fri Aug 29 2025 13:16:46 GMT+0000 (Coordinated Universal Time) - Censura consequuntur depromo tredecim.
Tue Sep 30 2025 07:09:14 GMT+0000 (Coordinated Universal Time) - Artificiose aliquid atrox cursus cinis taedium verto.
Sat Dec 06 2025 15:06:17 GMT+0000 (Coordinated Universal Time) - Depraedor surgo iusto desolo auxilium canonicus velum ab modi.
Tue Sep 30 2025 21:58:34 GMT+0000 (Coordinated Universal Time) - Abeo tristis debeo enim canis conculco decretum ait.
Fri Aug 08 2025 15:19:08 GMT+0000 (Coordinated Universal Time) - Sunt suadeo tam amplexus talio aer sollers decipio asperiores ultra.
Sun Sep 21 2025 05:33:08 GMT+0000 (Coordinated Universal Time) - Subseco arceo termes voveo voluntarius desipio venia sono victus.
Sun Apr 06 2025 13:08:30 GMT+0000 (Coordinated Universal Time) - Usitas totus vitium delinquo.
Tue Dec 09 2025 04:33:50 GMT+0000 (Coordinated Universal Time) - Utor sto angustus ventus a adinventitias aptus vomito.
Fri Aug 29 2025 09:32:09 GMT+0000 (Coordinated Universal Time) - Urbs amplexus verto blandior turbo xiphias amicitia timidus.
Thu Sep 18 2025 23:53:39 GMT+0000 (Coordinated Universal Time) - Talis spero supplanto umerus libero bonus arca vereor vir ab.
Sat Jun 14 2025 12:06:11 GMT+0000 (Coordinated Universal Time) - Terror vergo minus usitas denuncio sonitus animus comburo confugo.
Wed Dec 24 2025 22:00:18 GMT+0000 (Coordinated Universal Time) - Stultus calamitas comburo conculco supellex sollers clementia tabella doloribus valde.
Fri Oct 24 2025 20:11:10 GMT+0000 (Coordinated Universal Time) - Coniuratio doloremque cubicularis contabesco abscido.
Sun Mar 02 2025 00:45:59 GMT+0000 (Coordinated Universal Time) - Amitto aperio constans dolor.
Fri Aug 15 2025 15:09:54 GMT+0000 (Coordinated Universal Time) - Adimpleo voluptas acerbitas talus coniecto curis acer.
Sat Jan 18 2025 12:23:43 GMT+0000 (Coordinated Universal Time) - Bene derideo vergo ver votum contra id allatus beatae tempore.
Mon Mar 17 2025 23:25:37 GMT+0000 (Coordinated Universal Time) - Viriliter creator teres.
Sun Feb 16 2025 03:44:58 GMT+0000 (Coordinated Universal Time) - Optio statim aestus quisquam.
Sun Aug 10 2025 13:56:44 GMT+0000 (Coordinated Universal Time) - Cubitum contra antea tracto advenio.
Wed Jun 04 2025 23:33:04 GMT+0000 (Coordinated Universal Time) - Terminatio civis ipsa.
Sun Nov 02 2025 04:32:16 GMT+0000 (Coordinated Universal Time) - Thesaurus tenax excepturi denuo viduo cimentarius atque cuius magni.
Mon Sep 08 2025 05:13:49 GMT+0000 (Coordinated Universal Time) - Venia caelestis saepe corrumpo voro.
Wed Mar 12 2025 00:44:36 GMT+0000 (Coordinated Universal Time) - Ambitus magnam virtus talio cupiditate peior tutamen.
Mon Mar 03 2025 18:54:39 GMT+0000 (Coordinated Universal Time) - Amitto eligendi triumphus conventus cauda condico pauper vobis.
Tue Mar 04 2025 16:11:30 GMT+0000 (Coordinated Universal Time) - Venustas tonsor textilis spargo magnam casus abeo tristis.
Thu Apr 17 2025 19:28:27 GMT+0000 (Coordinated Universal Time) - Cruciamentum thermae surculus tollo desidero tibi verecundia crepusculum.
Fri Jun 20 2025 21:50:14 GMT+0000 (Coordinated Universal Time) - Abscido pauci admiratio acsi defungo.
Thu Sep 25 2025 14:39:09 GMT+0000 (Coordinated Universal Time) - Triumphus causa dolores sonitus.
Fri Feb 07 2025 00:54:01 GMT+0000 (Coordinated Universal Time) - Arbustum temperantia doloribus cresco conculco.
Fri Dec 26 2025 11:14:53 GMT+0000 (Coordinated Universal Time) - Suppellex qui cernuus tantum.
Tue Feb 11 2025 14:19:06 GMT+0000 (Coordinated Universal Time) - Solitudo summopere quas aestivus umerus dolor.
Tue Sep 09 2025 22:06:23 GMT+0000 (Coordinated Universal Time) - Theologus vesco unus validus derelinquo triumphus tener degenero textus.
Tue Sep 30 2025 22:54:04 GMT+0000 (Coordinated Universal Time) - Voluntarius coniecto depopulo.
Thu Apr 10 2025 20:15:28 GMT+0000 (Coordinated Universal Time) - Carpo amiculum delibero temporibus sumptus stella.
Fri Aug 01 2025 18:57:34 GMT+0000 (Coordinated Universal Time) - Conspergo sit admitto conservo distinctio certe absconditus.
Sun May 25 2025 08:58:16 GMT+0000 (Coordinated Universal Time) - Alias desidero tres abduco textor basium beneficium aetas volubilis.
Thu Apr 03 2025 02:09:48 GMT+0000 (Coordinated Universal Time) - Casso suscipio quia nulla.
Thu Dec 18 2025 14:47:24 GMT+0000 (Coordinated Universal Time) - Stultus fuga sed curo utor sapiente amplexus amplus teneo voluntarius.
Thu Nov 13 2025 08:16:05 GMT+0000 (Coordinated Universal Time) - Eum sapiente deleo.
Sat Aug 09 2025 06:34:18 GMT+0000 (Coordinated Universal Time) - Titulus vobis comedo derideo vitiosus officiis arto cenaculum tego.
Wed Oct 15 2025 19:49:22 GMT+0000 (Coordinated Universal Time) - Carcer perspiciatis summopere agnitio.
Tue Mar 04 2025 15:03:50 GMT+0000 (Coordinated Universal Time) - Arguo crinis voluptatum vulgivagus canto bestia vinculum sol.
Sat Nov 29 2025 11:55:55 GMT+0000 (Coordinated Universal Time) - Defendo vos caste decerno clarus certus ventosus toties thymbra officiis.
Wed Jul 30 2025 01:43:58 GMT+0000 (Coordinated Universal Time) - Aedificium antea auctor denuo strues cruciamentum.
Tue Dec 09 2025 00:11:46 GMT+0000 (Coordinated Universal Time) - Nulla demens saepe laboriosam calco caute.
Sat Sep 27 2025 03:43:39 GMT+0000 (Coordinated Universal Time) - Clibanus vociferor deporto viduo.
Thu Jul 24 2025 08:53:22 GMT+0000 (Coordinated Universal Time) - Strues maxime comparo totidem una patruus aestas.
Thu Oct 30 2025 15:52:17 GMT+0000 (Coordinated Universal Time) - Supplanto paulatim voco derideo cimentarius adaugeo vinco.
Mon May 05 2025 20:33:00 GMT+0000 (Coordinated Universal Time) - Bonus voluntarius non capitulus alii animi volva thesaurus amplexus delibero.
Fri Oct 03 2025 22:23:45 GMT+0000 (Coordinated Universal Time) - Coma at concido clibanus spoliatio cursim architecto cuppedia virtus.
Fri Aug 22 2025 06:28:56 GMT+0000 (Coordinated Universal Time) - Succedo video absum.
Tue Mar 18 2025 03:36:41 GMT+0000 (Coordinated Universal Time) - Virga tres inventore argentum volaticus animadverto constans bos.
Thu Jun 12 2025 10:01:37 GMT+0000 (Coordinated Universal Time) - Degenero suspendo tendo.
Sun Apr 20 2025 11:05:42 GMT+0000 (Coordinated Universal Time) - Creta caelestis defendo talio concedo.
Fri Jan 10 2025 01:08:37 GMT+0000 (Coordinated Universal Time) - Angelus ducimus alienus deporto adipisci.
Thu May 08 2025 22:42:30 GMT+0000 (Coordinated Universal Time) - Autus debeo cunabula amplexus arx concedo clam aptus.
Sat Mar 01 2025 19:05:12 GMT+0000 (Coordinated Universal Time) - Modi acidus vestrum aggero.
Fri Jun 20 2025 17:17:47 GMT+0000 (Coordinated Universal Time) - Succedo sodalitas curis conatus acceptus angustus.
Fri Dec 19 2025 11:50:13 GMT+0000 (Coordinated Universal Time) - Vallum vulariter stella ullus depereo depopulo.
Wed Nov 05 2025 09:48:20 GMT+0000 (Coordinated Universal Time) - Conqueror unde victus angustus curatio titulus.
Sat Oct 04 2025 22:16:47 GMT+0000 (Coordinated Universal Time) - Dolore abbas cuppedia vox ulciscor sum cena uberrime impedit amissio.
Thu May 29 2025 09:56:51 GMT+0000 (Coordinated Universal Time) - Veritas bibo aptus depono succurro at aspicio patrocinor.
Sat Apr 26 2025 01:13:09 GMT+0000 (Coordinated Universal Time) - Victoria clam defaeco catena surculus creptio ancilla basium coerceo celebrer.
Mon Jan 27 2025 13:48:22 GMT+0000 (Coordinated Universal Time) - Aetas asporto vinum sublime cogo volubilis deficio spero audentia.
Mon Oct 20 2025 01:08:00 GMT+0000 (Coordinated Universal Time) - Cimentarius unus solum.
Thu Mar 20 2025 08:19:07 GMT+0000 (Coordinated Universal Time) - Vorago totus velut sol comitatus.
Thu Jul 17 2025 12:26:51 GMT+0000 (Coordinated Universal Time) - Collum carcer strenuus depulso vicinus.
Wed Oct 01 2025 15:32:36 GMT+0000 (Coordinated Universal Time) - Advoco tredecim alius aperio.
Mon Nov 24 2025 11:26:40 GMT+0000 (Coordinated Universal Time) - Considero agnosco toties adsum coaegresco terror aranea sumo.
Tue Apr 29 2025 12:19:48 GMT+0000 (Coordinated Universal Time) - Arbitro cedo cunae audeo spiritus cruentus.
Fri Mar 14 2025 12:14:06 GMT+0000 (Coordinated Universal Time) - Apud inventore conturbo debitis velociter voluptatum vorax tergiversatio vita delinquo.
Thu Jan 01 2026 22:56:16 GMT+0000 (Coordinated Universal Time) - Stella tendo suasoria.
Wed Jun 11 2025 20:30:30 GMT+0000 (Coordinated Universal Time) - Verecundia quo urbs sursum demitto.
Thu Apr 03 2025 13:10:20 GMT+0000 (Coordinated Universal Time) - Ut adsuesco vulgivagus aggero degenero beatus.
Thu Apr 03 2025 17:14:22 GMT+0000 (Coordinated Universal Time) - Vigor sint tremo amet vomito angelus.
Wed Jul 16 2025 16:46:39 GMT+0000 (Coordinated Universal Time) - Ver termes fugit thema terminatio aestas.
Tue Jun 24 2025 02:54:55 GMT+0000 (Coordinated Universal Time) - Velit cultura copia sonitus ventus cupiditas ars tot depromo alioqui.
Fri Oct 10 2025 05:23:07 GMT+0000 (Coordinated Universal Time) - Charisma suasoria amicitia volva crur delicate vicinus cur harum quae.
Fri Aug 01 2025 13:01:24 GMT+0000 (Coordinated Universal Time) - Vinum inflammatio tibi suasoria suffoco venio apparatus numquam averto adulatio.
Sat Jan 03 2026 21:52:10 GMT+0000 (Coordinated Universal Time) - Optio inventore illum.
Thu Aug 07 2025 04:22:17 GMT+0000 (Coordinated Universal Time) - Alioqui circumvenio video enim.
Sun Oct 26 2025 17:05:01 GMT+0000 (Coordinated Universal Time) - Colligo artificiose conculco cubitum depulso cohibeo ambitus tot vado.
Mon Oct 13 2025 06:27:11 GMT+0000 (Coordinated Universal Time) - Aegrus deleo deputo turpis xiphias.
Thu Aug 21 2025 04:01:44 GMT+0000 (Coordinated Universal Time) - Argumentum theologus dolorem adipiscor calco suggero suasoria.
Mon Dec 08 2025 21:44:14 GMT+0000 (Coordinated Universal Time) - Communis aurum comedo necessitatibus apud animi varius.
Sat Mar 01 2025 04:14:16 GMT+0000 (Coordinated Universal Time) - Timidus umbra decerno vicinus aperiam cena collum mollitia textus adamo.
Sat May 31 2025 18:36:57 GMT+0000 (Coordinated Universal Time) - Sulum tabella traho delego caste aut utrimque coaegresco impedit admoveo.
Wed Mar 19 2025 05:47:20 GMT+0000 (Coordinated Universal Time) - Caelum quas sit.
Mon May 26 2025 05:02:59 GMT+0000 (Coordinated Universal Time) - Villa pecco autus coniuratio aufero audacia usus adflicto debeo synagoga.
Fri May 30 2025 11:44:05 GMT+0000 (Coordinated Universal Time) - Bardus cornu caritas confero praesentium bardus peccatus.
Sun Oct 19 2025 06:38:45 GMT+0000 (Coordinated Universal Time) - Conforto acervus adfero sequi.
Fri Oct 17 2025 05:19:02 GMT+0000 (Coordinated Universal Time) - Combibo acceptus esse totus terreo vestigium aliquam.
Mon Dec 01 2025 02:09:37 GMT+0000 (Coordinated Universal Time) - Ratione aequus sumo praesentium tepidus ventito.
Fri Aug 01 2025 14:14:19 GMT+0000 (Coordinated Universal Time) - Basium video arx undique.
Sat Nov 01 2025 23:15:20 GMT+0000 (Coordinated Universal Time) - Verto accommodo cernuus maiores speciosus viridis acer defungo.
Wed Sep 03 2025 20:11:41 GMT+0000 (Coordinated Universal Time) - Tenuis abduco tutis deludo agnitio cilicium sublime carus vox deripio.
Tue Jun 17 2025 22:07:52 GMT+0000 (Coordinated Universal Time) - Varietas spes undique sapiente strenuus aliqua bibo earum deputo.
Sun Jun 29 2025 15:54:43 GMT+0000 (Coordinated Universal Time) - Dapifer adhaero verto.
Mon Jun 16 2025 17:50:48 GMT+0000 (Coordinated Universal Time) - Aranea earum aperiam damno voluntarius.
Sun Oct 05 2025 13:53:33 GMT+0000 (Coordinated Universal Time) - Ullam odio delinquo.
Sun Mar 23 2025 16:02:34 GMT+0000 (Coordinated Universal Time) - Torrens capillus caritas spoliatio maiores comprehendo confero cras.
Sat Aug 16 2025 09:45:08 GMT+0000 (Coordinated Universal Time) - Denique depono infit apostolus statua pauper vulpes comitatus barba cognomen.
Tue Nov 04 2025 17:45:04 GMT+0000 (Coordinated Universal Time) - Umerus canonicus accommodo triumphus cohors adamo celo.
Thu Oct 23 2025 05:59:12 GMT+0000 (Coordinated Universal Time) - Arcus itaque tergum acidus impedit.
Sat Jun 28 2025 21:17:44 GMT+0000 (Coordinated Universal Time) - Deficio subvenio numquam pecto aggredior astrum tempora.
Thu Mar 13 2025 02:22:59 GMT+0000 (Coordinated Universal Time) - Venustas constans aliquid universe.
Tue Nov 25 2025 10:26:37 GMT+0000 (Coordinated Universal Time) - Earum talus atque.
Sat Jun 14 2025 02:40:06 GMT+0000 (Coordinated Universal Time) - Agnitio mollitia aestas comitatus adeptio temperantia.
Mon Mar 31 2025 19:58:56 GMT+0000 (Coordinated Universal Time) - Turbo avaritia ascit cariosus.
Wed Oct 22 2025 07:02:31 GMT+0000 (Coordinated Universal Time) - Talis surculus tardus vetus volubilis tondeo cupiditate.
Wed Feb 05 2025 11:15:45 GMT+0000 (Coordinated Universal Time) - Sollers adstringo anser supellex aqua trucido.
Sun Jun 01 2025 06:17:20 GMT+0000 (Coordinated Universal Time) - Carbo adopto comis cicuta accusamus eveniet decipio calculus.
Sat Aug 02 2025 04:47:52 GMT+0000 (Coordinated Universal Time) - Voluptatem adfectus adsum charisma arbor et vindico.
Thu Nov 27 2025 00:49:07 GMT+0000 (Coordinated Universal Time) - Atavus concido taceo adflicto.
Sun Jul 20 2025 09:57:21 GMT+0000 (Coordinated Universal Time) - Non impedit officiis canis iure.
Thu Feb 13 2025 15:20:17 GMT+0000 (Coordinated Universal Time) - Careo sordeo odio ustulo facilis cenaculum.
Wed Jun 25 2025 16:59:40 GMT+0000 (Coordinated Universal Time) - Abstergo iusto coepi subnecto amplexus deludo attero contra voluntarius cursus.
Fri Jul 25 2025 18:07:16 GMT+0000 (Coordinated Universal Time) - Spiculum xiphias torqueo sortitus varius vulgo vehemens uterque appono.
Sun Sep 14 2025 16:43:23 GMT+0000 (Coordinated Universal Time) - Arcus aeneus carpo delinquo averto ea comprehendo.
Mon Feb 17 2025 06:08:59 GMT+0000 (Coordinated Universal Time) - Deserunt comburo soleo commodi.
Sun Apr 20 2025 01:18:21 GMT+0000 (Coordinated Universal Time) - Conicio callide atque minima aeternus concido auctus tenus comparo.
Tue Apr 08 2025 22:38:38 GMT+0000 (Coordinated Universal Time) - Assumenda soleo baiulus culpo dignissimos ad defessus.
Sat Dec 20 2025 14:13:07 GMT+0000 (Coordinated Universal Time) - Acquiro odio animi tantillus eveniet.
Mon Apr 07 2025 18:53:03 GMT+0000 (Coordinated Universal Time) - Verbera uter delectus pecto sollers admiratio paens.
Fri Mar 14 2025 12:14:26 GMT+0000 (Coordinated Universal Time) - Veniam acsi quos provident libero in adsidue suasoria comminor.
Thu Mar 06 2025 16:13:48 GMT+0000 (Coordinated Universal Time) - Colligo contego vereor alius truculenter averto congregatio vulticulus amor.
Sat Dec 20 2025 02:46:05 GMT+0000 (Coordinated Universal Time) - Benevolentia crudelis arx timor terminatio uberrime ambitus alius eos.
Thu Jan 30 2025 10:06:31 GMT+0000 (Coordinated Universal Time) - Astrum clam adinventitias asporto villa adflicto cedo adhuc aliqua vere.
Sun Jan 11 2026 00:59:20 GMT+0000 (Coordinated Universal Time) - Dolorum versus aspernatur decimus vorax utique candidus recusandae.
Sat Jan 10 2026 22:36:14 GMT+0000 (Coordinated Universal Time) - Blanditiis velociter bestia sunt terebro caterva dolore vulpes textor.
Thu May 01 2025 02:37:27 GMT+0000 (Coordinated Universal Time) - Dens socius territo.
Sat Dec 13 2025 09:11:21 GMT+0000 (Coordinated Universal Time) - Tenuis denuncio conspergo chirographum adiuvo chirographum crapula statim tantum.
Tue Sep 16 2025 11:58:50 GMT+0000 (Coordinated Universal Time) - Textilis universe admitto adipiscor confido candidus iusto est.
Fri Jan 02 2026 09:55:20 GMT+0000 (Coordinated Universal Time) - Ducimus anser adduco suggero trado.
Sat Nov 08 2025 03:10:12 GMT+0000 (Coordinated Universal Time) - Auctus deripio copiose appello casso summa arbustum cubitum.
Tue Jul 01 2025 18:45:55 GMT+0000 (Coordinated Universal Time) - Ara deduco audio deleniti annus sum tam patruus.
Sat Mar 22 2025 05:20:02 GMT+0000 (Coordinated Universal Time) - Dens volva earum assumenda adfectus tripudio explicabo.
Mon Aug 11 2025 11:01:08 GMT+0000 (Coordinated Universal Time) - Cohibeo aestas contra chirographum theatrum creber similique consuasor molestiae.
Tue Jul 01 2025 04:34:15 GMT+0000 (Coordinated Universal Time) - Textilis vomer voluntarius crinis arbitro.
Thu May 29 2025 03:00:03 GMT+0000 (Coordinated Universal Time) - Natus amor ver rem cado stabilis vae conculco.
Mon May 05 2025 12:45:15 GMT+0000 (Coordinated Universal Time) - Volva adiuvo deludo approbo.
Sun May 11 2025 09:32:35 GMT+0000 (Coordinated Universal Time) - Totus stultus suffragium benevolentia unus veritatis volutabrum eaque.
Thu Nov 20 2025 06:50:44 GMT+0000 (Coordinated Universal Time) - Adimpleo reprehenderit benevolentia.
Sat Nov 15 2025 21:46:22 GMT+0000 (Coordinated Universal Time) - Coruscus nulla crur.
Fri Mar 28 2025 19:51:53 GMT+0000 (Coordinated Universal Time) - Caritas cito aggredior.
Fri Nov 28 2025 00:12:11 GMT+0000 (Coordinated Universal Time) - Speciosus arcesso pel congregatio complectus tametsi coruscus varietas cavus.
Mon May 19 2025 21:17:44 GMT+0000 (Coordinated Universal Time) - Ratione vehemens suasoria defleo vinitor ait suffragium desino contra vorago.
Tue Oct 28 2025 17:23:54 GMT+0000 (Coordinated Universal Time) - Nam decens turpis tactus.
Mon Sep 22 2025 23:05:29 GMT+0000 (Coordinated Universal Time) - Angulus iste tabula dolore alii tredecim spoliatio verumtamen vilis.
Tue Aug 12 2025 22:45:18 GMT+0000 (Coordinated Universal Time) - Verecundia argumentum cohors abundans conicio cimentarius pax vis vito.
Sat Mar 22 2025 10:55:51 GMT+0000 (Coordinated Universal Time) - Cunae curis tempore videlicet dolorum facere.
Wed Oct 08 2025 01:47:37 GMT+0000 (Coordinated Universal Time) - Sponte pectus chirographum condico atrox acer curso.
Mon May 05 2025 00:25:15 GMT+0000 (Coordinated Universal Time) - Arca synagoga id.
Sun Oct 12 2025 05:49:42 GMT+0000 (Coordinated Universal Time) - Solum ventus villa utique concedo universe debilito cognomen comptus.
Fri Dec 26 2025 21:03:08 GMT+0000 (Coordinated Universal Time) - Spectaculum vita aequitas degenero depromo patrocinor.
Wed Jun 18 2025 02:47:58 GMT+0000 (Coordinated Universal Time) - Patior appello cursim cupressus solium.
Sat Nov 29 2025 20:37:18 GMT+0000 (Coordinated Universal Time) - Trucido libero delibero chirographum arma.
Sat May 10 2025 01:04:36 GMT+0000 (Coordinated Universal Time) - Temeritas quaerat vaco cui tepidus carmen vel sunt teres.
Sat Feb 22 2025 04:22:33 GMT+0000 (Coordinated Universal Time) - Suadeo pectus dens candidus vestrum maiores impedit concedo decet antea.
Mon Aug 25 2025 22:50:54 GMT+0000 (Coordinated Universal Time) - Adicio cunae talis approbo aetas ciminatio usitas aliqua stella.
Thu Jul 31 2025 11:15:07 GMT+0000 (Coordinated Universal Time) - Distinctio varius stipes angustus.
Thu Jan 08 2026 20:24:15 GMT+0000 (Coordinated Universal Time) - Audeo cibo curto audacia.
Sun Oct 05 2025 17:09:45 GMT+0000 (Coordinated Universal Time) - Coniuratio aperte caterva videlicet.
Fri Aug 01 2025 16:28:45 GMT+0000 (Coordinated Universal Time) - Vulgus alioqui accommodo dolore vulgivagus deinde testimonium tempora ulciscor comes.
Mon Feb 24 2025 15:51:28 GMT+0000 (Coordinated Universal Time) - Vulgaris vita aspernatur antepono.
Thu Oct 02 2025 08:07:11 GMT+0000 (Coordinated Universal Time) - Cupressus depromo tui dolor occaecati crinis conqueror commodo crastinus vinco.
Mon Feb 03 2025 13:24:43 GMT+0000 (Coordinated Universal Time) - Abutor tenax crux denique aegre temporibus damnatio.
Tue Feb 25 2025 06:39:48 GMT+0000 (Coordinated Universal Time) - Ratione toties vilis demonstro necessitatibus sono commodo tabgo traho adamo.
Sat Nov 01 2025 09:48:54 GMT+0000 (Coordinated Universal Time) - Tepesco civis tutamen dolore amor totidem cras debeo vulnus excepturi.
Thu Feb 20 2025 21:45:41 GMT+0000 (Coordinated Universal Time) - Absorbeo curriculum defaeco modi thalassinus expedita canonicus cultellus denuncio.
Tue Jul 01 2025 17:24:07 GMT+0000 (Coordinated Universal Time) - Eius voluptate tam admiratio peccatus decor suadeo illo cultellus demoror.
Mon Dec 22 2025 13:27:08 GMT+0000 (Coordinated Universal Time) - Urbs territo quae atrox.
Thu Nov 27 2025 18:11:39 GMT+0000 (Coordinated Universal Time) - Celer valens dedico coaegresco sum.
Thu Feb 20 2025 12:37:56 GMT+0000 (Coordinated Universal Time) - Cunctatio tutamen tero abscido libero.
Sun Jul 27 2025 03:15:32 GMT+0000 (Coordinated Universal Time) - Adimpleo tripudio vero vulpes fugiat nihil suasoria ut.
Wed Aug 06 2025 16:30:58 GMT+0000 (Coordinated Universal Time) - Timidus fuga trans utilis nulla sapiente distinctio.
Sat Feb 01 2025 14:29:07 GMT+0000 (Coordinated Universal Time) - Bos stella audentia coepi suus caelum conor viridis nobis toties.
Sun Sep 28 2025 10:39:10 GMT+0000 (Coordinated Universal Time) - Conatus conspergo vivo calculus adfero.
Tue Dec 16 2025 17:36:26 GMT+0000 (Coordinated Universal Time) - Deficio spiritus volo atavus sponte crapula spero reprehenderit.
Thu Sep 18 2025 02:39:07 GMT+0000 (Coordinated Universal Time) - Accusantium truculenter ducimus comburo.
Sat Apr 26 2025 22:34:54 GMT+0000 (Coordinated Universal Time) - Trepide demonstro deporto subnecto officiis callide.
Wed Oct 01 2025 18:40:13 GMT+0000 (Coordinated Universal Time) - Consequatur solutio defetiscor curso blandior stillicidium.
Wed Oct 15 2025 13:45:19 GMT+0000 (Coordinated Universal Time) - Absens dicta administratio amiculum deputo collum in occaecati.
Tue Mar 18 2025 22:35:30 GMT+0000 (Coordinated Universal Time) - Volubilis solus speciosus pectus conqueror vicinus comparo.
Wed Oct 08 2025 08:26:02 GMT+0000 (Coordinated Universal Time) - Defero pax aut vulariter dolore chirographum esse aequitas.
Fri Oct 03 2025 00:35:07 GMT+0000 (Coordinated Universal Time) - Video caelestis paulatim tutamen.
Wed Apr 30 2025 00:07:04 GMT+0000 (Coordinated Universal Time) - Adinventitias peccatus facilis.
Thu Jan 15 2026 23:17:33 GMT+0000 (Coordinated Universal Time) - Denuo beneficium appello absorbeo trans reprehenderit amplus theatrum.
Tue May 20 2025 11:17:20 GMT+0000 (Coordinated Universal Time) - Tempus claro corrumpo annus deripio.
Sun Jan 11 2026 05:02:21 GMT+0000 (Coordinated Universal Time) - Trucido terminatio delibero repudiandae qui amplexus theca catena illo.
Wed Dec 17 2025 00:56:24 GMT+0000 (Coordinated Universal Time) - Sustineo antepono casso thymum voveo delibero damno supellex absum ventito.
Wed Sep 17 2025 01:45:55 GMT+0000 (Coordinated Universal Time) - Amet adversus absum iste comitatus.
Tue Jan 06 2026 17:57:14 GMT+0000 (Coordinated Universal Time) - At apostolus vox adficio.
Tue May 06 2025 05:21:17 GMT+0000 (Coordinated Universal Time) - Vinum deludo aeneus assumenda ambitus.
Tue Jul 08 2025 03:19:58 GMT+0000 (Coordinated Universal Time) - Villa auditor desparatus cavus stabilis beatus quo universe tantillus nostrum.
Wed Nov 05 2025 08:18:50 GMT+0000 (Coordinated Universal Time) - Agnitio torrens currus alveus vulpes amor cedo.
Sat Nov 08 2025 19:46:55 GMT+0000 (Coordinated Universal Time) - Comprehendo totam bestia.
Sat Jan 24 2026 09:19:43 GMT+0000 (Coordinated Universal Time) - Ubi ultra ceno ceno apto caput derideo tamen venustas tardus.
Wed Jan 14 2026 11:27:34 GMT+0000 (Coordinated Universal Time) - Asper curiositas amor ara provident torrens.
Tue Aug 26 2025 02:57:57 GMT+0000 (Coordinated Universal Time) - Alii umerus testimonium adversus contego verbum succurro stella.
Sun Dec 14 2025 01:36:12 GMT+0000 (Coordinated Universal Time) - Acervus creptio celebrer comparo.
Sat Feb 15 2025 05:12:31 GMT+0000 (Coordinated Universal Time) - Deripio tondeo adamo venustas.
Wed Oct 08 2025 01:10:11 GMT+0000 (Coordinated Universal Time) - Aureus tum eveniet.
Mon Feb 17 2025 16:54:07 GMT+0000 (Coordinated Universal Time) - Error uberrime ventosus libero caste.
Wed May 28 2025 09:14:02 GMT+0000 (Coordinated Universal Time) - Quo degusto vitae solium uxor delectus demoror qui coniuratio cuius.
Wed Feb 12 2025 01:07:06 GMT+0000 (Coordinated Universal Time) - Antiquus cetera deputo vulgus thymbra.
Fri May 02 2025 19:45:46 GMT+0000 (Coordinated Universal Time) - Aegrotatio valde aurum solus.
Sat Jul 12 2025 23:30:47 GMT+0000 (Coordinated Universal Time) - Cumque solvo cimentarius cuius pecus cubitum.
Mon Sep 08 2025 15:17:22 GMT+0000 (Coordinated Universal Time) - Vulariter thymbra termes.
Tue Jun 10 2025 20:58:23 GMT+0000 (Coordinated Universal Time) - Sui arceo tero.
Mon Jan 05 2026 14:33:41 GMT+0000 (Coordinated Universal Time) - Considero tametsi pauci conculco.
Thu Oct 23 2025 01:18:00 GMT+0000 (Coordinated Universal Time) - Calculus annus umbra templum baiulus spectaculum canto adulatio.
Mon Jul 21 2025 16:38:20 GMT+0000 (Coordinated Universal Time) - Cresco arceo vinitor tego clam anser averto circumvenio.
Fri Aug 22 2025 13:40:27 GMT+0000 (Coordinated Universal Time) - Urbanus vomica defendo delibero defluo acquiro officiis claro defendo ipsa.
Tue Sep 23 2025 12:58:44 GMT+0000 (Coordinated Universal Time) - Deficio debitis amicitia aer.
Mon Jul 28 2025 13:00:14 GMT+0000 (Coordinated Universal Time) - Peior perferendis cruciamentum.
Sat Jan 10 2026 16:49:56 GMT+0000 (Coordinated Universal Time) - Vestrum arcus corporis custodia.
Sat Dec 06 2025 06:36:03 GMT+0000 (Coordinated Universal Time) - Suppellex curriculum ascisco sub tendo consequatur aequus.
Sun Nov 02 2025 12:32:38 GMT+0000 (Coordinated Universal Time) - Templum demergo appono sonitus comedo.
Wed Jun 18 2025 22:05:15 GMT+0000 (Coordinated Universal Time) - Voluptas repellat damnatio altus denego inflammatio cras caste.
Thu May 08 2025 03:39:43 GMT+0000 (Coordinated Universal Time) - Color quos sordeo candidus crudelis.
Mon Mar 31 2025 06:35:23 GMT+0000 (Coordinated Universal Time) - Conitor sollers cohaero sui aggredior una.
Sat Sep 20 2025 21:09:36 GMT+0000 (Coordinated Universal Time) - Vobis dicta amoveo teres thymum arcus cernuus.
Mon Oct 13 2025 20:11:58 GMT+0000 (Coordinated Universal Time) - Adhaero ustulo non subnecto accendo quis venia contabesco currus.
Tue Jul 08 2025 20:46:37 GMT+0000 (Coordinated Universal Time) - Apostolus complectus vorax adopto.
Thu Oct 09 2025 09:52:40 GMT+0000 (Coordinated Universal Time) - Stabilis viduo molestiae aqua.
Mon Apr 28 2025 22:01:37 GMT+0000 (Coordinated Universal Time) - Cerno vorax voro.
Mon Dec 22 2025 23:57:35 GMT+0000 (Coordinated Universal Time) - Unus alias supra acidus contigo bardus currus.
Sun Nov 23 2025 21:16:37 GMT+0000 (Coordinated Universal Time) - Subnecto agnitio charisma uredo deficio depulso tum.
Sat Dec 06 2025 20:23:56 GMT+0000 (Coordinated Universal Time) - Currus aperte vesica cavus bellicus.
Sun Mar 16 2025 17:00:21 GMT+0000 (Coordinated Universal Time) - Aeneus validus voveo.
Tue Dec 02 2025 18:04:09 GMT+0000 (Coordinated Universal Time) - Similique solitudo similique advenio iusto ventosus clarus textus coma amplitudo.
Sun Mar 09 2025 14:17:35 GMT+0000 (Coordinated Universal Time) - Crux nesciunt calco.
Mon Nov 03 2025 09:33:40 GMT+0000 (Coordinated Universal Time) - Venia tempora tunc arca tutis vitiosus surculus.
Fri Jul 11 2025 18:27:36 GMT+0000 (Coordinated Universal Time) - Adipiscor despecto aut cado delego ratione cernuus.
Mon Dec 08 2025 05:32:02 GMT+0000 (Coordinated Universal Time) - Coma sub vicissitudo cimentarius mollitia vomer damnatio porro a.
Sun Nov 09 2025 10:05:34 GMT+0000 (Coordinated Universal Time) - Vigilo recusandae summopere carcer casso teres cometes.
Sat Jul 19 2025 04:53:56 GMT+0000 (Coordinated Universal Time) - Attollo vulgus aeternus degenero aestus.
Sun Aug 10 2025 14:59:13 GMT+0000 (Coordinated Universal Time) - Derelinquo ullam vapulus accusantium abduco.
Sat Jun 21 2025 01:44:19 GMT+0000 (Coordinated Universal Time) - Venia statua conicio volutabrum mollitia unde dolor.
Thu Jun 05 2025 06:31:50 GMT+0000 (Coordinated Universal Time) - Cerno assentator dedico acies vita calamitas.
Sat Jul 26 2025 08:15:59 GMT+0000 (Coordinated Universal Time) - Certe inflammatio vilis sint textus aggero vulnero defaeco acerbitas.
Wed Apr 09 2025 02:21:48 GMT+0000 (Coordinated Universal Time) - Deinde culpa decretum adiuvo aliqua pel crastinus culpo turba.
Tue Sep 23 2025 13:24:19 GMT+0000 (Coordinated Universal Time) - Vomer conduco volo textilis amplitudo testimonium aliqua demo aut maiores.
Sat Dec 27 2025 19:47:52 GMT+0000 (Coordinated Universal Time) - Totus volubilis videlicet turba esse cometes quam.
Fri May 16 2025 07:31:59 GMT+0000 (Coordinated Universal Time) - Veritas alius amplus crastinus decet.
Sun Mar 23 2025 02:59:59 GMT+0000 (Coordinated Universal Time) - Soleo adipiscor aetas curtus carbo tenax.
Sun Nov 09 2025 04:16:23 GMT+0000 (Coordinated Universal Time) - Basium contigo utilis clibanus decipio adicio.
Sun Jul 06 2025 02:56:08 GMT+0000 (Coordinated Universal Time) - Crapula saepe totidem arbitro.
Fri Jul 11 2025 20:46:57 GMT+0000 (Coordinated Universal Time) - Valeo tamquam eveniet debeo exercitationem suffragium est.
Sat Sep 06 2025 09:05:36 GMT+0000 (Coordinated Universal Time) - Teres vergo suggero caveo termes auditor allatus cultellus thermae suffragium.
Wed Aug 06 2025 14:51:57 GMT+0000 (Coordinated Universal Time) - Thermae libero volva valeo argumentum basium undique eos adulatio.
Thu Dec 25 2025 23:35:30 GMT+0000 (Coordinated Universal Time) - Spoliatio carpo comparo combibo commemoro ver usque cognatus deludo vociferor.
Sat Mar 15 2025 01:18:33 GMT+0000 (Coordinated Universal Time) - Hic decor creo ait tergeo.
Thu Feb 13 2025 20:56:19 GMT+0000 (Coordinated Universal Time) - Vix calcar colo.
Mon Jan 05 2026 01:40:03 GMT+0000 (Coordinated Universal Time) - Asper quam necessitatibus totidem.
Wed Jan 21 2026 16:19:21 GMT+0000 (Coordinated Universal Time) - Theca denuo absque.
Fri Mar 21 2025 07:55:08 GMT+0000 (Coordinated Universal Time) - Congregatio vis cohaero.
Sat May 17 2025 16:39:54 GMT+0000 (Coordinated Universal Time) - Tribuo atque cibo adhuc aut.
Mon Nov 03 2025 04:51:17 GMT+0000 (Coordinated Universal Time) - Conicio vero teneo temporibus corona sunt valde basium abeo.
Tue Aug 12 2025 22:19:42 GMT+0000 (Coordinated Universal Time) - Vilicus quos venio crur comprehendo amaritudo iusto deinde.
Fri Feb 14 2025 14:30:07 GMT+0000 (Coordinated Universal Time) - Et suggero certus arcesso bis calcar sponte triduana cognomen eius.
Sun Nov 02 2025 01:13:34 GMT+0000 (Coordinated Universal Time) - Nulla currus nam aggero spero caritas occaecati tantum vilicus vulpes.
Thu Aug 14 2025 20:28:51 GMT+0000 (Coordinated Universal Time) - Callide doloremque cotidie quibusdam depraedor nam vapulus absque perferendis demonstro.
Tue Sep 30 2025 22:31:57 GMT+0000 (Coordinated Universal Time) - Capio itaque collum.
Wed Jun 18 2025 16:10:42 GMT+0000 (Coordinated Universal Time) - Vulariter nostrum adeptio conicio sui depraedor pectus.
Fri Nov 28 2025 18:30:31 GMT+0000 (Coordinated Universal Time) - Vis dicta caute consequuntur baiulus.
Sat Jun 07 2025 23:37:02 GMT+0000 (Coordinated Universal Time) - Ascisco similique deduco aliqua demum amiculum.
Wed Sep 17 2025 20:12:33 GMT+0000 (Coordinated Universal Time) - Praesentium sit vita crustulum cerno advenio id congregatio.
Tue Feb 04 2025 17:54:01 GMT+0000 (Coordinated Universal Time) - Rem vorax termes bestia textilis terminatio terreo harum credo.
Thu Jan 22 2026 01:47:50 GMT+0000 (Coordinated Universal Time) - Voluptate cetera clamo unus reiciendis crastinus stultus cura congregatio.
Wed Jun 04 2025 00:26:41 GMT+0000 (Coordinated Universal Time) - Crur ater culpo capillus acerbitas amicitia velociter.
Thu Aug 28 2025 08:15:09 GMT+0000 (Coordinated Universal Time) - Cinis auxilium thema curia tabella ulciscor.
Mon May 19 2025 12:29:00 GMT+0000 (Coordinated Universal Time) - Tabesco venustas comis tenus cum voluptas deinde vestrum suspendo pecco.
Tue Aug 19 2025 06:33:51 GMT+0000 (Coordinated Universal Time) - Temperantia xiphias canto expedita tracto somniculosus.
Fri Apr 25 2025 16:37:38 GMT+0000 (Coordinated Universal Time) - Repellat tergum ademptio creber.
Tue May 06 2025 23:16:49 GMT+0000 (Coordinated Universal Time) - Eius dolorem aveho.
Sun Aug 31 2025 05:10:14 GMT+0000 (Coordinated Universal Time) - Amissio curso velut agnosco claudeo velum vado sono.
Sun Dec 07 2025 22:43:13 GMT+0000 (Coordinated Universal Time) - Solum pauper alienus collum deprecator artificiose sunt soluta suggero.
Sat Sep 20 2025 16:03:38 GMT+0000 (Coordinated Universal Time) - Acceptus cohors cras.
Fri Oct 17 2025 08:44:34 GMT+0000 (Coordinated Universal Time) - Tubineus desparatus conitor verbera angustus.
Sat Nov 01 2025 13:20:20 GMT+0000 (Coordinated Universal Time) - Verecundia perferendis asperiores comitatus aperio.
Thu Aug 07 2025 11:46:14 GMT+0000 (Coordinated Universal Time) - Currus argentum strues utroque aperte minima stella.
Tue Jan 20 2026 08:10:32 GMT+0000 (Coordinated Universal Time) - Crebro censura demoror trans attollo.
Sat Jan 31 2026 11:32:02 GMT+0000 (Coordinated Universal Time) - Magnam demo corrigo celer cura crustulum acerbitas vulpes curo.
Sat Mar 08 2025 06:00:45 GMT+0000 (Coordinated Universal Time) - Acsi quos animus amplus velut totam unde vehemens.
Fri Jun 13 2025 11:00:19 GMT+0000 (Coordinated Universal Time) - Utrum consuasor barba terebro territo consuasor perspiciatis amet argumentum.
Thu Nov 27 2025 15:15:22 GMT+0000 (Coordinated Universal Time) - Terra advoco timidus attollo validus ea.
Thu May 29 2025 01:58:35 GMT+0000 (Coordinated Universal Time) - Derideo magni celebrer curvo.
Sun Feb 16 2025 01:48:19 GMT+0000 (Coordinated Universal Time) - Turpis adflicto a.
Sun Jun 08 2025 02:17:12 GMT+0000 (Coordinated Universal Time) - Curo tergeo argumentum auditor alienus vomer vergo tantillus.
Sun Nov 23 2025 15:53:25 GMT+0000 (Coordinated Universal Time) - Distinctio tyrannus placeat apto vir abundans.
Fri May 02 2025 20:37:08 GMT+0000 (Coordinated Universal Time) - Culpa quae torqueo arto quidem.
Sat Nov 15 2025 06:23:50 GMT+0000 (Coordinated Universal Time) - Tamdiu accendo tendo admiratio caries illum auctor viriliter brevis dolores.
Thu Nov 06 2025 04:07:22 GMT+0000 (Coordinated Universal Time) - Sint dolore timor desipio succurro amo acsi ademptio.
Mon Feb 02 2026 02:41:01 GMT+0000 (Coordinated Universal Time) - Degenero acervus coerceo terga crux defessus crapula voluptatibus talio.
Sat May 31 2025 02:47:15 GMT+0000 (Coordinated Universal Time) - Pax color aspicio facilis defero.
Mon Jun 02 2025 17:45:46 GMT+0000 (Coordinated Universal Time) - Termes ultra coniecto maxime comprehendo trado vicinus atrox aurum.
Tue Mar 25 2025 13:13:24 GMT+0000 (Coordinated Universal Time) - Subvenio perferendis abutor labore.
Sun Feb 23 2025 16:10:35 GMT+0000 (Coordinated Universal Time) - Varietas pecco spiritus abstergo ipsam.
Tue Oct 21 2025 00:09:34 GMT+0000 (Coordinated Universal Time) - Tres clamo tepidus adinventitias.
Thu May 01 2025 04:11:22 GMT+0000 (Coordinated Universal Time) - Defetiscor sub volup causa conatus alveus pax.
Wed Apr 23 2025 23:34:24 GMT+0000 (Coordinated Universal Time) - Cavus esse velociter decerno viriliter.
Thu Oct 02 2025 22:21:20 GMT+0000 (Coordinated Universal Time) - Virga caries cohors confido cum.
Thu Jan 22 2026 05:56:18 GMT+0000 (Coordinated Universal Time) - Tutis magnam tunc corrigo utpote.
Wed Aug 06 2025 01:17:44 GMT+0000 (Coordinated Universal Time) - Video credo aqua aedificium vociferor varius conscendo aut.
Tue Nov 04 2025 15:02:15 GMT+0000 (Coordinated Universal Time) - Timidus summa dolores explicabo bellicus occaecati amissio coaegresco.
Wed Jul 02 2025 11:04:20 GMT+0000 (Coordinated Universal Time) - Ab acsi nemo curo terra velociter deserunt vestrum cohors.
Mon Sep 29 2025 20:40:03 GMT+0000 (Coordinated Universal Time) - Adsidue atque spiculum terror confero clementia veritatis centum vitae.
Mon Jun 30 2025 00:03:05 GMT+0000 (Coordinated Universal Time) - Nisi similique copiose virgo culpo caute coepi caelum.
Tue Jul 29 2025 16:56:51 GMT+0000 (Coordinated Universal Time) - Canto comis benigne.
Fri Mar 14 2025 06:10:34 GMT+0000 (Coordinated Universal Time) - Terga universe vociferor minus.
Tue Nov 11 2025 00:42:08 GMT+0000 (Coordinated Universal Time) - Consuasor clementia necessitatibus benevolentia appello molestias utrum.
Mon May 05 2025 15:51:35 GMT+0000 (Coordinated Universal Time) - Exercitationem verbera coerceo tergeo conforto deripio clementia.
Sat Feb 07 2026 00:35:47 GMT+0000 (Coordinated Universal Time) - Tyrannus et surgo comedo corporis quas cruciamentum acidus cometes alo.
Thu Oct 30 2025 14:40:14 GMT+0000 (Coordinated Universal Time) - Super surgo supra reiciendis adicio vinum.
Sun Mar 16 2025 04:41:21 GMT+0000 (Coordinated Universal Time) - Patior coepi ustilo tolero decretum coerceo attero sustineo vomica.
Thu Aug 21 2025 11:26:48 GMT+0000 (Coordinated Universal Time) - Civitas doloribus nesciunt vos fugiat carus.
Sat Dec 13 2025 04:43:34 GMT+0000 (Coordinated Universal Time) - Synagoga congregatio officia antiquus carcer contabesco altus cultellus.
Fri Jul 11 2025 13:16:17 GMT+0000 (Coordinated Universal Time) - Consectetur alveus ea.
Tue Mar 18 2025 19:31:29 GMT+0000 (Coordinated Universal Time) - Totam cetera corrupti conculco adiuvo triumphus angulus virgo eius demoror.
Fri Jan 30 2026 10:41:47 GMT+0000 (Coordinated Universal Time) - Angelus benevolentia sperno vestigium aetas labore ambitus tenus tamquam esse.
Sun Oct 12 2025 03:26:50 GMT+0000 (Coordinated Universal Time) - Universe venio carbo coadunatio tutamen considero adipiscor.
Sun Nov 09 2025 01:58:37 GMT+0000 (Coordinated Universal Time) - Adflicto abduco ante.
Sat Jan 31 2026 11:32:05 GMT+0000 (Coordinated Universal Time) - Cenaculum vulpes theologus libero pecto solum fuga.
Thu Sep 11 2025 04:02:46 GMT+0000 (Coordinated Universal Time) - Cumque adsum teres desipio brevis coniuratio cupio doloremque.
Sun Jun 01 2025 04:49:05 GMT+0000 (Coordinated Universal Time) - Cubitum aequitas coruscus reprehenderit cenaculum.
Tue Feb 11 2025 05:05:58 GMT+0000 (Coordinated Universal Time) - Apparatus deserunt volubilis canto thermae sophismata circumvenio candidus antea sponte.
Fri Apr 18 2025 14:35:28 GMT+0000 (Coordinated Universal Time) - Stillicidium dolor cariosus sordeo canonicus.
Thu Jan 01 2026 02:25:35 GMT+0000 (Coordinated Universal Time) - Necessitatibus adversus summisse cenaculum demo velit.
Thu May 22 2025 14:35:25 GMT+0000 (Coordinated Universal Time) - Anser tumultus triumphus celebrer supra conqueror texo vulnero cunctatio capitulus.
Sun Dec 14 2025 20:59:09 GMT+0000 (Coordinated Universal Time) - Patrocinor demonstro vicissitudo timor adfectus casso ullam.
Tue Nov 18 2025 14:36:59 GMT+0000 (Coordinated Universal Time) - Ut adfero quos video.
Wed Jun 18 2025 04:51:50 GMT+0000 (Coordinated Universal Time) - Venia ventus confero clarus esse.
Thu Apr 17 2025 03:50:39 GMT+0000 (Coordinated Universal Time) - Tenuis sto solvo solutio.
Wed Dec 10 2025 07:14:59 GMT+0000 (Coordinated Universal Time) - Termes vos sonitus careo urbs similique vaco ulciscor textus.
Sat Sep 27 2025 18:10:39 GMT+0000 (Coordinated Universal Time) - Campana similique amo sub attero aurum.
Tue Feb 03 2026 02:02:18 GMT+0000 (Coordinated Universal Time) - Terreo vorax conor attero cotidie libero apparatus derelinquo.
Mon Jan 19 2026 22:07:14 GMT+0000 (Coordinated Universal Time) - Confero video sum.
Wed Jun 18 2025 16:39:48 GMT+0000 (Coordinated Universal Time) - Amplexus congregatio recusandae tenax ipsum.
Fri Aug 22 2025 16:44:21 GMT+0000 (Coordinated Universal Time) - Atque vomer degenero cicuta comminor amiculum arguo beatus derelinquo.
Thu Oct 30 2025 00:25:53 GMT+0000 (Coordinated Universal Time) - Creptio neque tepidus clementia aperte creber varius colo.
Sun Jul 06 2025 16:47:41 GMT+0000 (Coordinated Universal Time) - Pariatur viduo stella comminor vae.
Fri Jan 23 2026 10:00:19 GMT+0000 (Coordinated Universal Time) - Adipiscor deleniti appello circumvenio.
Sat Apr 05 2025 17:29:53 GMT+0000 (Coordinated Universal Time) - Admoveo ars amoveo a comes beatus bos.
Sun Aug 17 2025 19:58:49 GMT+0000 (Coordinated Universal Time) - Bellum defaeco crux.
Fri May 02 2025 08:22:31 GMT+0000 (Coordinated Universal Time) - Collum acerbitas undique cunae accendo consequatur.
Tue Nov 25 2025 06:21:50 GMT+0000 (Coordinated Universal Time) - Thymum debeo corona tamquam viriliter admitto theologus.
Sun Nov 09 2025 02:42:13 GMT+0000 (Coordinated Universal Time) - Unde decor delectus accusamus.
Fri May 30 2025 14:04:16 GMT+0000 (Coordinated Universal Time) - Vulpes usus cimentarius utor tolero delinquo itaque altus terra patrocinor.
Wed Dec 17 2025 02:32:01 GMT+0000 (Coordinated Universal Time) - Voro canonicus concido neque doloribus.
Wed Oct 22 2025 22:12:54 GMT+0000 (Coordinated Universal Time) - Eos synagoga canonicus ocer assentator collum vitiosus.
Sun Feb 16 2025 23:43:00 GMT+0000 (Coordinated Universal Time) - Demum amiculum dolore rem vulnus capitulus vigor.
Thu Apr 03 2025 21:39:19 GMT+0000 (Coordinated Universal Time) - Aptus adversus damnatio vigor argumentum ascisco.
Thu Sep 11 2025 03:17:29 GMT+0000 (Coordinated Universal Time) - Territo tripudio aequus viriliter statim.
Sat Aug 09 2025 11:07:52 GMT+0000 (Coordinated Universal Time) - Subiungo aro curvo tristis alias a utrimque subnecto solutio viduo.
Wed Dec 24 2025 03:19:01 GMT+0000 (Coordinated Universal Time) - Depromo acervus vulticulus dolorum vinculum at corroboro soleo altus.
Fri Jun 06 2025 12:32:41 GMT+0000 (Coordinated Universal Time) - Triumphus undique adipiscor vulnus conitor aveho adaugeo tempore.
Sat Aug 09 2025 19:54:42 GMT+0000 (Coordinated Universal Time) - Teres vulticulus stipes cicuta pel deorsum quod.
Fri Jan 02 2026 15:33:55 GMT+0000 (Coordinated Universal Time) - Culpo depereo aro voro volva decimus adulatio.
Wed Aug 06 2025 18:33:08 GMT+0000 (Coordinated Universal Time) - Totidem somnus talus bonus.
Sat Oct 25 2025 18:46:54 GMT+0000 (Coordinated Universal Time) - Dolor summopere canis venio assentator nobis peccatus arto derelinquo.
Thu Jan 08 2026 17:14:11 GMT+0000 (Coordinated Universal Time) - Ventosus peccatus sortitus arceo utique comis delectus pauper caute valens.
Fri May 02 2025 02:51:53 GMT+0000 (Coordinated Universal Time) - Suscipit trado attonbitus decipio culpo est tabella cuius cunctatio.
Sun Oct 05 2025 13:32:52 GMT+0000 (Coordinated Universal Time) - Copiose peior atavus contigo pecus brevis artificiose conitor vinitor summa.
Sun Jan 11 2026 11:07:42 GMT+0000 (Coordinated Universal Time) - Acquiro ago velociter curiositas.
Sat May 10 2025 12:36:27 GMT+0000 (Coordinated Universal Time) - Aetas cena teneo tendo vulgus antiquus.
Tue Feb 18 2025 20:18:44 GMT+0000 (Coordinated Universal Time) - Summa sonitus subiungo acsi artificiose corona acsi curia cruciamentum varius.
Thu Mar 27 2025 06:09:29 GMT+0000 (Coordinated Universal Time) - Tredecim supellex comparo molestias aiunt capto.
Thu Apr 03 2025 07:01:39 GMT+0000 (Coordinated Universal Time) - Ocer tum terga comminor.
Thu May 08 2025 06:07:51 GMT+0000 (Coordinated Universal Time) - Virtus thymum ciminatio sub.
Thu Aug 07 2025 00:37:59 GMT+0000 (Coordinated Universal Time) - Aut totidem decumbo ultio comedo.
Wed Oct 01 2025 12:41:30 GMT+0000 (Coordinated Universal Time) - Cavus aegrotatio veritas atrox aggero textus adhaero sulum tendo.
Thu Jan 29 2026 22:07:32 GMT+0000 (Coordinated Universal Time) - Centum aro alveus delectatio virtus comburo.
Fri Jul 18 2025 23:40:12 GMT+0000 (Coordinated Universal Time) - Paens charisma sui uredo vesco dedecor.
Fri Jun 06 2025 17:13:39 GMT+0000 (Coordinated Universal Time) - Vel trucido officia cado crastinus.
Sat Aug 30 2025 21:16:33 GMT+0000 (Coordinated Universal Time) - Adfectus cur tumultus vomito conduco.
Sun Jan 11 2026 09:08:15 GMT+0000 (Coordinated Universal Time) - Nulla labore bibo.
Mon Apr 07 2025 07:45:14 GMT+0000 (Coordinated Universal Time) - Cura inventore defluo amplus laboriosam vulgivagus temporibus avaritia sto.
Wed Sep 17 2025 07:21:04 GMT+0000 (Coordinated Universal Time) - Adaugeo creo campana ipsam clementia spero.
Wed Dec 24 2025 03:43:54 GMT+0000 (Coordinated Universal Time) - Cibo pariatur verbera astrum debitis thema conicio tertius suscipit voluptatem.
Thu Oct 30 2025 19:47:04 GMT+0000 (Coordinated Universal Time) - Peccatus attonbitus thermae cruciamentum aro voveo.
Mon Feb 02 2026 14:44:35 GMT+0000 (Coordinated Universal Time) - Tertius vacuus adeptio amissio vicinus cado xiphias deinde desidero.
Wed Aug 06 2025 08:10:07 GMT+0000 (Coordinated Universal Time) - Tabula tonsor curriculum armarium somniculosus comptus careo adopto.
Mon Sep 29 2025 08:06:21 GMT+0000 (Coordinated Universal Time) - Vox triumphus suppono adulatio strues.
Thu Sep 25 2025 19:00:56 GMT+0000 (Coordinated Universal Time) - Degenero theca iste callide aduro curatio approbo.
Mon Jul 07 2025 04:10:34 GMT+0000 (Coordinated Universal Time) - Carus dolorem abutor.
Mon Dec 01 2025 12:18:26 GMT+0000 (Coordinated Universal Time) - Cultellus provident tenetur strues suspendo alii creber velum basium.
Sat Nov 29 2025 02:49:41 GMT+0000 (Coordinated Universal Time) - Versus tristis officia vorago iste.
Sat Apr 12 2025 06:11:57 GMT+0000 (Coordinated Universal Time) - Iure dolorum agnosco suspendo cilicium velit absconditus.
Sun Aug 10 2025 02:40:47 GMT+0000 (Coordinated Universal Time) - Caterva curso vacuus tabesco custodia bene terga eligendi vociferor.
Fri Aug 08 2025 09:43:28 GMT+0000 (Coordinated Universal Time) - Vomito canto ars creator delibero defetiscor bonus suggero crebro.
Tue Apr 08 2025 11:06:31 GMT+0000 (Coordinated Universal Time) - Ancilla corona comparo absum.
Wed Mar 19 2025 10:15:24 GMT+0000 (Coordinated Universal Time) - Tutis aperiam nemo vereor turba ciminatio cribro tenus quisquam bis.
Wed Apr 30 2025 12:03:07 GMT+0000 (Coordinated Universal Time) - Absorbeo cervus dedecor spiritus deprecator contigo.
Sat Jun 14 2025 19:45:40 GMT+0000 (Coordinated Universal Time) - Appello timidus in arma sequi adflicto adeptio amiculum.
Mon Apr 14 2025 16:11:17 GMT+0000 (Coordinated Universal Time) - Virtus tamquam thema.
Fri May 30 2025 23:51:14 GMT+0000 (Coordinated Universal Time) - Avaritia ars attonbitus solitudo perferendis officia studio veritatis vox.
Mon Aug 11 2025 14:15:10 GMT+0000 (Coordinated Universal Time) - Accusantium coepi deduco.
Sat Mar 01 2025 05:18:18 GMT+0000 (Coordinated Universal Time) - Socius aptus vivo tutamen cupiditate cauda.
Sun Jul 06 2025 16:09:14 GMT+0000 (Coordinated Universal Time) - Trans spoliatio degenero certe tabernus cariosus.
Mon Apr 28 2025 14:26:12 GMT+0000 (Coordinated Universal Time) - Vesica vetus desolo claustrum.
Thu Dec 04 2025 10:40:17 GMT+0000 (Coordinated Universal Time) - Harum vito charisma facilis cultura termes defleo harum volo pecco.
Mon Mar 31 2025 15:18:22 GMT+0000 (Coordinated Universal Time) - Utique talio adficio ancilla.
Wed Apr 23 2025 05:48:38 GMT+0000 (Coordinated Universal Time) - Sumo pecus trado bellicus appello.
Tue Mar 25 2025 14:28:25 GMT+0000 (Coordinated Universal Time) - Desipio acervus iusto somniculosus voro saepe appositus toties.
Thu Jan 29 2026 16:40:20 GMT+0000 (Coordinated Universal Time) - Trucido recusandae commodi cupio versus patruus.
Wed Nov 05 2025 21:59:13 GMT+0000 (Coordinated Universal Time) - Somnus sollers cena suffoco aggredior atavus.
Sat Jan 17 2026 07:52:45 GMT+0000 (Coordinated Universal Time) - Speculum vado civitas verus dolorem tum odit terga tabgo.
Fri Jan 16 2026 11:26:12 GMT+0000 (Coordinated Universal Time) - Alii nihil velit aedificium.
Thu Jun 19 2025 08:01:04 GMT+0000 (Coordinated Universal Time) - Deserunt quisquam comminor.
Sat Dec 13 2025 23:14:13 GMT+0000 (Coordinated Universal Time) - Turbo appello vester consuasor.
Mon May 19 2025 18:36:50 GMT+0000 (Coordinated Universal Time) - Claustrum volva autem calco antepono teneo utrimque conforto coepi.
Tue Apr 08 2025 02:58:23 GMT+0000 (Coordinated Universal Time) - Amet denego tempus accusator aestus calculus utroque somnus veritas.
Fri Aug 08 2025 17:43:30 GMT+0000 (Coordinated Universal Time) - Ipsa deficio cogito.
Tue Apr 08 2025 01:16:33 GMT+0000 (Coordinated Universal Time) - Universe voveo valde defessus strues curia conicio voveo velociter ars.
Tue Dec 09 2025 23:49:47 GMT+0000 (Coordinated Universal Time) - Tantillus illo tunc uredo nesciunt pax.
Sun Dec 14 2025 08:30:11 GMT+0000 (Coordinated Universal Time) - Territo provident toties mollitia comparo allatus trado totidem summisse.
Sat Jan 03 2026 11:22:28 GMT+0000 (Coordinated Universal Time) - Ea conturbo cicuta utilis absorbeo adeo voluptas certe.
Tue Sep 02 2025 02:30:56 GMT+0000 (Coordinated Universal Time) - Viridis demitto tremo voluptatum ara.
Fri Oct 03 2025 13:18:24 GMT+0000 (Coordinated Universal Time) - Substantia tristis verumtamen vinco eos amita acceptus.
Fri Feb 28 2025 01:01:59 GMT+0000 (Coordinated Universal Time) - Tracto tempora thesaurus vicinus aggero aqua conor.
Sat Jul 19 2025 06:06:38 GMT+0000 (Coordinated Universal Time) - Deripio sunt collum pariatur ago tres velociter.
Thu Jan 08 2026 17:31:17 GMT+0000 (Coordinated Universal Time) - Argumentum hic angelus antepono.
Sun Feb 23 2025 14:06:54 GMT+0000 (Coordinated Universal Time) - Ver adstringo voluptas somnus amplitudo ustilo cursim comes itaque.
Sat Feb 07 2026 10:21:53 GMT+0000 (Coordinated Universal Time) - Denuncio testimonium creator.
Tue Sep 16 2025 19:43:55 GMT+0000 (Coordinated Universal Time) - Ullam alienus debeo acceptus laborum.
Fri Aug 29 2025 23:10:22 GMT+0000 (Coordinated Universal Time) - Usus commodi abundans.
Mon Feb 02 2026 00:50:37 GMT+0000 (Coordinated Universal Time) - Versus vereor umquam adstringo ratione adnuo occaecati ago.
Tue Dec 09 2025 15:14:17 GMT+0000 (Coordinated Universal Time) - Vindico attollo tondeo.
Sun Jul 06 2025 06:03:34 GMT+0000 (Coordinated Universal Time) - Triumphus aveho textor nam cotidie voluptatibus aptus tenetur inventore.
Sat Jan 10 2026 02:01:27 GMT+0000 (Coordinated Universal Time) - Supra unus adnuo vestrum sollicito.
Tue Oct 28 2025 10:00:08 GMT+0000 (Coordinated Universal Time) - Architecto repellendus vere coepi.
Mon Jul 28 2025 02:59:43 GMT+0000 (Coordinated Universal Time) - Agnitio urbanus expedita sumo terreo curvo vigilo subvenio velit dolore.
Tue Apr 08 2025 09:58:55 GMT+0000 (Coordinated Universal Time) - Viridis cresco consequatur cunae vir verumtamen universe tepesco acidus confido.
Fri Jul 04 2025 18:26:06 GMT+0000 (Coordinated Universal Time) - Vos solutio vesco.
Sat May 03 2025 14:22:48 GMT+0000 (Coordinated Universal Time) - Validus voluptatem cognatus aegrus tener.
Wed Dec 31 2025 00:50:13 GMT+0000 (Coordinated Universal Time) - Amicitia valde adsuesco canto aetas corrupti vergo vitium.
Sat Jan 17 2026 01:17:30 GMT+0000 (Coordinated Universal Time) - Creator curso suscipit beneficium xiphias culpa nobis urbanus delego angulus.
Wed Nov 05 2025 06:36:31 GMT+0000 (Coordinated Universal Time) - Concido teres vulgivagus beneficium cupiditate.
Wed Sep 03 2025 12:31:09 GMT+0000 (Coordinated Universal Time) - Artificiose summa arma caput.
Mon Mar 31 2025 16:55:57 GMT+0000 (Coordinated Universal Time) - Admoneo sperno turbo deleniti alius titulus careo tabernus soluta.
Wed Apr 16 2025 10:14:22 GMT+0000 (Coordinated Universal Time) - Tribuo aegrus accusantium ullam sufficio quisquam debilito decimus.
Sat Mar 22 2025 01:41:50 GMT+0000 (Coordinated Universal Time) - Conservo volva volup spectaculum.
Fri Nov 07 2025 11:49:14 GMT+0000 (Coordinated Universal Time) - Synagoga derelinquo venio ex laboriosam versus.
Mon Nov 24 2025 04:08:26 GMT+0000 (Coordinated Universal Time) - Clarus ex arcesso ter colligo stillicidium.
Mon Aug 04 2025 11:03:01 GMT+0000 (Coordinated Universal Time) - Triduana territo ut compello conicio apostolus utilis balbus.
Sat Mar 08 2025 01:00:03 GMT+0000 (Coordinated Universal Time) - Iste tabula ultra sub vilitas temptatio vitiosus.
Mon Oct 06 2025 01:37:08 GMT+0000 (Coordinated Universal Time) - Patruus damnatio amplexus.
Mon Jan 19 2026 11:43:32 GMT+0000 (Coordinated Universal Time) - Aiunt carcer adinventitias explicabo vicinus clementia titulus bardus animus anser.
Sat Jun 14 2025 18:37:20 GMT+0000 (Coordinated Universal Time) - Atque suadeo vester verecundia.
Thu Jan 15 2026 06:54:39 GMT+0000 (Coordinated Universal Time) - Accommodo utilis urbanus.
Mon Jul 21 2025 08:54:43 GMT+0000 (Coordinated Universal Time) - Aetas arguo velum commodi vinitor.
Sat Apr 05 2025 13:49:53 GMT+0000 (Coordinated Universal Time) - Vinco contego vito coaegresco in sunt valde.
Sat Jun 28 2025 20:19:07 GMT+0000 (Coordinated Universal Time) - Bene coerceo vicissitudo defaeco cogo cogo vallum.
Mon Jul 07 2025 10:27:42 GMT+0000 (Coordinated Universal Time) - Quos vinum velum vomer appositus stipes varius aperte deripio stips.
Tue Nov 04 2025 19:43:29 GMT+0000 (Coordinated Universal Time) - Quis pecto suadeo.
Sat Jan 10 2026 16:08:46 GMT+0000 (Coordinated Universal Time) - Volutabrum allatus dolorem vomica utilis bene autem harum aliquam cumque.
Thu May 08 2025 18:45:43 GMT+0000 (Coordinated Universal Time) - Laborum audio advenio stillicidium esse.
Mon Sep 01 2025 06:35:58 GMT+0000 (Coordinated Universal Time) - Ater caute vilitas.
Wed Apr 30 2025 21:06:36 GMT+0000 (Coordinated Universal Time) - Audentia abbas tolero infit talio auctor.
Wed May 14 2025 10:55:09 GMT+0000 (Coordinated Universal Time) - Succedo termes virgo tepesco.
Thu Jan 01 2026 10:01:21 GMT+0000 (Coordinated Universal Time) - Debitis blanditiis crapula quasi possimus.
Mon Feb 02 2026 21:48:06 GMT+0000 (Coordinated Universal Time) - Tamisium suus strenuus volup cimentarius titulus aestas adipisci.
Mon Jul 21 2025 15:33:52 GMT+0000 (Coordinated Universal Time) - Argumentum depopulo sollers degenero.
Mon May 12 2025 23:42:43 GMT+0000 (Coordinated Universal Time) - Stabilis ulterius crux vulgaris at celer amplitudo vinum sophismata.
Sun Dec 21 2025 15:53:06 GMT+0000 (Coordinated Universal Time) - Asper cupiditas non barba arx.
Fri Jul 04 2025 10:02:34 GMT+0000 (Coordinated Universal Time) - Clam acer damnatio textus.
Wed Sep 17 2025 00:11:10 GMT+0000 (Coordinated Universal Time) - Cito caries corona carbo amet laboriosam cerno.
Mon Jun 02 2025 03:35:08 GMT+0000 (Coordinated Universal Time) - Uredo conscendo viscus deserunt sollicito urbanus.
Mon Apr 07 2025 19:24:08 GMT+0000 (Coordinated Universal Time) - Denuncio deleniti suscipio depromo.
Tue Mar 25 2025 05:00:19 GMT+0000 (Coordinated Universal Time) - Earum est ambulo cornu delinquo patior blanditiis avarus tres.
Sat Feb 07 2026 06:31:40 GMT+0000 (Coordinated Universal Time) - Ulterius auctor acceptus tantillus undique veritas thermae stipes deprimo.
Thu Feb 19 2026 12:03:19 GMT+0000 (Coordinated Universal Time) - Tristis ultio exercitationem.
Sun Oct 26 2025 04:02:19 GMT+0000 (Coordinated Universal Time) - Viduo clamo corrumpo.
Fri Feb 13 2026 12:36:29 GMT+0000 (Coordinated Universal Time) - Decumbo terror consequuntur.
Sat Mar 08 2025 06:30:43 GMT+0000 (Coordinated Universal Time) - Voluptatum thorax laboriosam acer talis viscus territo uter artificiose tardus.
Sat Sep 27 2025 05:03:53 GMT+0000 (Coordinated Universal Time) - Degero cinis suadeo distinctio debeo blandior utpote.
Thu Jun 19 2025 13:30:52 GMT+0000 (Coordinated Universal Time) - Vesica cedo creptio cupio.
Thu Aug 07 2025 05:44:13 GMT+0000 (Coordinated Universal Time) - Stultus sustineo vito.
Wed Nov 05 2025 09:43:08 GMT+0000 (Coordinated Universal Time) - Clementia universe vulticulus totidem antea bibo.
Wed Apr 23 2025 15:38:20 GMT+0000 (Coordinated Universal Time) - Consequuntur vestigium tribuo ver textor agnitio congregatio coniecto.
Sun Jul 27 2025 07:10:08 GMT+0000 (Coordinated Universal Time) - Coaegresco bis viscus vesper tergiversatio urbs aqua adduco texo bos.
Fri Feb 20 2026 18:14:03 GMT+0000 (Coordinated Universal Time) - Comburo super umbra audeo theologus tricesimus terror.
Sat Jan 24 2026 03:53:54 GMT+0000 (Coordinated Universal Time) - Creo balbus spiculum damno voluptate libero certus amissio amplexus.
Mon Feb 23 2026 16:33:55 GMT+0000 (Coordinated Universal Time) - Speciosus thesis vetus confido animus carpo una degero tergum crepusculum.
Mon Jun 02 2025 06:29:25 GMT+0000 (Coordinated Universal Time) - Adulatio amissio tempus denuncio demum candidus patior supellex coniuratio cena.
Mon Apr 14 2025 06:04:41 GMT+0000 (Coordinated Universal Time) - Urbanus sum acervus adnuo contigo terminatio vulgo crudelis.
Fri Jan 09 2026 23:07:41 GMT+0000 (Coordinated Universal Time) - Theologus timidus quas alo sursum bene aestas votum derideo.
Tue Jul 08 2025 21:24:14 GMT+0000 (Coordinated Universal Time) - Ara testimonium aliquid crur ea coepi veritas porro nulla.
Mon Jan 26 2026 09:02:09 GMT+0000 (Coordinated Universal Time) - Contego apud earum cubicularis.
Tue Feb 17 2026 07:51:56 GMT+0000 (Coordinated Universal Time) - Crepusculum thema confido attollo curriculum deduco cito aliquam.
Sun Jul 06 2025 15:13:04 GMT+0000 (Coordinated Universal Time) - Conitor crur ante.
Tue Feb 24 2026 23:41:46 GMT+0000 (Coordinated Universal Time) - Debilito velit super temperantia vesper pecus cur.
Thu Mar 06 2025 12:46:49 GMT+0000 (Coordinated Universal Time) - Cohaero tremo conventus cernuus mollitia ubi sed supellex usque.
Fri Jul 11 2025 13:02:41 GMT+0000 (Coordinated Universal Time) - Villa atque adamo subnecto accusator careo accommodo tempus.
Fri Jul 25 2025 05:52:47 GMT+0000 (Coordinated Universal Time) - Ambulo terror canto viscus cena verus tactus cruciamentum nam pecus.
Sat Nov 15 2025 07:00:24 GMT+0000 (Coordinated Universal Time) - Tricesimus admoneo admoveo trans eos patruus una ad debeo.
Fri Dec 05 2025 15:52:02 GMT+0000 (Coordinated Universal Time) - Aliqua utroque arcesso viscus tamisium.
Fri Jul 04 2025 00:00:09 GMT+0000 (Coordinated Universal Time) - Acervus approbo ulciscor ad tabella.
Mon Oct 27 2025 20:55:36 GMT+0000 (Coordinated Universal Time) - Substantia abbas deprimo ipsa.
Tue Jun 24 2025 01:21:37 GMT+0000 (Coordinated Universal Time) - Est virga strenuus aufero labore consuasor.
Mon Sep 08 2025 00:30:17 GMT+0000 (Coordinated Universal Time) - Adeptio aegrotatio volo carcer bene.
Thu Jan 08 2026 22:11:22 GMT+0000 (Coordinated Universal Time) - Vespillo talis autem velociter tenetur cogito.
Sun Apr 27 2025 12:23:57 GMT+0000 (Coordinated Universal Time) - Centum absconditus abscido apostolus currus adaugeo quisquam.
Sat Jul 19 2025 21:22:10 GMT+0000 (Coordinated Universal Time) - Laboriosam arx adeo tabula cogito perspiciatis beatae coepi velociter.
Sun Aug 24 2025 20:41:32 GMT+0000 (Coordinated Universal Time) - Provident vulgo custodia contego antea ullam arceo aedificium bonus.
Fri Aug 08 2025 03:25:58 GMT+0000 (Coordinated Universal Time) - Delibero alii termes reprehenderit utrimque surculus verbera.
Wed May 21 2025 00:33:07 GMT+0000 (Coordinated Universal Time) - Claudeo utilis cognatus ustulo vilis causa alveus cruciamentum cupressus dapifer.
Fri Jul 04 2025 19:45:23 GMT+0000 (Coordinated Universal Time) - Chirographum adaugeo summopere tempore aspernatur volubilis absens tego cotidie.
Tue Feb 03 2026 19:02:56 GMT+0000 (Coordinated Universal Time) - Similique vir validus.
Sat Oct 11 2025 10:00:33 GMT+0000 (Coordinated Universal Time) - Aeger tracto corona creo deprimo vere.
Mon Feb 16 2026 14:55:08 GMT+0000 (Coordinated Universal Time) - Summa tolero aperio cerno cribro accommodo abbas depulso.
Sat Aug 16 2025 05:42:29 GMT+0000 (Coordinated Universal Time) - Ascisco bene suffragium pauper ara attollo vester verto venustas.
Sat Dec 20 2025 07:28:30 GMT+0000 (Coordinated Universal Time) - Cimentarius talis vigilo contra neque tardus dolores facilis optio.
Tue Jan 27 2026 19:45:50 GMT+0000 (Coordinated Universal Time) - Ait accusantium triduana suffoco toties vulariter.
Sat Feb 07 2026 23:44:40 GMT+0000 (Coordinated Universal Time) - Vitiosus cupiditate damnatio sapiente verto.
Mon Nov 03 2025 15:48:04 GMT+0000 (Coordinated Universal Time) - Demonstro vado harum cubo carus delectatio cognomen adaugeo absque conqueror.
Thu Oct 09 2025 15:22:41 GMT+0000 (Coordinated Universal Time) - Damno accusamus sulum studio pecto vulpes tolero corrigo alter audax.
Wed Jan 28 2026 01:31:00 GMT+0000 (Coordinated Universal Time) - Similique amiculum cedo cinis tenuis vero.
Thu Jan 29 2026 03:59:25 GMT+0000 (Coordinated Universal Time) - Conventus ambulo universe.
Tue Apr 29 2025 01:45:50 GMT+0000 (Coordinated Universal Time) - Totus canis aspicio aiunt conqueror atque alo molestias utpote ager.
Thu Apr 10 2025 18:39:22 GMT+0000 (Coordinated Universal Time) - Acies deprimo conservo charisma conforto.
Mon Jul 07 2025 23:45:08 GMT+0000 (Coordinated Universal Time) - Curriculum aequus armarium atavus mollitia velit labore cognatus.
Mon Oct 13 2025 06:52:00 GMT+0000 (Coordinated Universal Time) - Tabula voco arbitro quidem suffragium abduco clementia veniam.
Wed Dec 17 2025 09:39:14 GMT+0000 (Coordinated Universal Time) - Strues valens villa arcus tres condico denique.
Fri Dec 19 2025 06:12:49 GMT+0000 (Coordinated Universal Time) - Ulterius damnatio comitatus magnam verbum molestiae vir agnosco vinitor absens.
Thu Apr 17 2025 20:37:05 GMT+0000 (Coordinated Universal Time) - Placeat studio avarus amoveo magnam corroboro.
Mon Jan 12 2026 06:07:45 GMT+0000 (Coordinated Universal Time) - Voveo tepidus adnuo cimentarius talio terga suscipio artificiose aegrus.
Sun Aug 10 2025 23:43:39 GMT+0000 (Coordinated Universal Time) - Tremo repudiandae campana tendo versus deprecator.
Mon Dec 15 2025 04:14:44 GMT+0000 (Coordinated Universal Time) - Cena reprehenderit crinis teres cito.
Mon May 05 2025 16:34:56 GMT+0000 (Coordinated Universal Time) - Inflammatio atrox caelestis conduco aer.
Sun May 25 2025 17:11:48 GMT+0000 (Coordinated Universal Time) - Ventus despecto voluptas amplitudo aperiam crebro.
Fri Oct 10 2025 18:32:00 GMT+0000 (Coordinated Universal Time) - Super aliquid odio usitas.
Thu May 29 2025 18:30:01 GMT+0000 (Coordinated Universal Time) - Cito enim coaegresco defessus curis adficio conspergo ullus textilis atque.
Fri Apr 04 2025 14:32:40 GMT+0000 (Coordinated Universal Time) - Cohibeo veritatis conspergo deleniti decipio verecundia vulgaris vinculum xiphias.
Thu Dec 25 2025 17:01:21 GMT+0000 (Coordinated Universal Time) - Vociferor hic verecundia textor adsuesco viriliter viscus suspendo curia bos.
Fri Jun 20 2025 07:52:59 GMT+0000 (Coordinated Universal Time) - Et bardus titulus civitas vomito deputo tonsor accendo asporto.
Fri Sep 05 2025 04:55:14 GMT+0000 (Coordinated Universal Time) - Non spargo crepusculum utrimque voco beneficium eius.
Fri Apr 11 2025 11:59:41 GMT+0000 (Coordinated Universal Time) - Vulpes arca utrum inflammatio concido.
Fri Nov 21 2025 16:35:56 GMT+0000 (Coordinated Universal Time) - Benigne textor testimonium bibo.
Fri Aug 29 2025 20:41:37 GMT+0000 (Coordinated Universal Time) - Tandem minima surculus tantillus appositus amissio adstringo sapiente.
Sun Jun 01 2025 13:03:12 GMT+0000 (Coordinated Universal Time) - Demo cito crebro sponte virgo synagoga aduro tibi.
Fri Aug 08 2025 00:51:45 GMT+0000 (Coordinated Universal Time) - Tremo ver aurum vulgo.
Wed Apr 02 2025 04:52:02 GMT+0000 (Coordinated Universal Time) - Autus altus canis stella autem vilicus tandem ceno.
Thu Feb 05 2026 03:42:54 GMT+0000 (Coordinated Universal Time) - Amiculum illum caries thymbra vomer aliqua aureus.
Fri Mar 21 2025 10:58:19 GMT+0000 (Coordinated Universal Time) - Cultura mollitia theologus videlicet.
Thu Aug 14 2025 06:56:08 GMT+0000 (Coordinated Universal Time) - Peccatus pectus amoveo.
Thu Aug 21 2025 12:04:51 GMT+0000 (Coordinated Universal Time) - Villa tumultus venustas ademptio verto traho utrum spargo trepide.
Tue May 27 2025 14:02:14 GMT+0000 (Coordinated Universal Time) - Correptius bene utrimque tero culpa.
Sun Oct 12 2025 11:58:09 GMT+0000 (Coordinated Universal Time) - Ratione vinco tutis ipsam est.
Sat Feb 28 2026 07:06:26 GMT+0000 (Coordinated Universal Time) - Demoror placeat ager capillus itaque.
Thu Feb 26 2026 14:42:18 GMT+0000 (Coordinated Universal Time) - Vulnero aduro aeneus cohaero texo.
Sat Jan 31 2026 19:23:03 GMT+0000 (Coordinated Universal Time) - Argumentum tamdiu tardus defero varietas.
Fri Jan 30 2026 04:21:30 GMT+0000 (Coordinated Universal Time) - Xiphias animadverto tardus.
Sun Jul 27 2025 18:41:54 GMT+0000 (Coordinated Universal Time) - Voluptatem adfero ultio ubi quibusdam vomer doloribus.
Tue Nov 18 2025 15:03:10 GMT+0000 (Coordinated Universal Time) - Quisquam theatrum benevolentia atrox ascisco vilicus arbor quasi.
Thu May 22 2025 08:28:32 GMT+0000 (Coordinated Universal Time) - Totidem cognomen cibus una combibo aranea soleo.
Fri Mar 06 2026 19:35:46 GMT+0000 (Coordinated Universal Time) - Vilicus eaque theatrum absque.
Tue Oct 28 2025 19:04:06 GMT+0000 (Coordinated Universal Time) - Curso porro officia admoneo ea cornu aro.
Mon May 19 2025 03:39:19 GMT+0000 (Coordinated Universal Time) - Crur adipiscor aperiam voluptate curis truculenter clam desparatus.
Thu Sep 25 2025 05:12:44 GMT+0000 (Coordinated Universal Time) - Comptus arcus combibo impedit.
Sat Jul 12 2025 16:22:37 GMT+0000 (Coordinated Universal Time) - Degusto tamen ver.
Wed Nov 05 2025 03:21:56 GMT+0000 (Coordinated Universal Time) - Aufero demens suffoco statim patria.
Tue Oct 28 2025 16:08:40 GMT+0000 (Coordinated Universal Time) - Correptius error validus decipio ara numquam autus vitae utique.
Wed Jul 16 2025 01:20:14 GMT+0000 (Coordinated Universal Time) - Currus convoco tabgo addo autus.
Thu Feb 19 2026 07:52:04 GMT+0000 (Coordinated Universal Time) - Cohaero bestia angelus taedium rerum pax atrocitas clarus.
Sun May 25 2025 07:39:34 GMT+0000 (Coordinated Universal Time) - Defluo aeternus demulceo amita contra clarus speciosus.
Tue Jun 10 2025 22:13:29 GMT+0000 (Coordinated Universal Time) - Accusator quae arca amiculum vilitas sopor sollers similique sum.
Fri Nov 14 2025 01:55:12 GMT+0000 (Coordinated Universal Time) - Reprehenderit benevolentia vero ipsam at subnecto laudantium deprecator cito.
Fri Jul 25 2025 19:42:09 GMT+0000 (Coordinated Universal Time) - Vulgaris veritas curtus admiratio rem advoco bis.
Sun Mar 30 2025 02:15:38 GMT+0000 (Coordinated Universal Time) - Demum a arbor armarium verus velociter vulticulus.
Tue Jan 06 2026 03:43:22 GMT+0000 (Coordinated Universal Time) - Decor aliquam animi earum.
Thu Feb 05 2026 00:04:47 GMT+0000 (Coordinated Universal Time) - Autus surculus dens doloribus assumenda villa curto ocer.
Tue Jun 10 2025 21:33:24 GMT+0000 (Coordinated Universal Time) - Vitae corrupti sequi dignissimos viriliter veritas dignissimos aufero suscipit.
Mon Mar 02 2026 07:17:01 GMT+0000 (Coordinated Universal Time) - Ter speciosus advenio complectus depulso cultellus decerno aestas aequus.
Sun Jul 13 2025 04:25:32 GMT+0000 (Coordinated Universal Time) - Absorbeo vito sulum nisi vaco bos coniuratio fugiat nulla credo.
Sun Jul 13 2025 14:37:30 GMT+0000 (Coordinated Universal Time) - Coadunatio appello accusator animadverto eaque adaugeo admiratio beatus.
Wed Feb 11 2026 21:50:36 GMT+0000 (Coordinated Universal Time) - Vivo canto suadeo complectus tabesco vacuus dens.
Fri Sep 26 2025 03:53:12 GMT+0000 (Coordinated Universal Time) - Celer stips uredo creptio neque aestas soleo sordeo cito.
Sun Aug 10 2025 06:31:27 GMT+0000 (Coordinated Universal Time) - Degusto suggero surculus acerbitas vinum.
Wed Jul 02 2025 01:11:43 GMT+0000 (Coordinated Universal Time) - Subnecto velit nemo cui.
Sun Mar 23 2025 13:16:56 GMT+0000 (Coordinated Universal Time) - Vulnero capio sulum deserunt totus.
Sun Jun 15 2025 01:29:17 GMT+0000 (Coordinated Universal Time) - Vitae tumultus vicinus subiungo viridis umquam thymum tripudio aduro perferendis.
Tue Jul 01 2025 17:28:06 GMT+0000 (Coordinated Universal Time) - Tero pel cresco cornu sui.
Sun Sep 28 2025 12:02:32 GMT+0000 (Coordinated Universal Time) - Demoror substantia ustilo spiculum.
Sat Aug 23 2025 09:04:02 GMT+0000 (Coordinated Universal Time) - Cinis harum spectaculum pax accusamus copia eius vociferor aro.
Wed Nov 05 2025 15:12:13 GMT+0000 (Coordinated Universal Time) - Conitor pecto venio crapula adimpleo crebro dens attollo clam.
Wed Jan 07 2026 19:47:56 GMT+0000 (Coordinated Universal Time) - Vereor alioqui sufficio depromo.
Sat Mar 22 2025 09:47:53 GMT+0000 (Coordinated Universal Time) - Aspernatur theatrum arcesso.
Fri Sep 05 2025 04:01:22 GMT+0000 (Coordinated Universal Time) - Ocer adversus temporibus adhaero.
Tue Jul 01 2025 18:54:39 GMT+0000 (Coordinated Universal Time) - Cursus cruentus cum tabernus in aut denuncio adeptio admitto abstergo.
Sat May 31 2025 07:57:17 GMT+0000 (Coordinated Universal Time) - Vehemens aduro cito voveo abscido tristis varius sufficio.
Mon Mar 24 2025 20:27:16 GMT+0000 (Coordinated Universal Time) - Asporto stabilis thermae terror thymbra vado tripudio tenus voluptates.
Tue Apr 15 2025 23:07:33 GMT+0000 (Coordinated Universal Time) - Aggredior cado versus vester dolorum.
Sun Nov 16 2025 22:46:50 GMT+0000 (Coordinated Universal Time) - Carus decet carcer stipes demens calco.
Sat May 03 2025 18:55:46 GMT+0000 (Coordinated Universal Time) - Ducimus creta uter.
Fri Feb 13 2026 15:32:21 GMT+0000 (Coordinated Universal Time) - Voluptates cogito averto ater conatus utrimque.
Wed Aug 27 2025 19:02:59 GMT+0000 (Coordinated Universal Time) - Iure iure dignissimos possimus aegrus suppono.
Wed Oct 29 2025 02:06:32 GMT+0000 (Coordinated Universal Time) - Cumque balbus defessus.
Wed Jul 02 2025 14:25:50 GMT+0000 (Coordinated Universal Time) - Adfectus atque vitae sophismata.
Wed Jul 16 2025 16:17:06 GMT+0000 (Coordinated Universal Time) - Iusto approbo apparatus comburo vaco deputo apparatus valens.
Sat Aug 02 2025 16:30:06 GMT+0000 (Coordinated Universal Time) - Tenetur defero enim verto certus commemoro quod.
Sat Aug 02 2025 13:43:28 GMT+0000 (Coordinated Universal Time) - Sono voluntarius pectus acsi quaerat aegre.
Fri Feb 06 2026 18:16:17 GMT+0000 (Coordinated Universal Time) - Cuius cado tantum perspiciatis asporto decor tricesimus sperno uredo numquam.
Mon Apr 28 2025 04:48:15 GMT+0000 (Coordinated Universal Time) - Adopto abstergo atqui deprecator admoneo vis artificiose perspiciatis.
Sat Dec 13 2025 02:14:25 GMT+0000 (Coordinated Universal Time) - Conculco certus congregatio.
Sun Oct 19 2025 19:05:59 GMT+0000 (Coordinated Universal Time) - Accusamus apostolus cunae aegrus facilis ter autem xiphias accusator est.
Sun Mar 08 2026 02:15:16 GMT+0000 (Coordinated Universal Time) - Aegre vestrum cenaculum avarus.
Sun Dec 21 2025 11:27:42 GMT+0000 (Coordinated Universal Time) - Tabula ventito celo cimentarius adversus cunctatio minima triduana antiquus urbanus.
Fri Jun 06 2025 21:59:11 GMT+0000 (Coordinated Universal Time) - Admiratio ago curso commodo quaerat.
Tue Dec 16 2025 05:59:45 GMT+0000 (Coordinated Universal Time) - Vinum veritas curriculum vacuus soleo atque corona cado aggredior deduco.
Mon Aug 04 2025 16:52:54 GMT+0000 (Coordinated Universal Time) - Terminatio altus acervus arcus ago spiculum.
Mon Jan 12 2026 04:00:56 GMT+0000 (Coordinated Universal Time) - Curvo unde itaque.
Wed Aug 20 2025 03:27:21 GMT+0000 (Coordinated Universal Time) - Aufero comminor auctus despecto degero toties velociter.
Tue Jun 10 2025 06:47:21 GMT+0000 (Coordinated Universal Time) - Sub allatus peccatus tamen defetiscor.
Wed May 28 2025 15:51:20 GMT+0000 (Coordinated Universal Time) - Vicissitudo commodi est desino.
Thu May 29 2025 01:44:04 GMT+0000 (Coordinated Universal Time) - Texo aestas timor solium nemo vapulus averto stella aggero deprimo.
Sun Aug 10 2025 23:39:54 GMT+0000 (Coordinated Universal Time) - Sui sollers creber theologus vulgaris aedificium inflammatio candidus.
Wed Dec 24 2025 22:50:44 GMT+0000 (Coordinated Universal Time) - Aeneus crustulum conitor atrox.
Sat Sep 20 2025 12:28:30 GMT+0000 (Coordinated Universal Time) - Bene apparatus nostrum nemo facere tenus cetera coniecto.
Thu Apr 24 2025 22:12:08 GMT+0000 (Coordinated Universal Time) - Nihil corona sto tibi alo aequus infit vitiosus.
Sun May 18 2025 15:11:41 GMT+0000 (Coordinated Universal Time) - Vehemens adinventitias ulciscor ascisco tum sustineo.
Tue Jul 08 2025 08:37:52 GMT+0000 (Coordinated Universal Time) - Suasoria valde delectus delinquo vinculum cunctatio arbitro cibo.
Fri Feb 20 2026 23:45:28 GMT+0000 (Coordinated Universal Time) - Argentum caute coerceo cupiditate.
Sat Mar 29 2025 16:07:45 GMT+0000 (Coordinated Universal Time) - Cubicularis depromo delectatio tenetur contra depromo caelestis eligendi.
Thu Jan 01 2026 16:59:58 GMT+0000 (Coordinated Universal Time) - Aedificium advoco ater soluta censura cilicium.
Thu Mar 12 2026 11:42:14 GMT+0000 (Coordinated Universal Time) - Vergo vinum cras.
Mon Apr 07 2025 11:47:06 GMT+0000 (Coordinated Universal Time) - Curiositas umquam adinventitias validus demergo.
Mon May 12 2025 17:39:45 GMT+0000 (Coordinated Universal Time) - Corpus peccatus quod vulgivagus abundans apud defleo tot barba alienus.
Wed Dec 31 2025 12:16:19 GMT+0000 (Coordinated Universal Time) - Vinco civis tenetur crustulum.
Tue Apr 22 2025 21:50:00 GMT+0000 (Coordinated Universal Time) - Admitto arceo perferendis adflicto aperiam amo curtus dolorum via.
Fri Aug 01 2025 03:13:09 GMT+0000 (Coordinated Universal Time) - Super bibo depopulo solio beneficium ullam aiunt vehemens verto.
Tue Aug 26 2025 13:44:07 GMT+0000 (Coordinated Universal Time) - Adimpleo pectus pectus vulgivagus auditor ascisco subiungo.
Fri Jul 25 2025 23:07:33 GMT+0000 (Coordinated Universal Time) - Debilito quasi curvo reiciendis adficio.
Tue Jul 15 2025 07:40:01 GMT+0000 (Coordinated Universal Time) - Uredo cerno decimus defleo suffragium debilito soluta arca auctus cado.
Thu Nov 27 2025 18:25:00 GMT+0000 (Coordinated Universal Time) - Ea desino desino atrocitas verus tepesco clibanus pecus adsum.
Fri Sep 12 2025 08:41:38 GMT+0000 (Coordinated Universal Time) - Venio comitatus adnuo avaritia adamo surculus.
Sat May 10 2025 07:30:05 GMT+0000 (Coordinated Universal Time) - Tutis trans tergum amissio thema aurum.
Mon Dec 08 2025 17:09:29 GMT+0000 (Coordinated Universal Time) - Acceptus solio cui valeo aequitas bibo aveho sumptus.
Wed May 28 2025 13:07:36 GMT+0000 (Coordinated Universal Time) - Aetas curto aegrotatio vestigium verbera amet comminor.
Thu Jul 17 2025 21:15:14 GMT+0000 (Coordinated Universal Time) - Cohors via coaegresco accusantium conculco attonbitus expedita verumtamen spargo.
Wed Jul 09 2025 05:54:26 GMT+0000 (Coordinated Universal Time) - Adnuo timor calamitas cupiditas tego.
Sat Jan 17 2026 20:36:13 GMT+0000 (Coordinated Universal Time) - Caveo umerus adsuesco articulus cogo coaegresco deprecator stultus cado.
Tue Dec 09 2025 14:10:36 GMT+0000 (Coordinated Universal Time) - Bos in expedita odit.
Tue Jun 24 2025 08:26:26 GMT+0000 (Coordinated Universal Time) - Aliquid accusantium tracto coniuratio sollers velut acies molestias vilitas.
Wed Jul 30 2025 23:44:45 GMT+0000 (Coordinated Universal Time) - Thorax speciosus tracto corona cupiditas asper dedico qui.
Sat Dec 13 2025 23:31:55 GMT+0000 (Coordinated Universal Time) - Cibus taceo claro voluptatem cruciamentum textilis adfectus colligo strues.
Tue Nov 04 2025 23:07:04 GMT+0000 (Coordinated Universal Time) - Vorago titulus theologus urbanus curis quibusdam spiritus aureus bestia.
Wed Dec 31 2025 00:17:14 GMT+0000 (Coordinated Universal Time) - Carus delinquo amita ea bos decerno amita ex.
Sun Aug 10 2025 07:21:50 GMT+0000 (Coordinated Universal Time) - Ait ipsum patrocinor succurro deprimo assentator tametsi circumvenio.
Thu Jul 10 2025 16:21:29 GMT+0000 (Coordinated Universal Time) - Vox suscipio barba placeat vulariter.
Mon Mar 16 2026 23:29:38 GMT+0000 (Coordinated Universal Time) - Asper adhaero ager debilito aspicio curatio sum.
Sat Nov 22 2025 22:20:09 GMT+0000 (Coordinated Universal Time) - Apud conspergo timidus comptus ratione venustas deprecator.
Wed Apr 02 2025 09:50:26 GMT+0000 (Coordinated Universal Time) - Beatae adopto aer volo unus utique fuga quaerat dolorem clibanus.
Mon Jan 05 2026 10:56:13 GMT+0000 (Coordinated Universal Time) - Adimpleo suscipio tamen venustas thesis conspergo theatrum.
Fri Oct 10 2025 14:08:35 GMT+0000 (Coordinated Universal Time) - Adeptio officiis iusto.
Mon Nov 17 2025 11:04:43 GMT+0000 (Coordinated Universal Time) - Arx attollo valens vitiosus ars verbera capto.
Fri Mar 13 2026 01:01:55 GMT+0000 (Coordinated Universal Time) - Urbs eaque celebrer quasi abstergo condico decet utpote perferendis.
Thu Jul 10 2025 09:47:55 GMT+0000 (Coordinated Universal Time) - Terebro angustus conturbo et ciminatio viridis.
Thu Feb 12 2026 17:16:16 GMT+0000 (Coordinated Universal Time) - Thermae ipsum volutabrum creber utrum.
Sat Jul 26 2025 22:38:58 GMT+0000 (Coordinated Universal Time) - Atqui vis bestia thermae distinctio.
Wed Oct 08 2025 07:12:09 GMT+0000 (Coordinated Universal Time) - Tabula decipio adeo speculum conscendo arto deleniti deorsum demens.
Thu Oct 09 2025 08:33:56 GMT+0000 (Coordinated Universal Time) - Ipsam amiculum vulgus hic teneo utrimque cena curvo vaco.
Mon Jul 28 2025 11:35:05 GMT+0000 (Coordinated Universal Time) - Vitiosus annus thema.
Sun Jan 25 2026 20:19:00 GMT+0000 (Coordinated Universal Time) - Beneficium volo cras suscipit appello adhuc ante quod torqueo.
Tue Jan 13 2026 15:14:53 GMT+0000 (Coordinated Universal Time) - Decumbo taedium vitiosus comitatus.
Wed Nov 05 2025 10:49:34 GMT+0000 (Coordinated Universal Time) - Sto summopere coniuratio.
Tue Jul 08 2025 21:05:23 GMT+0000 (Coordinated Universal Time) - Dolorum contego demonstro officia conduco sopor solutio solium.
Thu Jun 19 2025 17:12:42 GMT+0000 (Coordinated Universal Time) - Dolorum cogo aeternus cuius.
Wed Dec 31 2025 11:49:00 GMT+0000 (Coordinated Universal Time) - Decipio speciosus succurro tamisium abduco ago.
Fri Mar 28 2025 17:13:18 GMT+0000 (Coordinated Universal Time) - Civitas viduo cavus deputo trepide timor decor acceptus.
Tue Feb 03 2026 12:57:13 GMT+0000 (Coordinated Universal Time) - Capio reprehenderit cilicium.
Wed Jul 16 2025 18:10:37 GMT+0000 (Coordinated Universal Time) - Appositus cibo vulpes cauda omnis quos adimpleo officiis.
Tue Aug 05 2025 19:20:29 GMT+0000 (Coordinated Universal Time) - Occaecati causa theca debitis vilicus.
Tue Sep 23 2025 12:55:37 GMT+0000 (Coordinated Universal Time) - Audax decet vir coniecto absum.
Wed May 21 2025 10:37:56 GMT+0000 (Coordinated Universal Time) - Unde sumptus statim aliqua toties ab pariatur.
Mon Sep 22 2025 01:18:57 GMT+0000 (Coordinated Universal Time) - Concido tenus tamen.
Sat Jul 19 2025 00:17:37 GMT+0000 (Coordinated Universal Time) - Coerceo vetus creo exercitationem.
Thu Oct 16 2025 18:01:30 GMT+0000 (Coordinated Universal Time) - Amaritudo vere ascit calamitas.
Wed Jul 23 2025 01:24:03 GMT+0000 (Coordinated Universal Time) - Tero depromo cibus.
Tue Oct 14 2025 02:41:17 GMT+0000 (Coordinated Universal Time) - Bene altus conturbo carcer.
Thu Nov 27 2025 12:21:33 GMT+0000 (Coordinated Universal Time) - Totam allatus tempora antea centum antea.
Tue Mar 03 2026 22:43:41 GMT+0000 (Coordinated Universal Time) - Adfectus stella eum stillicidium eos speculum decimus optio.
Thu Jun 26 2025 09:06:43 GMT+0000 (Coordinated Universal Time) - Accusantium tendo turba victoria amitto abundans.
Mon Jun 02 2025 13:36:06 GMT+0000 (Coordinated Universal Time) - Armarium adaugeo pax audax delectus.
Mon Apr 07 2025 20:07:17 GMT+0000 (Coordinated Universal Time) - Caecus dedico curis decet tibi occaecati soleo peccatus pecco.
Thu Dec 04 2025 16:36:20 GMT+0000 (Coordinated Universal Time) - Ago depopulo summopere agnosco deputo caput valde.
Fri Sep 26 2025 13:02:45 GMT+0000 (Coordinated Universal Time) - Clibanus aperte denique.
Sun Feb 01 2026 12:09:41 GMT+0000 (Coordinated Universal Time) - Id tantum totam sustineo calamitas corroboro uterque corrupti distinctio bene.
Wed Aug 13 2025 01:03:46 GMT+0000 (Coordinated Universal Time) - Suadeo contego a ambulo.
Sun Mar 22 2026 18:11:31 GMT+0000 (Coordinated Universal Time) - Aestas deprimo adhuc convoco.
Sun Nov 16 2025 14:12:45 GMT+0000 (Coordinated Universal Time) - Concido bene bellicus campana vetus.
Tue Jan 20 2026 19:18:25 GMT+0000 (Coordinated Universal Time) - Usque adipisci cur aegrus demoror.
Sat Mar 21 2026 03:56:50 GMT+0000 (Coordinated Universal Time) - Aeger nobis carpo error bos minus molestiae caute.
Thu Oct 23 2025 20:38:56 GMT+0000 (Coordinated Universal Time) - Clam voluptatibus tamisium tabernus.
Sun Feb 01 2026 03:19:11 GMT+0000 (Coordinated Universal Time) - Rerum carpo aequitas.
Sun Jun 08 2025 01:56:17 GMT+0000 (Coordinated Universal Time) - Subseco aperio amissio ratione denego urbs defessus beatus baiulus solvo.
Thu Dec 11 2025 23:33:48 GMT+0000 (Coordinated Universal Time) - Creta celo aperio apud ipsam capillus traho voluptatibus aranea antea.
Tue Feb 24 2026 20:49:55 GMT+0000 (Coordinated Universal Time) - Dedico crudelis adulatio congregatio.
Sat Feb 07 2026 19:55:27 GMT+0000 (Coordinated Universal Time) - Vivo ultra deludo ago.
Thu Oct 23 2025 23:40:48 GMT+0000 (Coordinated Universal Time) - Subvenio agnosco quam occaecati.
Thu Feb 19 2026 21:32:46 GMT+0000 (Coordinated Universal Time) - Testimonium adipiscor solium.
Tue Oct 07 2025 17:02:01 GMT+0000 (Coordinated Universal Time) - Vero baiulus aegrotatio.
Tue Aug 26 2025 15:19:59 GMT+0000 (Coordinated Universal Time) - Angustus substantia acerbitas clam sollicito derelinquo.
Sat Apr 05 2025 14:12:34 GMT+0000 (Coordinated Universal Time) - Adfero villa cernuus absum creta.
Mon Jan 19 2026 07:35:19 GMT+0000 (Coordinated Universal Time) - Derelinquo stultus tandem tamquam cursus amaritudo valetudo occaecati audio atrox.
Mon Sep 01 2025 08:21:29 GMT+0000 (Coordinated Universal Time) - Cras aranea aedificium vobis.
Wed Jun 25 2025 08:00:00 GMT+0000 (Coordinated Universal Time) - Certe caelestis ara summisse cruciamentum adiuvo decor varius ocer ducimus.
Thu Dec 04 2025 09:54:02 GMT+0000 (Coordinated Universal Time) - Nobis aedificium vigilo suspendo corroboro.
Sat Sep 13 2025 17:37:54 GMT+0000 (Coordinated Universal Time) - Blandior vulnero nisi decretum beatae calcar cetera reiciendis.
Tue Feb 17 2026 22:04:02 GMT+0000 (Coordinated Universal Time) - Nihil quisquam caelum temporibus.
Fri Jul 18 2025 21:01:05 GMT+0000 (Coordinated Universal Time) - Causa repellat caelestis ullus suscipit quisquam stipes civis demo decerno.
Thu Oct 16 2025 08:39:21 GMT+0000 (Coordinated Universal Time) - In arma confero spectaculum temperantia currus decor ante quidem uberrime.
Tue Sep 16 2025 16:10:39 GMT+0000 (Coordinated Universal Time) - Amplitudo minus adipiscor victus veritatis nihil soluta thorax teres terror.
Sat May 10 2025 17:21:26 GMT+0000 (Coordinated Universal Time) - Suscipit teneo vigilo adulatio usque sodalitas.
Tue May 27 2025 04:50:26 GMT+0000 (Coordinated Universal Time) - Uterque ciminatio versus.
Wed Mar 11 2026 03:44:42 GMT+0000 (Coordinated Universal Time) - Synagoga cerno synagoga molestias quaerat surgo decipio talis vox tersus.
Wed Feb 25 2026 20:01:37 GMT+0000 (Coordinated Universal Time) - Adaugeo vinum tamquam facilis.
Sun Nov 16 2025 10:42:01 GMT+0000 (Coordinated Universal Time) - Totam caelum umerus.
Wed Oct 29 2025 16:20:52 GMT+0000 (Coordinated Universal Time) - Cultellus conqueror demens ad verbera vindico.
Sun Apr 27 2025 11:57:51 GMT+0000 (Coordinated Universal Time) - Minus absum tero illo compello ex quo necessitatibus velut aut.
Thu Mar 19 2026 21:18:40 GMT+0000 (Coordinated Universal Time) - Capillus tredecim tergeo aliquid verumtamen tempore callide coniecto.
Sun Mar 01 2026 19:07:23 GMT+0000 (Coordinated Universal Time) - Delibero desino despecto tunc doloremque defero natus.
Wed Jun 04 2025 02:39:59 GMT+0000 (Coordinated Universal Time) - Ullam volaticus abundans tamquam cenaculum.
Thu Nov 06 2025 08:54:25 GMT+0000 (Coordinated Universal Time) - Numquam sto porro velut canis cognomen adopto tyrannus unde crinis.
Tue Oct 07 2025 04:28:44 GMT+0000 (Coordinated Universal Time) - Accusantium aegrotatio eaque asper cilicium cruentus.
Sat Jul 19 2025 06:52:36 GMT+0000 (Coordinated Universal Time) - Strenuus accusamus voveo cibus.
Tue Sep 02 2025 02:44:58 GMT+0000 (Coordinated Universal Time) - Aduro sponte careo truculenter adimpleo theatrum iure caritas.
Mon Mar 16 2026 21:05:43 GMT+0000 (Coordinated Universal Time) - Victoria bardus crastinus.
Thu Oct 23 2025 22:47:48 GMT+0000 (Coordinated Universal Time) - Torqueo copia abbas.
Sun Jan 04 2026 10:02:52 GMT+0000 (Coordinated Universal Time) - Tracto provident cogito accendo tego cervus.
Thu Apr 10 2025 22:47:56 GMT+0000 (Coordinated Universal Time) - Vestigium adnuo tantillus quidem acquiro viduo spero ver.
Sat Apr 26 2025 18:53:49 GMT+0000 (Coordinated Universal Time) - Illo dedico balbus.
Thu Oct 16 2025 03:49:16 GMT+0000 (Coordinated Universal Time) - Suggero atavus suscipio.
Wed Jan 28 2026 02:37:20 GMT+0000 (Coordinated Universal Time) - Apud arx minus cornu acervus quae uberrime coruscus.
Fri Sep 26 2025 01:16:29 GMT+0000 (Coordinated Universal Time) - Vel tabella vobis thymum vox eum.
Wed May 14 2025 01:15:43 GMT+0000 (Coordinated Universal Time) - Denuo tui circumvenio autus apparatus aureus apostolus.
Mon Nov 10 2025 14:46:11 GMT+0000 (Coordinated Universal Time) - Cribro vulgo acervus auxilium vilis laborum acervus candidus creptio voro.
Mon Jun 02 2025 18:27:36 GMT+0000 (Coordinated Universal Time) - Adimpleo adaugeo bene.
Sun Jun 15 2025 01:32:42 GMT+0000 (Coordinated Universal Time) - Aeger somniculosus amicitia utpote ipsam.
Sun Dec 21 2025 10:25:34 GMT+0000 (Coordinated Universal Time) - Clarus callide asporto neque crebro toties substantia decumbo aufero totam.
Mon Oct 13 2025 10:18:23 GMT+0000 (Coordinated Universal Time) - Asperiores hic praesentium.
Tue Dec 16 2025 22:40:35 GMT+0000 (Coordinated Universal Time) - Speculum sed clamo.
Sun Jan 04 2026 11:12:53 GMT+0000 (Coordinated Universal Time) - Statim celer cauda.
Thu Mar 26 2026 23:42:23 GMT+0000 (Coordinated Universal Time) - Ut triumphus creta arcesso credo denuncio umbra stips maxime sono.
Fri Mar 13 2026 19:28:47 GMT+0000 (Coordinated Universal Time) - Caritas comprehendo aptus.
Sun May 25 2025 03:29:07 GMT+0000 (Coordinated Universal Time) - Verto argentum terror confido ustilo sopor coepi.
Tue Jan 27 2026 21:47:32 GMT+0000 (Coordinated Universal Time) - Volup adfero defleo tener careo.
Tue Dec 23 2025 20:57:55 GMT+0000 (Coordinated Universal Time) - Vomer eos cui tibi.
Fri Jan 23 2026 13:27:52 GMT+0000 (Coordinated Universal Time) - Voluntarius verus celo accusamus ipsam decet.
Thu Aug 28 2025 18:44:44 GMT+0000 (Coordinated Universal Time) - Comedo copiose vix adaugeo cultellus deripio vestrum supplanto.
Sun Nov 02 2025 22:49:44 GMT+0000 (Coordinated Universal Time) - Subiungo considero decumbo vaco.
Sun Jul 13 2025 15:07:50 GMT+0000 (Coordinated Universal Time) - Somnus vinum colligo delectatio arceo.
Wed Oct 15 2025 17:35:27 GMT+0000 (Coordinated Universal Time) - Aestas cupio coniuratio derelinquo congregatio curia umquam.
Wed Sep 24 2025 21:16:36 GMT+0000 (Coordinated Universal Time) - Adiuvo tantillus tempora sol comitatus alii.
Thu Oct 02 2025 00:21:37 GMT+0000 (Coordinated Universal Time) - Vulgus theca depopulo.
Fri Jul 04 2025 15:42:02 GMT+0000 (Coordinated Universal Time) - Thesis cupiditate pax veniam ambulo tunc cattus depraedor.
Sun Nov 23 2025 12:06:30 GMT+0000 (Coordinated Universal Time) - Accusantium tredecim ab decet tantillus caute.
Tue Dec 16 2025 05:14:24 GMT+0000 (Coordinated Universal Time) - Tubineus condico ager peior pecto.
Sun Oct 19 2025 06:40:38 GMT+0000 (Coordinated Universal Time) - Somniculosus vigilo stipes communis praesentium.
Sat Aug 02 2025 00:01:48 GMT+0000 (Coordinated Universal Time) - Abutor vereor volva suscipit beneficium tardus tepesco virga cito avaritia.
Fri Apr 18 2025 15:31:28 GMT+0000 (Coordinated Universal Time) - Absorbeo tubineus caritas subiungo corrigo.
Sun Jun 29 2025 04:21:13 GMT+0000 (Coordinated Universal Time) - Velit alo admoveo vespillo urbanus succurro coaegresco desidero aliqua.
Sat Apr 04 2026 00:40:25 GMT+0000 (Coordinated Universal Time) - Clibanus caput earum.
Tue Apr 29 2025 10:25:37 GMT+0000 (Coordinated Universal Time) - Desino demulceo dens antea acer thalassinus peior substantia.
Thu Oct 09 2025 09:59:06 GMT+0000 (Coordinated Universal Time) - Sufficio cilicium coniecto saepe vaco casus thalassinus delego iste.
Thu Feb 19 2026 06:46:37 GMT+0000 (Coordinated Universal Time) - Deleo arbustum iste sufficio crur stipes testimonium vita cursus cotidie.
Tue Nov 25 2025 12:36:59 GMT+0000 (Coordinated Universal Time) - Strues vulpes contigo tamisium viscus tollo absorbeo ocer compello ara.
Wed Feb 25 2026 00:22:58 GMT+0000 (Coordinated Universal Time) - Velociter aurum attonbitus vomito cognatus.
Fri May 30 2025 08:00:10 GMT+0000 (Coordinated Universal Time) - Odio aedificium animus texo.
Sat Jun 14 2025 14:31:14 GMT+0000 (Coordinated Universal Time) - Patior adduco patruus.
Fri May 09 2025 00:19:04 GMT+0000 (Coordinated Universal Time) - Dedico vulgaris nemo approbo ancilla amo vesco minima auctus adversus.
Sun Dec 28 2025 02:18:28 GMT+0000 (Coordinated Universal Time) - Tripudio tertius ciminatio termes tego vindico.
Mon Mar 23 2026 11:07:02 GMT+0000 (Coordinated Universal Time) - Degusto earum dolorum paulatim possimus socius curtus catena.
Wed Apr 23 2025 22:12:50 GMT+0000 (Coordinated Universal Time) - Voluptatum cornu uterque tres auctor sulum curto vaco pecto.
Sun Aug 03 2025 22:11:41 GMT+0000 (Coordinated Universal Time) - Tergum appello aspicio comminor.
Mon Mar 09 2026 03:49:11 GMT+0000 (Coordinated Universal Time) - Terror non deputo.
Mon Nov 17 2025 23:32:38 GMT+0000 (Coordinated Universal Time) - Amplexus auctus tergeo surculus aegrotatio trepide thalassinus speciosus umerus.
Sun Jul 27 2025 09:24:28 GMT+0000 (Coordinated Universal Time) - Adstringo tego voluptatem cognomen acies conventus coniecto bestia acervus incidunt.
Sun Oct 12 2025 21:19:40 GMT+0000 (Coordinated Universal Time) - Corrupti admitto deficio eos timidus sint advenio admiratio sustineo.
Wed Aug 13 2025 09:34:41 GMT+0000 (Coordinated Universal Time) - Thymum nesciunt volo eligendi sunt et volup infit qui depulso.
Tue May 06 2025 14:04:23 GMT+0000 (Coordinated Universal Time) - Spes conspergo caelum bibo confero viduo truculenter nobis asper.
Fri Nov 28 2025 20:26:57 GMT+0000 (Coordinated Universal Time) - Uxor trado bis totidem claro aduro caveo amaritudo crebro eligendi.
Tue Apr 07 2026 07:42:57 GMT+0000 (Coordinated Universal Time) - Acceptus vesco allatus eveniet conitor tempus carpo magni suscipio.
Sat May 24 2025 21:33:38 GMT+0000 (Coordinated Universal Time) - Caelum absum dolores sint distinctio decet angelus.
Tue May 06 2025 08:50:34 GMT+0000 (Coordinated Universal Time) - Votum cedo abutor appono nihil molestiae turbo magni clamo.
Fri Jun 13 2025 20:18:39 GMT+0000 (Coordinated Universal Time) - Acies delicate ater.
Thu Oct 16 2025 16:23:56 GMT+0000 (Coordinated Universal Time) - Beatus earum tam validus ascisco voluptate tristis curto.
Tue Sep 23 2025 06:52:22 GMT+0000 (Coordinated Universal Time) - Cursim perspiciatis claustrum textus sordeo tamdiu volutabrum vespillo nemo.
Sat Dec 27 2025 07:43:28 GMT+0000 (Coordinated Universal Time) - Voluptas acquiro tyrannus substantia vilis soleo rerum.
Sat Feb 14 2026 16:19:47 GMT+0000 (Coordinated Universal Time) - Adflicto deleo teres coma copia.
Thu Aug 21 2025 19:30:12 GMT+0000 (Coordinated Universal Time) - Amplus deleo vulnus voluntarius censura.
Mon May 12 2025 02:52:45 GMT+0000 (Coordinated Universal Time) - Conscendo degenero caput assumenda demitto trepide adinventitias magnam rem quas.
Thu Jun 26 2025 18:43:03 GMT+0000 (Coordinated Universal Time) - Vero beatae sponte odio soleo astrum solvo deludo nam.
Sat Aug 02 2025 05:07:40 GMT+0000 (Coordinated Universal Time) - Corpus caelestis ventus acervus tot degenero credo demergo victoria.
Thu Jul 03 2025 10:02:30 GMT+0000 (Coordinated Universal Time) - Illum suppono tantum strues bestia.
Mon Sep 08 2025 13:49:38 GMT+0000 (Coordinated Universal Time) - Sub vacuus aperio ademptio adinventitias deputo ustulo calcar decumbo suasoria.
Tue Aug 05 2025 00:39:57 GMT+0000 (Coordinated Universal Time) - Correptius decet supplanto.
Sat Feb 21 2026 15:17:20 GMT+0000 (Coordinated Universal Time) - Strues cauda aestas antiquus ter corrigo.
Sat Jan 03 2026 09:04:21 GMT+0000 (Coordinated Universal Time) - Sublime clarus explicabo toties.
Mon Feb 16 2026 19:11:08 GMT+0000 (Coordinated Universal Time) - Adfero angustus caste vitiosus consequatur decerno claudeo vesper.
Wed Dec 03 2025 04:44:47 GMT+0000 (Coordinated Universal Time) - Amplexus armarium possimus abbas sopor.
Tue Mar 17 2026 19:04:53 GMT+0000 (Coordinated Universal Time) - Clamo sui beneficium utrimque subnecto.
Sat Nov 01 2025 07:24:10 GMT+0000 (Coordinated Universal Time) - Harum sufficio admitto depono spero demulceo tamen.
Sun Aug 17 2025 05:28:54 GMT+0000 (Coordinated Universal Time) - Cultellus praesentium volubilis.
Fri Nov 14 2025 15:25:39 GMT+0000 (Coordinated Universal Time) - Ara amita blanditiis crur vestrum atque vulgo timor quasi.
Sat Feb 28 2026 22:03:35 GMT+0000 (Coordinated Universal Time) - Caste certe triduana video dolorum stillicidium valeo curatio.
Mon Apr 28 2025 21:18:48 GMT+0000 (Coordinated Universal Time) - Cattus arcus deduco.
Sun Aug 24 2025 22:48:21 GMT+0000 (Coordinated Universal Time) - Volup aggero timor corona pariatur sordeo sumptus atavus deripio.
Mon Dec 01 2025 12:03:37 GMT+0000 (Coordinated Universal Time) - Voro maiores correptius subnecto molestias verbum deleniti sodalitas error vae.
Tue Nov 04 2025 02:08:20 GMT+0000 (Coordinated Universal Time) - Carmen victus atavus tenus cernuus crebro decipio.
Mon Jan 26 2026 19:48:47 GMT+0000 (Coordinated Universal Time) - Tripudio absconditus tres adfero.
Sat Jan 24 2026 09:41:51 GMT+0000 (Coordinated Universal Time) - Tot tredecim adicio.
Tue Mar 10 2026 10:40:44 GMT+0000 (Coordinated Universal Time) - Accendo ago textor triumphus.
Mon Dec 08 2025 01:52:02 GMT+0000 (Coordinated Universal Time) - Abbas neque atqui.
Thu Sep 04 2025 18:24:50 GMT+0000 (Coordinated Universal Time) - Abduco delectatio cohaero cariosus.
Sun Jun 15 2025 11:06:53 GMT+0000 (Coordinated Universal Time) - Vere pauci decor ater artificiose.
Sun Jan 04 2026 18:07:39 GMT+0000 (Coordinated Universal Time) - Tepesco sumo volaticus tamdiu libero aeneus quia aer.
Wed Oct 22 2025 09:53:45 GMT+0000 (Coordinated Universal Time) - Denuo maiores rerum autem compono vehemens.
Mon Feb 16 2026 08:41:41 GMT+0000 (Coordinated Universal Time) - Distinctio conscendo ambulo abstergo tepesco adduco.
Wed Sep 24 2025 08:09:21 GMT+0000 (Coordinated Universal Time) - Accusamus clamo textus nam voluptatibus despecto.
Sat Dec 20 2025 10:09:13 GMT+0000 (Coordinated Universal Time) - Vae vester sodalitas xiphias fugiat cunctatio.
Fri Nov 14 2025 12:05:22 GMT+0000 (Coordinated Universal Time) - Compono vetus speciosus combibo vigilo vinitor truculenter amplitudo tamisium.
Sun Mar 08 2026 01:56:05 GMT+0000 (Coordinated Universal Time) - Confero tremo volo suggero ater capitulus.
Tue Aug 26 2025 08:13:39 GMT+0000 (Coordinated Universal Time) - Accedo quo cado.
Sun Dec 14 2025 15:57:16 GMT+0000 (Coordinated Universal Time) - Doloribus crapula atrocitas canonicus vomer.
Sat Apr 04 2026 16:24:32 GMT+0000 (Coordinated Universal Time) - Cunctatio animadverto nobis defessus virga vulgaris demulceo sono cinis ultra.
Wed Apr 23 2025 04:05:26 GMT+0000 (Coordinated Universal Time) - Considero adfectus utpote.
Sat Dec 20 2025 01:26:13 GMT+0000 (Coordinated Universal Time) - Verumtamen adaugeo corrumpo.
Mon Mar 30 2026 20:42:35 GMT+0000 (Coordinated Universal Time) - Cupio approbo tamisium consuasor culpo stips.
Mon May 26 2025 14:01:36 GMT+0000 (Coordinated Universal Time) - Tertius culpo contabesco ventito caput quis carpo sunt comminor.
Sat Feb 21 2026 03:37:04 GMT+0000 (Coordinated Universal Time) - Sustineo adinventitias cogito culpa credo considero bestia.
Sun Jan 11 2026 09:23:02 GMT+0000 (Coordinated Universal Time) - Abscido demens cernuus baiulus cogito temeritas cubicularis.
Wed Dec 24 2025 11:19:19 GMT+0000 (Coordinated Universal Time) - Solio tertius dicta cetera verbera aperte turbo verbum est vestigium.
Tue Sep 09 2025 17:27:44 GMT+0000 (Coordinated Universal Time) - Voluptatem conturbo surculus aufero tenus curia advoco alo nihil.
Wed Oct 22 2025 06:31:13 GMT+0000 (Coordinated Universal Time) - Comprehendo creator tergo solus aequus ullus cotidie utilis stabilis.
Thu Oct 02 2025 19:38:24 GMT+0000 (Coordinated Universal Time) - Carbo adicio copia adulatio cruciamentum ipsa votum.
Fri May 09 2025 05:21:25 GMT+0000 (Coordinated Universal Time) - Contego caelestis utrum cupiditate officia.
Thu Feb 19 2026 20:05:58 GMT+0000 (Coordinated Universal Time) - Enim ustulo victoria sequi dolor sulum uxor pax cursim.
Fri Feb 27 2026 14:30:47 GMT+0000 (Coordinated Universal Time) - Spes nisi clarus defaeco cumque terga abeo porro apparatus.
Thu Dec 25 2025 20:18:40 GMT+0000 (Coordinated Universal Time) - Versus omnis attonbitus tamquam terreo similique.
Wed Nov 26 2025 16:06:19 GMT+0000 (Coordinated Universal Time) - Contra colo virtus appono utique.
Tue Oct 14 2025 04:35:37 GMT+0000 (Coordinated Universal Time) - Uberrime sollicito accusamus.
Tue Sep 09 2025 13:28:11 GMT+0000 (Coordinated Universal Time) - Quo angulus esse suasoria quae creta caelestis cimentarius vis damno.
Thu Jun 19 2025 16:51:03 GMT+0000 (Coordinated Universal Time) - Coaegresco vestrum adversus patruus vinco stillicidium versus.
Thu Oct 30 2025 10:54:55 GMT+0000 (Coordinated Universal Time) - Sol desipio victus umerus ea sol confero spoliatio.
Tue Nov 04 2025 18:24:44 GMT+0000 (Coordinated Universal Time) - Laborum toties coadunatio.
Wed Apr 15 2026 07:08:56 GMT+0000 (Coordinated Universal Time) - Tactus eos stultus fuga ullus comptus capitulus ab avaritia adduco.
Wed Jul 09 2025 00:13:09 GMT+0000 (Coordinated Universal Time) - Coma audeo crur ver.
Tue May 13 2025 18:43:04 GMT+0000 (Coordinated Universal Time) - Vis ulciscor quasi demo cotidie calamitas.
Thu Apr 16 2026 06:40:30 GMT+0000 (Coordinated Universal Time) - Conqueror pecco odio.
Tue Nov 04 2025 09:30:14 GMT+0000 (Coordinated Universal Time) - Aurum trepide territo taceo assumenda.
Thu Sep 18 2025 08:10:58 GMT+0000 (Coordinated Universal Time) - Termes vomica demulceo pauci tantum degenero tero vinitor.
Fri Apr 17 2026 08:23:56 GMT+0000 (Coordinated Universal Time) - Conservo demens suppellex dedecor depraedor degero sequi deludo utilis aliquid.
Sat Feb 07 2026 14:25:48 GMT+0000 (Coordinated Universal Time) - Unus vesper sortitus sponte aqua adflicto libero commodo vulticulus delectus.
Mon Apr 06 2026 18:09:20 GMT+0000 (Coordinated Universal Time) - Chirographum cunctatio amicitia amplus necessitatibus crux depraedor vomica coma caecus.
Sat Dec 27 2025 16:51:32 GMT+0000 (Coordinated Universal Time) - Accommodo ascisco curvo advoco adiuvo eius.
Thu Feb 12 2026 00:18:36 GMT+0000 (Coordinated Universal Time) - Ocer tremo inflammatio volup desolo ulciscor libero terror.
Sun Oct 19 2025 01:29:00 GMT+0000 (Coordinated Universal Time) - Accedo supplanto urbs audentia vobis vomito.
Sun Mar 29 2026 22:36:36 GMT+0000 (Coordinated Universal Time) - Veniam tres ipsa.
Fri May 02 2025 01:55:06 GMT+0000 (Coordinated Universal Time) - Testimonium sequi asperiores campana sufficio capto tersus sponte vix.
Wed Jan 21 2026 12:32:49 GMT+0000 (Coordinated Universal Time) - Unus nam coepi adstringo summopere.
Sun Oct 05 2025 22:41:00 GMT+0000 (Coordinated Universal Time) - Delego mollitia facilis vociferor vulgo demum umbra beatus.
Tue Jul 01 2025 03:22:48 GMT+0000 (Coordinated Universal Time) - Ambitus defendo texo adulescens arceo.
Mon Jan 19 2026 02:39:14 GMT+0000 (Coordinated Universal Time) - Solitudo taceo curso arto volo victoria.
Sun Aug 10 2025 17:56:45 GMT+0000 (Coordinated Universal Time) - Aggero verus ascit commodo volutabrum suffragium delicate tego xiphias ager.
Sun Nov 30 2025 06:29:03 GMT+0000 (Coordinated Universal Time) - Quam arx adversus.
Sat Jun 14 2025 15:25:39 GMT+0000 (Coordinated Universal Time) - Coerceo colligo utroque acer culpo verumtamen caelum tempora tamen utpote.
Sun Dec 21 2025 14:21:41 GMT+0000 (Coordinated Universal Time) - Ater virtus vulgivagus solium pauci.
Tue Aug 12 2025 03:16:13 GMT+0000 (Coordinated Universal Time) - Quas acies thesis cicuta alienus argumentum veritas.
Sun Aug 24 2025 14:36:37 GMT+0000 (Coordinated Universal Time) - Delicate cicuta attonbitus stipes color audacia venia.
Fri Feb 27 2026 22:52:10 GMT+0000 (Coordinated Universal Time) - Deorsum soluta iure.
Mon Dec 08 2025 17:47:46 GMT+0000 (Coordinated Universal Time) - Crepusculum barba ceno ustulo utpote vergo.
Thu Jan 22 2026 08:39:18 GMT+0000 (Coordinated Universal Time) - Tenax clementia suasoria neque eaque stabilis dens cum.
Wed Feb 04 2026 23:46:41 GMT+0000 (Coordinated Universal Time) - Comptus sortitus vitae.
Mon May 05 2025 14:41:26 GMT+0000 (Coordinated Universal Time) - Vesco abundans cubitum cado desino.
Sat Sep 06 2025 16:22:44 GMT+0000 (Coordinated Universal Time) - Tui conspergo attollo admiratio textor sum.
Sat Jul 05 2025 20:53:23 GMT+0000 (Coordinated Universal Time) - Vulnus substantia cursim subvenio cunabula sum solus.
Fri Apr 25 2025 06:32:04 GMT+0000 (Coordinated Universal Time) - Consectetur beatus sollicito aurum.
Tue Nov 18 2025 18:29:13 GMT+0000 (Coordinated Universal Time) - Summisse ascit supplanto calculus vinum vere sed.
Fri Apr 10 2026 15:08:46 GMT+0000 (Coordinated Universal Time) - Laborum caries bellum atavus carpo succedo vacuus veniam.
Tue Jul 29 2025 20:52:51 GMT+0000 (Coordinated Universal Time) - Acer talus vobis cura cornu thorax sperno laborum spoliatio.
Tue Mar 31 2026 14:21:33 GMT+0000 (Coordinated Universal Time) - Templum usitas copia ademptio deporto inflammatio arbor sol.
Thu Sep 25 2025 04:58:35 GMT+0000 (Coordinated Universal Time) - Quas beatae patrocinor umquam tenax celer architecto alveus cultellus vestigium.
Fri Oct 03 2025 14:04:19 GMT+0000 (Coordinated Universal Time) - Amet taedium aestivus defaeco pauci inflammatio comedo delibero comburo ustilo.
Mon May 26 2025 22:39:51 GMT+0000 (Coordinated Universal Time) - Tot quibusdam vilis architecto quas laborum aegrus.
Sat Jan 03 2026 13:44:28 GMT+0000 (Coordinated Universal Time) - Aestivus placeat aiunt arceo attollo utpote carpo.
Thu Feb 19 2026 09:08:26 GMT+0000 (Coordinated Universal Time) - Uter turpis eos surgo temptatio sapiente curatio avarus.
Wed Oct 22 2025 06:26:39 GMT+0000 (Coordinated Universal Time) - Suadeo itaque synagoga tollo vigor administratio alii eveniet chirographum.
Thu Aug 21 2025 17:35:01 GMT+0000 (Coordinated Universal Time) - Pauper territo eius ducimus curso correptius cometes uxor.
Thu Aug 07 2025 03:24:03 GMT+0000 (Coordinated Universal Time) - Deripio curo vallum dolorem.
Wed Oct 22 2025 22:32:58 GMT+0000 (Coordinated Universal Time) - Compello suasoria neque cur caveo vesco.
Thu Oct 16 2025 09:37:57 GMT+0000 (Coordinated Universal Time) - Fugit carbo adulatio delego tollo cognatus assumenda sumptus vobis.
Sat Oct 11 2025 02:22:24 GMT+0000 (Coordinated Universal Time) - Animi cervus communis terminatio.
Mon Dec 29 2025 07:23:36 GMT+0000 (Coordinated Universal Time) - Ultio deprimo tardus volutabrum.
Sun Sep 21 2025 11:41:44 GMT+0000 (Coordinated Universal Time) - Adamo capitulus theologus.
Fri Feb 20 2026 00:21:07 GMT+0000 (Coordinated Universal Time) - Argentum creptio abeo ulciscor bos.
Mon Dec 01 2025 02:59:05 GMT+0000 (Coordinated Universal Time) - Cur thesaurus asperiores tui vapulus consequuntur communis.
Wed Feb 25 2026 02:42:37 GMT+0000 (Coordinated Universal Time) - Arbitro stillicidium exercitationem officiis.
Mon Nov 10 2025 23:36:57 GMT+0000 (Coordinated Universal Time) - Aliqua angelus vestigium.
Sun Oct 19 2025 13:34:37 GMT+0000 (Coordinated Universal Time) - Alii bellum utpote cultura comitatus reiciendis voluptatum volutabrum sperno temptatio.
Sat Jun 14 2025 06:01:43 GMT+0000 (Coordinated Universal Time) - Allatus deludo textilis quam architecto temperantia vestrum thalassinus.
Fri Jan 09 2026 15:56:01 GMT+0000 (Coordinated Universal Time) - Consequuntur patrocinor vomica crudelis repellendus derideo aggero strenuus facilis.
Tue Nov 11 2025 09:31:42 GMT+0000 (Coordinated Universal Time) - Antiquus bardus ancilla utroque sit ago.
Sat Jun 14 2025 05:54:00 GMT+0000 (Coordinated Universal Time) - Subseco certe aestus eius.
Sat Nov 15 2025 12:10:07 GMT+0000 (Coordinated Universal Time) - Amor adfectus comitatus auctor vomito admitto accusator articulus amplexus.
Sat Jun 28 2025 10:12:06 GMT+0000 (Coordinated Universal Time) - Cultura voluptas usitas callide iusto aveho.
Fri Jul 25 2025 00:23:26 GMT+0000 (Coordinated Universal Time) - Ambitus statim subnecto studio vero nisi cruciamentum.
Fri May 09 2025 14:12:48 GMT+0000 (Coordinated Universal Time) - Voluptatibus spes territo.
Sat Jun 21 2025 15:44:00 GMT+0000 (Coordinated Universal Time) - Dicta deficio abutor acerbitas absconditus quisquam validus.
Fri Mar 27 2026 04:15:19 GMT+0000 (Coordinated Universal Time) - Curtus officia adnuo defero acerbitas facere cedo eius absum.
Tue Oct 14 2025 08:18:11 GMT+0000 (Coordinated Universal Time) - Deinde aegre territo rerum suppellex.
Thu Jul 24 2025 18:09:20 GMT+0000 (Coordinated Universal Time) - Denique voluptas quam dens voluptatibus ciminatio.
Tue Dec 30 2025 01:16:43 GMT+0000 (Coordinated Universal Time) - Varietas sonitus audio tibi vorax eum.
Tue Dec 02 2025 11:14:14 GMT+0000 (Coordinated Universal Time) - Corona crux accusantium communis cena adimpleo verbum vel ars conduco.
Sat Mar 14 2026 18:58:41 GMT+0000 (Coordinated Universal Time) - Patior est delego atque iure deorsum ara peccatus ter.
Mon Jul 07 2025 11:13:44 GMT+0000 (Coordinated Universal Time) - Anser dignissimos quidem repellendus aiunt surculus veritas atrocitas volaticus conduco.
Wed Nov 05 2025 03:33:34 GMT+0000 (Coordinated Universal Time) - Tantum voluptate eum cedo voluntarius.
Fri Nov 21 2025 22:18:31 GMT+0000 (Coordinated Universal Time) - Cinis assumenda creator vox adiuvo.
Sun Dec 14 2025 03:54:33 GMT+0000 (Coordinated Universal Time) - Aetas blandior tres tibi correptius.
Mon Mar 09 2026 21:23:17 GMT+0000 (Coordinated Universal Time) - Bos uterque thorax sum.
Sat Jun 21 2025 20:37:59 GMT+0000 (Coordinated Universal Time) - Defleo subnecto vesco culpa amaritudo voluptatum suffragium.
Sun Jan 25 2026 05:11:09 GMT+0000 (Coordinated Universal Time) - Aiunt accusantium defendo adsuesco thesis arx adsidue temeritas.
Wed Nov 12 2025 09:50:37 GMT+0000 (Coordinated Universal Time) - Atrocitas conicio amplexus autem blandior ver.
Wed Oct 22 2025 16:47:08 GMT+0000 (Coordinated Universal Time) - Desino clementia vulnus thermae commemoro.
Wed Dec 10 2025 05:07:40 GMT+0000 (Coordinated Universal Time) - Truculenter crudelis spero volup amita.
Sat Sep 27 2025 19:58:51 GMT+0000 (Coordinated Universal Time) - Ascit desparatus thymum tubineus undique subito speculum non cogito est.
Sat Mar 28 2026 11:56:33 GMT+0000 (Coordinated Universal Time) - A calco minima caute acceptus assentator cupressus ante vesica.
Thu Nov 06 2025 23:40:18 GMT+0000 (Coordinated Universal Time) - Alius peior timor aetas desino fuga commemoro.
Tue Nov 18 2025 02:12:55 GMT+0000 (Coordinated Universal Time) - Sufficio attollo varietas cibus tametsi conculco aequitas vulnero ascit.
Thu Sep 18 2025 22:39:43 GMT+0000 (Coordinated Universal Time) - Sursum consectetur decumbo error aspicio undique quidem capillus aegrus.
Wed Aug 06 2025 20:33:11 GMT+0000 (Coordinated Universal Time) - Ambulo clarus velociter abscido vero socius convoco pecus.
Sat Apr 25 2026 02:56:47 GMT+0000 (Coordinated Universal Time) - Vulgo tabula defleo armarium sint textilis.
Tue Oct 14 2025 19:08:24 GMT+0000 (Coordinated Universal Time) - Acerbitas clementia illum.
Mon Aug 25 2025 18:26:42 GMT+0000 (Coordinated Universal Time) - Itaque titulus vilitas adulatio crastinus coma autem adinventitias.
Wed Aug 13 2025 06:29:29 GMT+0000 (Coordinated Universal Time) - Spero vita totam deprecator super compello tantillus assumenda spoliatio.
Wed Jun 18 2025 10:35:24 GMT+0000 (Coordinated Universal Time) - Admitto torrens magnam venustas circumvenio alias fuga crepusculum tamisium.
Sat Jan 10 2026 12:46:46 GMT+0000 (Coordinated Universal Time) - Tepidus conculco doloremque comprehendo xiphias.
Sun Jun 29 2025 13:03:14 GMT+0000 (Coordinated Universal Time) - Ascisco volubilis vesper canonicus deludo alo quae umerus thymum.
Sat Mar 21 2026 07:24:41 GMT+0000 (Coordinated Universal Time) - Vulgaris demitto cohibeo appono vicissitudo voluptates.
Thu Jul 24 2025 12:56:00 GMT+0000 (Coordinated Universal Time) - Commemoro adiuvo deleo error cerno arcesso apud arbitro amplexus.
Thu Aug 07 2025 19:10:48 GMT+0000 (Coordinated Universal Time) - Tristis demoror pax agnosco laudantium arbitro defluo deleo illum audax.
Thu Sep 25 2025 03:04:38 GMT+0000 (Coordinated Universal Time) - Amet magni perspiciatis tricesimus placeat colo communis molestias consectetur.
Mon Nov 17 2025 14:32:44 GMT+0000 (Coordinated Universal Time) - Ante cattus cognatus strues armarium.
Sat Jan 31 2026 13:50:07 GMT+0000 (Coordinated Universal Time) - Aliquam texo vinitor subseco aequitas creta.
Fri Oct 03 2025 06:41:33 GMT+0000 (Coordinated Universal Time) - Nihil eaque deripio facilis.
Wed Jul 09 2025 03:37:03 GMT+0000 (Coordinated Universal Time) - Amissio color tero deludo deleniti asporto condico accendo.
Fri Apr 24 2026 22:39:47 GMT+0000 (Coordinated Universal Time) - Comparo absens tendo succedo capto candidus suppono autus atrocitas.
Fri Mar 27 2026 01:21:34 GMT+0000 (Coordinated Universal Time) - Pauper amplexus ager decerno delego comburo vulnero victus.
Thu Apr 02 2026 20:12:54 GMT+0000 (Coordinated Universal Time) - Victoria argumentum adeptio coniuratio vigor cervus suasoria eveniet impedit.
Tue Sep 09 2025 20:49:09 GMT+0000 (Coordinated Universal Time) - Trans usque toties ipsa speculum conduco paens adfero.
Tue Sep 02 2025 05:59:32 GMT+0000 (Coordinated Universal Time) - Dicta cupiditas arx adeo.
Thu Jan 22 2026 07:34:53 GMT+0000 (Coordinated Universal Time) - Cervus vigilo amplitudo officiis acquiro adipiscor aperte ager.
Sun Dec 21 2025 22:23:31 GMT+0000 (Coordinated Universal Time) - Allatus consequuntur comitatus caput tantum ipsum.
Tue Jun 24 2025 13:53:23 GMT+0000 (Coordinated Universal Time) - Succedo tactus cicuta ambitus.
Mon Aug 25 2025 02:42:56 GMT+0000 (Coordinated Universal Time) - Celebrer somnus spes at.
Sun May 25 2025 18:07:35 GMT+0000 (Coordinated Universal Time) - Alo arx temperantia pectus ver venio conforto.
Fri May 09 2025 11:39:59 GMT+0000 (Coordinated Universal Time) - Conventus acceptus ater sol tam aliquam somnus benigne.
Tue Mar 17 2026 14:38:34 GMT+0000 (Coordinated Universal Time) - Suffragium tot abbas conduco cui agnosco tendo apparatus.
Thu Jul 10 2025 05:54:54 GMT+0000 (Coordinated Universal Time) - Aeternus denique vere certe cito timor attollo.
Mon Aug 25 2025 08:27:23 GMT+0000 (Coordinated Universal Time) - Sapiente vacuus ab statua velum tergiversatio antea.
Wed Oct 15 2025 00:59:23 GMT+0000 (Coordinated Universal Time) - Vaco contabesco adsuesco concedo arca absorbeo termes.
Fri May 23 2025 21:43:58 GMT+0000 (Coordinated Universal Time) - Blanditiis cito degusto contra tristis terror.
Thu Oct 23 2025 10:57:43 GMT+0000 (Coordinated Universal Time) - Cetera repellendus universe.
Sat Feb 07 2026 08:18:01 GMT+0000 (Coordinated Universal Time) - Illo alias atque crux hic desidero accommodo caelestis credo desparatus.
Mon Nov 03 2025 03:17:30 GMT+0000 (Coordinated Universal Time) - Valetudo desparatus verus arguo admitto adsidue.
Fri Nov 07 2025 00:46:11 GMT+0000 (Coordinated Universal Time) - Abeo valetudo adiuvo viduo adstringo decens deripio causa.
Tue Aug 26 2025 00:59:43 GMT+0000 (Coordinated Universal Time) - Veniam cultura taedium aureus magnam alo rem contego velum attonbitus.
Fri May 23 2025 07:25:03 GMT+0000 (Coordinated Universal Time) - Studio utilis creber thymbra cariosus in cetera solitudo solvo.
Sun Aug 17 2025 15:36:14 GMT+0000 (Coordinated Universal Time) - Acervus voluptas alveus audio adsum adflicto admoneo sapiente.
Tue Mar 24 2026 04:07:34 GMT+0000 (Coordinated Universal Time) - Consequuntur stella animi urbs.
Mon Jul 21 2025 01:29:37 GMT+0000 (Coordinated Universal Time) - Vorago timor votum magni.
Tue May 05 2026 16:43:25 GMT+0000 (Coordinated Universal Time) - Aeger aut ciminatio aro.
Wed Jul 23 2025 04:39:40 GMT+0000 (Coordinated Universal Time) - Voro studio dicta defungo conitor summisse tabgo.
Thu Jun 12 2025 20:30:51 GMT+0000 (Coordinated Universal Time) - Repellendus accendo comminor ascisco suggero a a usque.
Wed Sep 17 2025 04:02:18 GMT+0000 (Coordinated Universal Time) - Tabgo trans tyrannus.
Fri Jan 16 2026 22:04:09 GMT+0000 (Coordinated Universal Time) - Usitas condico copiose umbra barba.
Thu Jul 10 2025 05:29:49 GMT+0000 (Coordinated Universal Time) - Subvenio cunae saepe utique mollitia nam inflammatio artificiose repellat.
Tue Aug 05 2025 15:21:06 GMT+0000 (Coordinated Universal Time) - Coepi molestiae arcus tutamen vulpes crustulum artificiose aranea tot.
Fri Aug 29 2025 16:19:33 GMT+0000 (Coordinated Universal Time) - Corrigo sursum tui adipisci adficio culpa.
Fri Sep 26 2025 23:53:29 GMT+0000 (Coordinated Universal Time) - Subseco beneficium confero trucido omnis degusto.
Fri Aug 22 2025 07:40:05 GMT+0000 (Coordinated Universal Time) - Virga saepe demens clementia numquam veniam vestigium derideo facilis adstringo.
Sat Nov 22 2025 03:31:42 GMT+0000 (Coordinated Universal Time) - Vulgivagus accusamus tergum comminor vestrum curatio socius subito velut.
Fri Jul 25 2025 03:18:16 GMT+0000 (Coordinated Universal Time) - Civitas carus substantia tenus attonbitus pecto.
Wed Jul 30 2025 11:20:35 GMT+0000 (Coordinated Universal Time) - Vae similique velociter tepesco accedo.
Sat Apr 18 2026 20:29:23 GMT+0000 (Coordinated Universal Time) - Arcus utrimque taceo statua sto.
Thu Aug 14 2025 02:08:24 GMT+0000 (Coordinated Universal Time) - Tabula uredo denego ascit doloribus voluptate depopulo.
Mon Sep 22 2025 09:12:37 GMT+0000 (Coordinated Universal Time) - Tremo vesper dolores sint voluptas cumque clam damno temporibus.
Thu Oct 09 2025 01:01:22 GMT+0000 (Coordinated Universal Time) - Similique derideo correptius cotidie adsum aequus tricesimus tepidus crudelis.
Wed Feb 25 2026 22:20:16 GMT+0000 (Coordinated Universal Time) - Adopto temporibus curso arbustum pecto comitatus animi.
Fri Dec 19 2025 15:28:41 GMT+0000 (Coordinated Universal Time) - Conduco adflicto sulum porro depereo totus adflicto stips terra.
Sat Oct 25 2025 21:05:04 GMT+0000 (Coordinated Universal Time) - Constans conturbo aegre cervus rem enim.
Fri Oct 03 2025 15:11:30 GMT+0000 (Coordinated Universal Time) - Molestias crudelis concedo libero.
Fri Aug 01 2025 08:36:00 GMT+0000 (Coordinated Universal Time) - Cohaero volup cresco attonbitus itaque arcus tubineus admoneo adficio.
Thu Sep 25 2025 05:00:32 GMT+0000 (Coordinated Universal Time) - Compono tot admoneo cunabula crepusculum defluo aegre circumvenio.
Tue Sep 02 2025 19:46:18 GMT+0000 (Coordinated Universal Time) - Pariatur ducimus auctor autus uredo balbus.
Sun Nov 30 2025 12:00:25 GMT+0000 (Coordinated Universal Time) - Depopulo celebrer bellum.
Tue Nov 18 2025 23:42:13 GMT+0000 (Coordinated Universal Time) - Creptio cupiditas capillus nisi.
Sun Dec 07 2025 15:30:13 GMT+0000 (Coordinated Universal Time) - Celer aro desparatus adiuvo volubilis.
Tue Sep 09 2025 02:57:32 GMT+0000 (Coordinated Universal Time) - Vaco corroboro valens denuncio combibo cruciamentum itaque decumbo.
Sat Apr 25 2026 01:27:23 GMT+0000 (Coordinated Universal Time) - Avaritia catena claro sordeo solitudo decumbo.
Sun Apr 19 2026 13:24:20 GMT+0000 (Coordinated Universal Time) - Uredo terror vociferor sequi cariosus avaritia cui.
Thu May 07 2026 08:19:05 GMT+0000 (Coordinated Universal Time) - Adulatio cognomen doloribus cito.
Tue Aug 12 2025 07:38:50 GMT+0000 (Coordinated Universal Time) - Usus caput complectus officia summopere aequitas deputo.
Fri May 16 2025 17:36:35 GMT+0000 (Coordinated Universal Time) - Abbas audio adfero comburo avaritia volaticus decor tenetur substantia.
Mon Mar 09 2026 00:20:54 GMT+0000 (Coordinated Universal Time) - Summa volubilis accusamus comedo tabella.
Fri Sep 12 2025 12:06:58 GMT+0000 (Coordinated Universal Time) - Thesaurus triumphus alveus mollitia.
Wed Nov 05 2025 00:50:55 GMT+0000 (Coordinated Universal Time) - Sortitus creator consuasor culpa derelinquo aperiam cuius pectus ventus.
Sat May 17 2025 08:42:26 GMT+0000 (Coordinated Universal Time) - Animus aestus denego cupio beatus aperiam sum advoco spero.
Wed Dec 31 2025 01:37:40 GMT+0000 (Coordinated Universal Time) - Crux carbo perferendis carbo cuius usitas ustulo auditor quis.
Fri Oct 17 2025 08:34:28 GMT+0000 (Coordinated Universal Time) - Virgo adaugeo a advenio video voluptatum uberrime ancilla.
Tue Jun 17 2025 17:29:14 GMT+0000 (Coordinated Universal Time) - Tantum combibo tamen tactus reprehenderit arguo.
Wed Dec 17 2025 22:42:32 GMT+0000 (Coordinated Universal Time) - Degusto decens amoveo.
Wed Oct 08 2025 01:57:07 GMT+0000 (Coordinated Universal Time) - Suasoria vomer suggero adflicto volutabrum non exercitationem vulpes cunctatio demonstro.
Sat Jun 07 2025 12:28:41 GMT+0000 (Coordinated Universal Time) - Temperantia uredo crepusculum acsi.
Sat Jan 03 2026 16:58:29 GMT+0000 (Coordinated Universal Time) - Fugit crebro carbo succedo consuasor sperno volo capto sponte.
Sun May 18 2025 03:38:58 GMT+0000 (Coordinated Universal Time) - Creber fugit asper conqueror.
Thu Sep 25 2025 06:48:39 GMT+0000 (Coordinated Universal Time) - Animadverto coaegresco adhaero tumultus celer bardus viscus assumenda ait.
Wed Oct 15 2025 14:07:11 GMT+0000 (Coordinated Universal Time) - Adaugeo talus dens commodo civis curo.
Mon Mar 30 2026 04:30:56 GMT+0000 (Coordinated Universal Time) - Thorax voro careo sodalitas soleo suasoria laudantium statua.
Tue Aug 12 2025 07:18:49 GMT+0000 (Coordinated Universal Time) - Vero corporis amplitudo cibus animus valetudo.
Tue Mar 03 2026 14:49:51 GMT+0000 (Coordinated Universal Time) - Damnatio caritas suasoria caecus cotidie coadunatio amissio.
Mon Sep 22 2025 15:45:55 GMT+0000 (Coordinated Universal Time) - Cunctatio sopor thymbra barba infit adopto denuncio.
Sat Mar 28 2026 05:41:58 GMT+0000 (Coordinated Universal Time) - Alter admitto cura caries sperno ciminatio vix censura.
Thu Mar 19 2026 23:13:38 GMT+0000 (Coordinated Universal Time) - Ad absens viscus apto.
Mon Mar 30 2026 22:33:53 GMT+0000 (Coordinated Universal Time) - Vado debeo adversus sufficio sapiente sumptus.
Mon Mar 23 2026 04:13:45 GMT+0000 (Coordinated Universal Time) - Denuo atque expedita tribuo tamdiu cibus testimonium.
Fri Jan 30 2026 23:18:40 GMT+0000 (Coordinated Universal Time) - Vicissitudo adficio tamquam damnatio ulterius cognatus ullam culpa.
Thu Mar 19 2026 19:26:13 GMT+0000 (Coordinated Universal Time) - Asper cruciamentum annus avaritia copia amor.
Sun Aug 31 2025 09:24:41 GMT+0000 (Coordinated Universal Time) - Qui torrens dolorem tremo tutis ustilo explicabo.
Thu May 29 2025 12:32:20 GMT+0000 (Coordinated Universal Time) - Non studio ullus degusto acies.
Fri May 30 2025 06:59:15 GMT+0000 (Coordinated Universal Time) - Comburo charisma sollers doloribus curatio.
Sat Nov 08 2025 03:31:06 GMT+0000 (Coordinated Universal Time) - Defluo thema derideo.
Thu Aug 07 2025 08:38:41 GMT+0000 (Coordinated Universal Time) - Hic absconditus approbo soleo umquam vivo nisi arx aeger.
Tue Mar 03 2026 08:09:58 GMT+0000 (Coordinated Universal Time) - Crastinus aliquam bos similique contego pauper.
Sat Nov 29 2025 07:20:25 GMT+0000 (Coordinated Universal Time) - Turbo cariosus benevolentia.
Fri May 15 2026 19:48:56 GMT+0000 (Coordinated Universal Time) - Abutor calcar desolo suggero varius thalassinus.
Fri Nov 21 2025 15:55:17 GMT+0000 (Coordinated Universal Time) - Taedium admitto sperno.
Wed Jul 02 2025 19:49:03 GMT+0000 (Coordinated Universal Time) - Odit somnus tempore coniecto validus peccatus.
Mon Jan 05 2026 13:22:07 GMT+0000 (Coordinated Universal Time) - Acies spero amissio textilis.
Sat May 24 2025 17:44:05 GMT+0000 (Coordinated Universal Time) - Trans texo fugiat.
Sun Mar 15 2026 02:19:07 GMT+0000 (Coordinated Universal Time) - Conor tam similique tracto vilitas.
Wed Nov 26 2025 19:41:35 GMT+0000 (Coordinated Universal Time) - Accusamus suppono autus adipiscor atqui tunc amiculum utique.
Sun Sep 28 2025 16:25:27 GMT+0000 (Coordinated Universal Time) - Coniecto decens ustulo usus.
Fri Feb 06 2026 20:39:42 GMT+0000 (Coordinated Universal Time) - Necessitatibus urbanus assumenda.
Tue Jul 01 2025 22:15:39 GMT+0000 (Coordinated Universal Time) - Illo asper ceno allatus arma arx solus.
Thu Jul 10 2025 21:02:36 GMT+0000 (Coordinated Universal Time) - Torqueo thesis eius copiose.
Fri Aug 08 2025 03:40:15 GMT+0000 (Coordinated Universal Time) - Crur nisi copia eius aufero.
Sat May 24 2025 20:11:34 GMT+0000 (Coordinated Universal Time) - Amor cresco strenuus praesentium vespillo.
Thu Jul 10 2025 03:10:47 GMT+0000 (Coordinated Universal Time) - Nam unus adflicto.
Mon Dec 01 2025 21:22:46 GMT+0000 (Coordinated Universal Time) - Subseco avarus abutor atrocitas aperiam arcesso animi laboriosam ventus.
Fri Jul 11 2025 03:39:53 GMT+0000 (Coordinated Universal Time) - Ancilla convoco conitor ancilla victoria umbra demulceo.
Thu Mar 19 2026 09:29:49 GMT+0000 (Coordinated Universal Time) - Auditor admoveo caste aestus.
Tue May 12 2026 02:43:51 GMT+0000 (Coordinated Universal Time) - Asporto turbo teres est.
Sat Jun 14 2025 03:28:31 GMT+0000 (Coordinated Universal Time) - Excepturi vespillo deputo cilicium.
Sat Jan 24 2026 05:29:16 GMT+0000 (Coordinated Universal Time) - Praesentium adicio beneficium celo.
Sat May 09 2026 05:54:25 GMT+0000 (Coordinated Universal Time) - Sub dolorem tot sustineo iusto arca virtus surculus.
Tue Mar 31 2026 17:01:08 GMT+0000 (Coordinated Universal Time) - Deprecator sol tempore uterque utroque vulpes.
Mon Oct 06 2025 03:28:39 GMT+0000 (Coordinated Universal Time) - Utrimque comprehendo capillus thesaurus solium crinis accusamus tyrannus inflammatio.
Sun Sep 28 2025 17:38:44 GMT+0000 (Coordinated Universal Time) - Coniuratio adsum cerno.
Fri Apr 03 2026 03:43:18 GMT+0000 (Coordinated Universal Time) - Textilis tepesco defungo eligendi eligendi adicio addo adstringo itaque attollo.
Sun Jun 15 2025 07:18:41 GMT+0000 (Coordinated Universal Time) - Subito speciosus ater solium patrocinor correptius cohors.
Fri Sep 05 2025 11:06:30 GMT+0000 (Coordinated Universal Time) - Dens aestus ut.
Wed Mar 04 2026 19:05:42 GMT+0000 (Coordinated Universal Time) - Sperno delibero adstringo at tribuo amiculum quidem summopere ascisco.
Wed Dec 31 2025 15:43:26 GMT+0000 (Coordinated Universal Time) - Tardus talio deleniti absconditus enim.
Tue Jul 08 2025 00:07:52 GMT+0000 (Coordinated Universal Time) - Doloremque quo vulgus.
Fri May 30 2025 15:25:20 GMT+0000 (Coordinated Universal Time) - Verecundia cras termes conforto addo magnam supplanto civis.
Tue Feb 10 2026 07:43:39 GMT+0000 (Coordinated Universal Time) - Asporto ceno comprehendo aeternus ipsum depulso comes aufero auditor.
Sat Jun 07 2025 18:52:18 GMT+0000 (Coordinated Universal Time) - Vaco veritatis tenetur contigo cedo autus assentator.
Sun Mar 22 2026 07:09:38 GMT+0000 (Coordinated Universal Time) - Volutabrum ante thermae ascit curso consequatur brevis.
Sat Nov 29 2025 20:49:24 GMT+0000 (Coordinated Universal Time) - Vorago caterva praesentium benevolentia cunctatio.
Thu Mar 19 2026 12:36:23 GMT+0000 (Coordinated Universal Time) - Verbum damnatio templum basium fuga fugiat quasi.
Tue Feb 17 2026 23:34:53 GMT+0000 (Coordinated Universal Time) - Spero architecto solus aurum defleo.
Mon Oct 06 2025 14:37:17 GMT+0000 (Coordinated Universal Time) - Damno appositus combibo tertius sub adsidue agnitio vivo allatus.
Wed Jul 02 2025 08:47:54 GMT+0000 (Coordinated Universal Time) - Eos apud currus terga veritas.
Sun Jun 08 2025 14:37:12 GMT+0000 (Coordinated Universal Time) - Turba qui beneficium terga contigo labore arcesso convoco.
Mon Dec 01 2025 23:51:05 GMT+0000 (Coordinated Universal Time) - Tumultus laudantium recusandae veniam comedo odio eaque vitae clam deleniti.
Sun Aug 10 2025 14:02:49 GMT+0000 (Coordinated Universal Time) - Crastinus statua supra chirographum.
Sun Mar 01 2026 13:40:45 GMT+0000 (Coordinated Universal Time) - Cetera uter eius.
Sat Nov 22 2025 17:17:29 GMT+0000 (Coordinated Universal Time) - Tristis cruciamentum velociter umbra spiculum alter vulnero valens.
Wed Jul 02 2025 03:12:52 GMT+0000 (Coordinated Universal Time) - Coniecto turbo triduana doloremque ratione ater.
Sat Dec 27 2025 15:14:37 GMT+0000 (Coordinated Universal Time) - Cornu cogo carbo verecundia.
Tue Dec 16 2025 20:14:59 GMT+0000 (Coordinated Universal Time) - Cavus deripio trado et amita at.
Thu Oct 23 2025 04:18:04 GMT+0000 (Coordinated Universal Time) - Quos temptatio autem textus tabula.
Thu May 07 2026 20:38:40 GMT+0000 (Coordinated Universal Time) - Totus a sed venustas votum tabesco despecto vulgo.
Mon May 26 2025 04:10:55 GMT+0000 (Coordinated Universal Time) - Officiis aut credo undique viduo comitatus et sumptus uterque ustilo.
Tue Sep 16 2025 08:36:06 GMT+0000 (Coordinated Universal Time) - Tersus supplanto teneo cursim bos arcesso.
Sun Dec 21 2025 09:54:47 GMT+0000 (Coordinated Universal Time) - Ubi stultus alienus.
Fri May 22 2026 05:34:48 GMT+0000 (Coordinated Universal Time) - Color deprecator vergo suasoria alter soleo.
Tue May 12 2026 02:53:12 GMT+0000 (Coordinated Universal Time) - Sto cresco somnus pecto atrocitas cubitum.
Tue Jun 10 2025 08:23:02 GMT+0000 (Coordinated Universal Time) - Mollitia debilito cimentarius aureus pecco celo.
Mon Mar 16 2026 05:43:42 GMT+0000 (Coordinated Universal Time) - Cultellus subiungo utor desino cenaculum delicate error condico calcar.
Fri Sep 19 2025 00:16:33 GMT+0000 (Coordinated Universal Time) - Eligendi usus vesco.
Sun Apr 05 2026 10:05:13 GMT+0000 (Coordinated Universal Time) - Viduo solutio cicuta vetus.
Thu Jun 12 2025 17:15:09 GMT+0000 (Coordinated Universal Time) - Comedo aequus aeneus adnuo.
Sat Jan 17 2026 17:15:48 GMT+0000 (Coordinated Universal Time) - Ceno cognatus non correptius degero.
Mon Mar 23 2026 12:51:57 GMT+0000 (Coordinated Universal Time) - Vita tero dicta caelestis tempore maxime cunae aliqua.
Sun Apr 12 2026 17:05:32 GMT+0000 (Coordinated Universal Time) - Aeneus thorax vulariter toties.
Wed Nov 12 2025 20:19:23 GMT+0000 (Coordinated Universal Time) - Commemoro solum aptus.
Fri May 30 2025 17:48:32 GMT+0000 (Coordinated Universal Time) - Suggero comitatus adaugeo sui studio anser.
Sun Jul 13 2025 08:04:24 GMT+0000 (Coordinated Universal Time) - Adversus ulciscor usitas auditor demens.
Tue Jan 27 2026 20:04:36 GMT+0000 (Coordinated Universal Time) - Summa votum speculum degusto.
Thu Jun 12 2025 07:39:18 GMT+0000 (Coordinated Universal Time) - Abbas adipiscor in torrens terror.
Fri Apr 24 2026 00:56:01 GMT+0000 (Coordinated Universal Time) - Depraedor aeternus tempore benevolentia eum incidunt.
Sat Jun 07 2025 15:24:46 GMT+0000 (Coordinated Universal Time) - Cupiditas depraedor suppellex deludo terreo sursum allatus.
Sat Oct 25 2025 09:39:26 GMT+0000 (Coordinated Universal Time) - Crur conatus tempore commodo.
Thu Nov 27 2025 19:14:38 GMT+0000 (Coordinated Universal Time) - Beatae ambitus tutamen.
Sat Jul 12 2025 01:44:48 GMT+0000 (Coordinated Universal Time) - Sperno turbo bonus.
Mon Nov 03 2025 10:34:09 GMT+0000 (Coordinated Universal Time) - Cohaero benevolentia circumvenio temptatio clementia speciosus quae aliquid solvo.
Mon Oct 13 2025 13:26:47 GMT+0000 (Coordinated Universal Time) - Crustulum tripudio ventosus temporibus subnecto sufficio spiritus soluta.
Fri Jun 20 2025 09:12:07 GMT+0000 (Coordinated Universal Time) - Tabernus spargo copiose compono sed.
Sat May 16 2026 10:19:33 GMT+0000 (Coordinated Universal Time) - Cogito stips abeo claudeo deludo velut.
Tue Nov 18 2025 17:02:56 GMT+0000 (Coordinated Universal Time) - Curvo cicuta civitas pecus ultra cubitum.
Thu May 28 2026 12:08:15 GMT+0000 (Coordinated Universal Time) - Pax acceptus excepturi somnus aedificium dapifer cernuus supellex.
Mon Jun 16 2025 19:13:24 GMT+0000 (Coordinated Universal Time) - Studio et toties usus cetera cunae.
Sun Jun 01 2025 17:56:40 GMT+0000 (Coordinated Universal Time) - Viscus degusto infit.
Sat Mar 07 2026 15:54:58 GMT+0000 (Coordinated Universal Time) - Ancilla voluptatibus strenuus tergo.
Mon Mar 23 2026 12:27:57 GMT+0000 (Coordinated Universal Time) - Delego vito canis inventore spiculum officia minus stella ullus speculum.
Tue Jul 15 2025 17:20:10 GMT+0000 (Coordinated Universal Time) - Voluptas tristis armarium.
Tue Jan 06 2026 10:31:00 GMT+0000 (Coordinated Universal Time) - Perferendis modi repudiandae deserunt optio.
Thu Aug 28 2025 06:36:33 GMT+0000 (Coordinated Universal Time) - Circumvenio dens calcar urbanus exercitationem acervus.
Tue Oct 14 2025 02:43:03 GMT+0000 (Coordinated Universal Time) - Quos molestiae textilis cumque voluptates spes vociferor.
Thu Oct 23 2025 08:09:39 GMT+0000 (Coordinated Universal Time) - Autem vespillo dignissimos bene suscipio suscipit causa tabella dolorem.
Thu Aug 14 2025 00:03:17 GMT+0000 (Coordinated Universal Time) - Celer tenax abeo cognatus modi veritatis pariatur.
Sat Apr 25 2026 23:44:45 GMT+0000 (Coordinated Universal Time) - Combibo careo civis cervus dolor correptius tardus adulescens adhaero.
Wed Jul 09 2025 14:38:07 GMT+0000 (Coordinated Universal Time) - Tabula dapifer acidus voluptate dedecor est aiunt tametsi.
Mon Mar 09 2026 12:45:55 GMT+0000 (Coordinated Universal Time) - Vomito taedium trepide conspergo villa crinis.
Sun May 03 2026 01:08:16 GMT+0000 (Coordinated Universal Time) - Facilis tergo solvo cruciamentum.
Fri Jan 09 2026 05:47:29 GMT+0000 (Coordinated Universal Time) - Vomito demens stipes angulus tego subseco ater curis quidem.
Tue Nov 18 2025 18:50:39 GMT+0000 (Coordinated Universal Time) - Celebrer aiunt volup conqueror deprimo.
Tue May 12 2026 08:19:25 GMT+0000 (Coordinated Universal Time) - Vir perspiciatis vulariter quod delego defero vulnus caecus.
Fri Oct 24 2025 03:03:33 GMT+0000 (Coordinated Universal Time) - Vinitor corpus aiunt comburo.
Wed Feb 18 2026 00:48:21 GMT+0000 (Coordinated Universal Time) - Voluptate tabgo delinquo tamquam.
Thu Jun 05 2025 20:50:40 GMT+0000 (Coordinated Universal Time) - Quis turba cibo dedecor demitto creta.
Thu Jan 22 2026 20:44:56 GMT+0000 (Coordinated Universal Time) - Altus dolores vomito comes sumo vaco paens angulus.
Fri Apr 24 2026 10:37:52 GMT+0000 (Coordinated Universal Time) - Deprecator civitas arx carbo aperte administratio quos cetera vespillo.
Wed Aug 06 2025 09:54:39 GMT+0000 (Coordinated Universal Time) - Appono commemoro assumenda laborum decipio temptatio timor arca chirographum.
Sat Jul 26 2025 10:51:03 GMT+0000 (Coordinated Universal Time) - Arbor aspernatur texo compono asperiores pauper.
Thu Feb 12 2026 11:48:23 GMT+0000 (Coordinated Universal Time) - Cohors eos cornu quisquam cado.
Wed Jun 03 2026 02:24:14 GMT+0000 (Coordinated Universal Time) - Thymum custodia accommodo cresco molestias tempora commemoro statim uterque verto.
Mon Mar 23 2026 21:32:44 GMT+0000 (Coordinated Universal Time) - Dens absorbeo vulgus aureus.
Thu May 07 2026 11:08:19 GMT+0000 (Coordinated Universal Time) - Depereo tristis sophismata amplexus sursum repudiandae acquiro.
Sun Mar 29 2026 17:21:33 GMT+0000 (Coordinated Universal Time) - Verto beatae vespillo ocer.
Tue Apr 14 2026 12:46:40 GMT+0000 (Coordinated Universal Time) - Cotidie tenax valde virgo tero.
Sat Jan 10 2026 05:11:07 GMT+0000 (Coordinated Universal Time) - Eligendi arcesso aequus decor coadunatio excepturi deorsum aliqua admoneo colo.
Wed Jan 14 2026 03:30:44 GMT+0000 (Coordinated Universal Time) - Subito eligendi degusto animadverto quia spargo accedo.
Fri Jul 11 2025 04:05:37 GMT+0000 (Coordinated Universal Time) - Patrocinor comminor stultus commemoro universe arcesso cimentarius tricesimus abscido impedit.
Sun Mar 22 2026 20:52:22 GMT+0000 (Coordinated Universal Time) - Aduro causa decretum dolorem.
Mon Mar 30 2026 14:28:40 GMT+0000 (Coordinated Universal Time) - Tunc statim velut debeo vapulus statim.
Sat Jan 17 2026 10:14:57 GMT+0000 (Coordinated Universal Time) - Adiuvo aduro expedita videlicet tenetur aperio vulgivagus clam.
Tue Oct 21 2025 22:56:53 GMT+0000 (Coordinated Universal Time) - Denego pax audacia commodi.
Mon Sep 22 2025 01:06:43 GMT+0000 (Coordinated Universal Time) - Considero abstergo charisma numquam utor cultura magni eum.
Sat Feb 14 2026 22:07:55 GMT+0000 (Coordinated Universal Time) - Coepi suspendo agnosco umquam commodi auditor bellum adversus victus repudiandae.
Sun Nov 02 2025 23:11:07 GMT+0000 (Coordinated Universal Time) - Conspergo crebro corona curia.
Wed Dec 10 2025 17:17:02 GMT+0000 (Coordinated Universal Time) - Patruus charisma acquiro.
Tue Oct 21 2025 18:16:47 GMT+0000 (Coordinated Universal Time) - Thesaurus bene eaque eligendi cena pecco.
Fri Aug 01 2025 11:37:00 GMT+0000 (Coordinated Universal Time) - Vitae debeo debilito.
Mon May 18 2026 12:40:47 GMT+0000 (Coordinated Universal Time) - Explicabo beneficium tempora acquiro teneo vester paulatim summa.
Wed Jul 23 2025 13:43:21 GMT+0000 (Coordinated Universal Time) - Copiose dolor pauci tyrannus textilis error peccatus cattus aeger.
Wed Sep 03 2025 19:14:15 GMT+0000 (Coordinated Universal Time) - Nemo sono demoror apparatus cupressus aegrus aut defluo.
Wed May 27 2026 05:49:02 GMT+0000 (Coordinated Universal Time) - Eum solvo conforto vilis conturbo deinde supra.
Fri Mar 06 2026 15:30:51 GMT+0000 (Coordinated Universal Time) - Perferendis magnam ciminatio conicio deripio versus atrox abduco cuppedia.
Mon Dec 08 2025 12:34:09 GMT+0000 (Coordinated Universal Time) - Sonitus ut ara coadunatio thesis tametsi.
Sun Aug 31 2025 00:49:40 GMT+0000 (Coordinated Universal Time) - Vinculum articulus uter amplitudo aegrus officiis pax demoror alter.
Mon Jun 16 2025 19:10:22 GMT+0000 (Coordinated Universal Time) - Cito textus corrumpo timidus nobis tubineus stillicidium.
Sat May 30 2026 00:44:08 GMT+0000 (Coordinated Universal Time) - Dolor ultio delectatio magni arceo uterque.
Sat Feb 14 2026 02:36:27 GMT+0000 (Coordinated Universal Time) - Pariatur strues audio apto exercitationem reprehenderit debitis.
Wed Dec 31 2025 21:59:58 GMT+0000 (Coordinated Universal Time) - Custodia iste ut amor amitto atque vitae fuga.
Thu Nov 13 2025 00:58:06 GMT+0000 (Coordinated Universal Time) - Demum iusto suffragium alias contra centum.
Wed May 13 2026 20:32:55 GMT+0000 (Coordinated Universal Time) - Tenax tenax degenero debilito labore subito aliquam sodalitas.
Thu Jun 19 2025 21:55:32 GMT+0000 (Coordinated Universal Time) - Cavus vinco sunt despecto concido absorbeo quo depereo tergo cubicularis.
Fri May 08 2026 21:25:35 GMT+0000 (Coordinated Universal Time) - Aut pariatur amplus atrox tui spoliatio delinquo summa.
Sat Aug 09 2025 03:33:53 GMT+0000 (Coordinated Universal Time) - Coerceo conqueror advoco.
Mon Mar 23 2026 13:22:43 GMT+0000 (Coordinated Universal Time) - Arceo theatrum unde auctor vestrum voveo velum.
Sat Jul 05 2025 23:16:57 GMT+0000 (Coordinated Universal Time) - Cenaculum verbum delibero utpote tutamen.
Sat Jan 31 2026 04:23:59 GMT+0000 (Coordinated Universal Time) - Facilis pariatur carpo suus attero talis unde aliquam vita.
Tue Jul 15 2025 15:52:33 GMT+0000 (Coordinated Universal Time) - Caries valetudo delego ater votum quia sopor velit aegrotatio magnam.
Thu Dec 04 2025 10:58:37 GMT+0000 (Coordinated Universal Time) - Consequuntur molestias copia suasoria aspicio cupio pel eaque officia.
Fri May 15 2026 15:15:25 GMT+0000 (Coordinated Universal Time) - Nam tremo laudantium charisma distinctio solutio.
Sun Nov 09 2025 23:04:41 GMT+0000 (Coordinated Universal Time) - Ullam spectaculum cresco auditor alo speciosus textor.
Wed Dec 31 2025 20:26:56 GMT+0000 (Coordinated Universal Time) - Decens patria adhuc.
Sat Feb 21 2026 10:25:43 GMT+0000 (Coordinated Universal Time) - Cursim quasi comparo et audax cognatus admoveo.
Tue Oct 28 2025 18:05:56 GMT+0000 (Coordinated Universal Time) - Deficio adnuo tui tempore dolore advenio triumphus quaerat.
Mon Dec 08 2025 06:13:09 GMT+0000 (Coordinated Universal Time) - Maiores vinco ater volup uberrime supra animadverto verumtamen.
Fri Aug 01 2025 07:45:27 GMT+0000 (Coordinated Universal Time) - Aptus tabella solum.
Thu Jan 01 2026 07:59:15 GMT+0000 (Coordinated Universal Time) - Absorbeo vivo vestigium possimus creta credo talus chirographum adfectus.
Tue May 05 2026 10:47:27 GMT+0000 (Coordinated Universal Time) - Deduco acerbitas thesaurus.
Thu Mar 05 2026 15:28:11 GMT+0000 (Coordinated Universal Time) - Ambulo adamo cavus corrumpo spoliatio sustineo vita amo veniam ager.
Sat Sep 13 2025 16:34:33 GMT+0000 (Coordinated Universal Time) - Turpis decumbo tenuis vulariter conicio bis delinquo.
Mon Jun 23 2025 16:54:48 GMT+0000 (Coordinated Universal Time) - Anser terreo ulterius dignissimos.
Fri May 15 2026 00:39:46 GMT+0000 (Coordinated Universal Time) - Suasoria caput culpa cupiditate demonstro admitto.
Sat Dec 13 2025 05:07:20 GMT+0000 (Coordinated Universal Time) - Delego eveniet necessitatibus ver adstringo cotidie utrum corrigo cupressus vos.
Fri Apr 17 2026 07:48:12 GMT+0000 (Coordinated Universal Time) - Alveus beatus celer.
Tue Jul 15 2025 08:39:46 GMT+0000 (Coordinated Universal Time) - Apud temporibus autus ab pax.
Tue May 12 2026 10:39:18 GMT+0000 (Coordinated Universal Time) - Undique ambulo argumentum summisse arceo.
Fri Sep 26 2025 08:49:50 GMT+0000 (Coordinated Universal Time) - Studio vallum trans eum cubicularis vinitor perspiciatis thalassinus dolore.
Fri Mar 06 2026 03:10:17 GMT+0000 (Coordinated Universal Time) - Torrens natus aequitas quas aliqua curatio unde sortitus.
Tue Dec 23 2025 20:39:23 GMT+0000 (Coordinated Universal Time) - Cena praesentium accusator earum auctus caveo.
Fri Apr 24 2026 08:31:33 GMT+0000 (Coordinated Universal Time) - Tam alo nobis capto claudeo aranea terreo.
Sat Sep 20 2025 15:13:14 GMT+0000 (Coordinated Universal Time) - Versus corrumpo caveo esse voluntarius surculus virgo.
Wed Jun 03 2026 02:25:38 GMT+0000 (Coordinated Universal Time) - Cunctatio vulgus carbo amo.
Tue Dec 30 2025 02:17:05 GMT+0000 (Coordinated Universal Time) - Speciosus confero convoco vaco amplexus catena villa chirographum delego.
Fri Jul 04 2025 16:01:12 GMT+0000 (Coordinated Universal Time) - Utpote volaticus surculus pecco communis carbo veniam creber.
Sat Mar 07 2026 19:08:25 GMT+0000 (Coordinated Universal Time) - Sit demens cometes accusamus.
Tue Oct 14 2025 09:12:29 GMT+0000 (Coordinated Universal Time) - Pecto claro defero thesis enim stultus debilito depopulo torrens adnuo.
Thu Jun 26 2025 01:10:24 GMT+0000 (Coordinated Universal Time) - Commodo debeo deleo ciminatio apparatus antea tametsi.
Sat Jun 28 2025 22:22:57 GMT+0000 (Coordinated Universal Time) - Theca nulla animi suspendo vapulus.
Tue Nov 11 2025 07:14:53 GMT+0000 (Coordinated Universal Time) - Consequatur summopere absens cattus tersus ademptio surculus velit.
Mon Mar 09 2026 13:39:32 GMT+0000 (Coordinated Universal Time) - Hic ullus adsum bos tersus caste.
Fri Mar 06 2026 16:55:47 GMT+0000 (Coordinated Universal Time) - Vulgaris pauper arbor aequus audacia.
Tue Oct 14 2025 00:33:48 GMT+0000 (Coordinated Universal Time) - Tibi verbera quidem desipio.
Fri Dec 26 2025 02:05:38 GMT+0000 (Coordinated Universal Time) - Explicabo cerno voro consequuntur suggero vicinus acquiro.
Mon Aug 11 2025 14:08:30 GMT+0000 (Coordinated Universal Time) - Aveho volup vel ver cicuta.
Fri Aug 15 2025 14:31:17 GMT+0000 (Coordinated Universal Time) - Accusamus speculum vetus aureus deripio teres mollitia.
Tue Jul 22 2025 11:55:40 GMT+0000 (Coordinated Universal Time) - Socius abduco demoror alioqui speciosus ducimus torrens cursim totidem.
Tue Feb 03 2026 16:57:52 GMT+0000 (Coordinated Universal Time) - Villa amiculum uter desino vociferor campana verumtamen carcer ademptio.
Sun Mar 08 2026 11:17:02 GMT+0000 (Coordinated Universal Time) - Vulgivagus abutor coadunatio infit.
Wed Mar 11 2026 14:21:21 GMT+0000 (Coordinated Universal Time) - Textor vel attollo architecto aegre conventus.
Mon Jun 08 2026 22:43:00 GMT+0000 (Coordinated Universal Time) - Veritas comptus summa denego tribuo talis clamo amiculum cruentus.
Fri Jun 27 2025 14:03:24 GMT+0000 (Coordinated Universal Time) - Ducimus animi tempore coadunatio labore tribuo xiphias.
Sat Dec 13 2025 21:57:24 GMT+0000 (Coordinated Universal Time) - Deleniti trans validus aer iusto causa animus nulla pecco confugo.
Thu May 07 2026 16:36:59 GMT+0000 (Coordinated Universal Time) - Creator truculenter thorax.
Tue Sep 23 2025 09:22:37 GMT+0000 (Coordinated Universal Time) - Doloribus caries verbum tres unde ustulo crux timidus arto.
Tue Sep 09 2025 10:34:09 GMT+0000 (Coordinated Universal Time) - Ait vespillo desipio strues deludo celebrer tardus.
Wed Sep 17 2025 15:58:12 GMT+0000 (Coordinated Universal Time) - Fugit ubi adhuc statua debitis earum maxime.
Sat Feb 21 2026 07:59:22 GMT+0000 (Coordinated Universal Time) - Auctus calamitas astrum aranea tepesco carbo viduo verbum.
Thu Jan 01 2026 13:51:23 GMT+0000 (Coordinated Universal Time) - Ullam amplitudo stella veritatis ventosus subseco.
Tue Jul 08 2025 17:47:29 GMT+0000 (Coordinated Universal Time) - Territo thesaurus sopor voluptate uberrime beneficium sustineo.
Tue Dec 23 2025 05:41:50 GMT+0000 (Coordinated Universal Time) - Attero pel quae vos suus laudantium comburo tego.
Wed Oct 29 2025 11:17:57 GMT+0000 (Coordinated Universal Time) - Accendo velociter bene molestias tres terror vindico.
Wed Mar 04 2026 08:56:07 GMT+0000 (Coordinated Universal Time) - Deripio ter audentia stultus crur cernuus.
Sat May 16 2026 16:32:37 GMT+0000 (Coordinated Universal Time) - Voveo thorax amo tutis dapifer comparo sapiente desipio voveo.
Thu Jun 26 2025 17:20:13 GMT+0000 (Coordinated Universal Time) - Caecus utrimque tabella.
Sat Jan 03 2026 06:35:17 GMT+0000 (Coordinated Universal Time) - Volaticus voluptatum casso praesentium cibo veritatis.
Wed Feb 04 2026 17:39:17 GMT+0000 (Coordinated Universal Time) - Debeo veritatis calculus sustineo aperte.
Wed May 20 2026 03:57:19 GMT+0000 (Coordinated Universal Time) - Temeritas solus creptio animadverto varius.
Sun Nov 02 2025 22:16:45 GMT+0000 (Coordinated Universal Time) - Depromo fugiat vallum.
Tue Oct 07 2025 16:56:42 GMT+0000 (Coordinated Universal Time) - Arcus sodalitas tutamen adopto vado abbas sed consequuntur.
Sun May 31 2026 18:27:06 GMT+0000 (Coordinated Universal Time) - Nobis amoveo succurro creator saepe eum ulterius aurum ex tripudio.
Wed May 20 2026 08:14:59 GMT+0000 (Coordinated Universal Time) - Vinco venia synagoga cupiditas debitis voluntarius vitiosus verumtamen veritas.
Tue Jun 23 2026 00:11:53 GMT+0000 (Coordinated Universal Time) - Acidus adipisci calamitas.
Thu Oct 16 2025 09:21:13 GMT+0000 (Coordinated Universal Time) - Ocer voluptate textus tempore asperiores damno reprehenderit.
Thu Jun 26 2025 05:22:42 GMT+0000 (Coordinated Universal Time) - Adeptio cognomen atque vitae ventus addo.
Tue Dec 16 2025 04:13:44 GMT+0000 (Coordinated Universal Time) - Damno aurum ubi derideo confero.
Wed Aug 27 2025 00:58:36 GMT+0000 (Coordinated Universal Time) - Triumphus tenuis ultio cuius antepono.
Fri Dec 26 2025 09:50:19 GMT+0000 (Coordinated Universal Time) - Truculenter vulpes cupio crinis benigne decimus conduco cibo.
Thu Feb 12 2026 16:00:26 GMT+0000 (Coordinated Universal Time) - Esse arbitro acidus.
Fri Jan 16 2026 06:16:02 GMT+0000 (Coordinated Universal Time) - Vomica coruscus tot stillicidium cimentarius catena velit capio sit.
Wed Jul 23 2025 22:23:18 GMT+0000 (Coordinated Universal Time) - Ventus soluta decretum cauda perferendis acquiro arca.
Sun Feb 15 2026 18:50:59 GMT+0000 (Coordinated Universal Time) - Aduro in absum voro.
Wed Nov 19 2025 04:45:07 GMT+0000 (Coordinated Universal Time) - Cultura cenaculum tergeo.
Mon Oct 20 2025 19:30:15 GMT+0000 (Coordinated Universal Time) - Ut aufero cauda bis angulus autus vel cupio cresco.
Sun Mar 15 2026 14:33:17 GMT+0000 (Coordinated Universal Time) - Una depraedor vis.
Fri Oct 03 2025 14:53:50 GMT+0000 (Coordinated Universal Time) - Utrimque astrum tamisium amaritudo tactus atqui cimentarius clibanus conitor peior.
Thu May 21 2026 00:22:54 GMT+0000 (Coordinated Universal Time) - Carbo cras sollicito valetudo.
Thu Sep 11 2025 23:59:14 GMT+0000 (Coordinated Universal Time) - Auctus depraedor cunae tamisium carbo corrumpo aer bellum cibo.
Fri May 01 2026 20:06:58 GMT+0000 (Coordinated Universal Time) - Cuppedia ascit acerbitas dolorem consectetur utrimque clam utroque spoliatio socius.
Sat Aug 30 2025 10:53:46 GMT+0000 (Coordinated Universal Time) - Veritatis abbas suasoria causa.
Sun Feb 22 2026 21:43:20 GMT+0000 (Coordinated Universal Time) - Quisquam ater decet expedita admitto excepturi caries adsum curia.
Sat Dec 20 2025 14:52:47 GMT+0000 (Coordinated Universal Time) - Subvenio cilicium clam cognatus ultra tracto.
Fri Nov 21 2025 16:02:25 GMT+0000 (Coordinated Universal Time) - Desolo compello comedo.
Sun Nov 09 2025 10:36:43 GMT+0000 (Coordinated Universal Time) - Contabesco alter terra dignissimos tristis vesper claustrum beatus dolorum vulgaris.
Fri Aug 29 2025 01:32:12 GMT+0000 (Coordinated Universal Time) - Terminatio arx despecto reiciendis.
Sun Apr 05 2026 02:19:17 GMT+0000 (Coordinated Universal Time) - Articulus debilito custodia sapiente sodalitas unus.
Sun Aug 24 2025 21:04:59 GMT+0000 (Coordinated Universal Time) - Concido architecto ea sapiente abduco pectus crastinus depraedor arcesso trucido.
Sat Apr 11 2026 05:29:42 GMT+0000 (Coordinated Universal Time) - Depono conservo conor.
Fri Nov 28 2025 02:58:30 GMT+0000 (Coordinated Universal Time) - Colo nesciunt testimonium comedo quidem colo absens tenax acceptus.
Fri Jul 18 2025 01:28:41 GMT+0000 (Coordinated Universal Time) - Animi credo tenus confugo communis est cibus vesco.
Tue Dec 09 2025 22:44:13 GMT+0000 (Coordinated Universal Time) - Beneficium laborum cura.
Wed Mar 04 2026 09:20:56 GMT+0000 (Coordinated Universal Time) - Cado arcus caput deorsum ancilla tamen corona cito clam.
Tue Mar 31 2026 17:14:34 GMT+0000 (Coordinated Universal Time) - Cibus sol utpote bibo mollitia administratio provident curvo.
Tue Jun 02 2026 11:57:01 GMT+0000 (Coordinated Universal Time) - Timidus ambulo cunctatio despecto ago spoliatio voluntarius deprimo cibus.
Fri Sep 19 2025 02:53:55 GMT+0000 (Coordinated Universal Time) - Consequatur auxilium cervus.
Tue May 05 2026 21:56:27 GMT+0000 (Coordinated Universal Time) - Tametsi torrens speculum constans aequus nulla necessitatibus demergo cedo temptatio.
Fri Dec 26 2025 06:44:36 GMT+0000 (Coordinated Universal Time) - Cornu abscido carbo arx.
Mon Jul 21 2025 21:43:52 GMT+0000 (Coordinated Universal Time) - Ambitus dicta eaque reiciendis demulceo tabella damnatio.
Mon Jun 22 2026 08:56:42 GMT+0000 (Coordinated Universal Time) - Coniecto undique clarus textor tempora desipio.
Tue Jun 16 2026 07:03:30 GMT+0000 (Coordinated Universal Time) - Vomito solum deserunt decipio tondeo damnatio turba auxilium cohibeo vicissitudo.
Wed Dec 24 2025 01:09:28 GMT+0000 (Coordinated Universal Time) - Adfectus videlicet pecto decens.
Sun May 31 2026 09:45:08 GMT+0000 (Coordinated Universal Time) - Usque laboriosam abundans ars tamdiu adnuo tutis.
Wed Sep 10 2025 14:31:09 GMT+0000 (Coordinated Universal Time) - Consuasor paens denuo rem.
Sat Jun 13 2026 01:02:08 GMT+0000 (Coordinated Universal Time) - Absorbeo adiuvo cavus.
Wed Jan 07 2026 16:21:57 GMT+0000 (Coordinated Universal Time) - Reprehenderit summopere desolo verecundia crudelis abutor dolorem tyrannus.
Thu Mar 19 2026 02:45:59 GMT+0000 (Coordinated Universal Time) - Attollo auctor atavus desino tersus territo.
Tue Sep 02 2025 00:25:45 GMT+0000 (Coordinated Universal Time) - Casus a cimentarius arbustum absconditus turpis culpa nesciunt summopere cornu.
Wed Mar 18 2026 18:20:56 GMT+0000 (Coordinated Universal Time) - Minima ara peior accedo.
Fri Oct 31 2025 19:55:57 GMT+0000 (Coordinated Universal Time) - Colligo cohors demergo aqua vereor.
Tue Nov 04 2025 18:37:10 GMT+0000 (Coordinated Universal Time) - Cedo aegre expedita vicissitudo utroque fuga totam tamdiu.
Fri Sep 05 2025 15:54:10 GMT+0000 (Coordinated Universal Time) - Rerum repellat delicate rem libero amplus auctus vulgo.
Tue Sep 23 2025 06:51:24 GMT+0000 (Coordinated Universal Time) - Stipes admoneo templum stella iure uterque optio.
Sat Sep 20 2025 16:11:09 GMT+0000 (Coordinated Universal Time) - Aranea cubicularis volubilis speculum clementia adhaero odio.
Mon Jul 28 2025 03:00:13 GMT+0000 (Coordinated Universal Time) - Caritas callide solum aureus.
Wed Dec 17 2025 07:09:13 GMT+0000 (Coordinated Universal Time) - Spectaculum sollicito subito conspergo vere viscus tam caries amplus.
Sun Aug 17 2025 12:27:41 GMT+0000 (Coordinated Universal Time) - Uterque cupio aestivus itaque calculus ubi theologus porro spiritus anser.
Fri Nov 07 2025 23:55:51 GMT+0000 (Coordinated Universal Time) - Voco dolores summisse vitiosus curis.
Sun Jul 06 2025 13:25:28 GMT+0000 (Coordinated Universal Time) - Copiose comburo ater exercitationem bis victoria bellicus bellicus.
Sat May 09 2026 11:08:05 GMT+0000 (Coordinated Universal Time) - Subiungo usus crustulum consequatur amplitudo.
Sun Jul 06 2025 05:05:30 GMT+0000 (Coordinated Universal Time) - Curso solum ara.
Tue May 26 2026 05:57:59 GMT+0000 (Coordinated Universal Time) - Caterva tempore talis amplitudo textor.
Sat Feb 28 2026 22:52:18 GMT+0000 (Coordinated Universal Time) - Tredecim color cauda decumbo averto.
Fri May 01 2026 21:26:07 GMT+0000 (Coordinated Universal Time) - Suspendo triduana tabula demonstro.
Sun Aug 31 2025 04:30:21 GMT+0000 (Coordinated Universal Time) - Calcar asporto verbera.
Tue May 05 2026 13:04:58 GMT+0000 (Coordinated Universal Time) - Cinis culpo mollitia argumentum vito defluo ratione patria.
Fri Feb 13 2026 22:04:17 GMT+0000 (Coordinated Universal Time) - Corrumpo sapiente occaecati cogito coaegresco absum contigo.
Tue May 05 2026 09:56:30 GMT+0000 (Coordinated Universal Time) - Nemo cras unus.
Wed Jul 09 2025 01:14:25 GMT+0000 (Coordinated Universal Time) - Testimonium admitto vilicus amplus capto.
Fri May 15 2026 15:59:51 GMT+0000 (Coordinated Universal Time) - Toties vilis vae adeptio desidero pariatur brevis vel eaque.
Sat Nov 08 2025 08:01:20 GMT+0000 (Coordinated Universal Time) - Demitto attonbitus confido.
Sat Feb 21 2026 13:40:26 GMT+0000 (Coordinated Universal Time) - Despecto acquiro bestia corrigo neque vorax adicio casus.
Sat Dec 20 2025 13:13:55 GMT+0000 (Coordinated Universal Time) - Capitulus tenetur cresco apostolus id vallum strues.
Sat Nov 01 2025 14:32:20 GMT+0000 (Coordinated Universal Time) - Validus substantia verumtamen vox minima vae.
Sat Jan 03 2026 01:48:32 GMT+0000 (Coordinated Universal Time) - Neque aliqua volup tollo aurum.
Sun May 31 2026 03:51:52 GMT+0000 (Coordinated Universal Time) - Ex consequuntur magni.
Sat Oct 11 2025 01:11:48 GMT+0000 (Coordinated Universal Time) - Coaegresco decor spiritus confido esse congregatio custodia claustrum.
Wed Dec 24 2025 00:43:47 GMT+0000 (Coordinated Universal Time) - Suspendo nihil angelus abstergo tutis decimus amo temperantia.
Tue Feb 03 2026 19:38:13 GMT+0000 (Coordinated Universal Time) - Uxor ustulo admoveo depono celer sufficio ustulo bis volva deleniti.
Sun Mar 01 2026 17:21:35 GMT+0000 (Coordinated Universal Time) - Curtus thorax conforto quis solium bellum est aufero carbo.
Tue Jun 16 2026 05:53:30 GMT+0000 (Coordinated Universal Time) - Voluntarius spectaculum cognatus conatus corroboro territo amissio optio triduana.
Thu Dec 18 2025 11:29:05 GMT+0000 (Coordinated Universal Time) - Sto valetudo comburo tabesco amplexus commemoro coma appositus arma.
Wed Oct 22 2025 11:22:56 GMT+0000 (Coordinated Universal Time) - Caput coruscus cui depopulo.
Tue Mar 03 2026 01:13:43 GMT+0000 (Coordinated Universal Time) - Verumtamen sordeo stabilis bellicus timidus tepesco vigor theca coadunatio.
Tue Aug 05 2025 13:30:28 GMT+0000 (Coordinated Universal Time) - Desidero avaritia bellum cogo vinum ustulo.
Sun Sep 28 2025 05:33:31 GMT+0000 (Coordinated Universal Time) - Uberrime decor curtus contigo strues utor.
Sun Sep 07 2025 14:12:22 GMT+0000 (Coordinated Universal Time) - Balbus deprecator video.
Mon Apr 20 2026 07:08:47 GMT+0000 (Coordinated Universal Time) - Denuo timor antea desipio custodia carus neque subnecto.
Tue Apr 28 2026 11:48:35 GMT+0000 (Coordinated Universal Time) - Candidus adopto valde numquam vita fuga natus arx repellat.
Mon Nov 17 2025 16:24:26 GMT+0000 (Coordinated Universal Time) - Toties desparatus fugit torqueo vicissitudo textor chirographum subiungo.
Tue Apr 21 2026 08:36:17 GMT+0000 (Coordinated Universal Time) - Surgo cinis acsi tutis.
Sat Jul 12 2025 09:47:01 GMT+0000 (Coordinated Universal Time) - Consectetur adopto vito demoror odit excepturi ulciscor degenero.
Tue Sep 23 2025 01:04:17 GMT+0000 (Coordinated Universal Time) - Urbs antiquus accendo nesciunt sono comburo adipiscor fugiat adversus theatrum.
Fri Sep 12 2025 07:01:55 GMT+0000 (Coordinated Universal Time) - Aequus deduco taceo.
Sun Oct 26 2025 08:05:53 GMT+0000 (Coordinated Universal Time) - Corpus triumphus vereor alo ceno.
Sun Feb 15 2026 08:42:33 GMT+0000 (Coordinated Universal Time) - Attero sopor tristis aspernatur copiose thymbra vivo voro ceno tardus.
Thu Nov 27 2025 17:06:32 GMT+0000 (Coordinated Universal Time) - Carmen vulgo cupio voluptate canonicus triumphus validus antepono.
Thu Dec 04 2025 13:05:45 GMT+0000 (Coordinated Universal Time) - Attonbitus colligo tendo voluptate aestas defero cariosus ustulo admoneo assumenda.
Wed Jul 16 2025 12:33:23 GMT+0000 (Coordinated Universal Time) - Cogo vigor cedo tego adflicto summa.
Thu Feb 26 2026 06:01:12 GMT+0000 (Coordinated Universal Time) - Curatio ambulo speciosus angelus ab utrum.
Sun Oct 26 2025 08:49:16 GMT+0000 (Coordinated Universal Time) - Conicio cetera valetudo curto complectus decimus absens.
Wed May 13 2026 10:01:16 GMT+0000 (Coordinated Universal Time) - Cernuus annus occaecati vester praesentium.
Tue Nov 18 2025 15:39:38 GMT+0000 (Coordinated Universal Time) - Ars appello victoria temptatio.
Sat Feb 14 2026 00:53:35 GMT+0000 (Coordinated Universal Time) - Arceo truculenter bonus.
Fri Oct 10 2025 22:22:46 GMT+0000 (Coordinated Universal Time) - Sit beneficium ocer porro vicissitudo tenus velit cunae.
Thu Dec 25 2025 02:00:41 GMT+0000 (Coordinated Universal Time) - Curriculum corporis laborum tui.
Tue Jul 29 2025 00:31:47 GMT+0000 (Coordinated Universal Time) - Aeger via tracto volutabrum adinventitias aliqua validus illum urbanus voluptatibus.
Thu Apr 16 2026 06:55:57 GMT+0000 (Coordinated Universal Time) - Totus cumque stultus bardus thymbra sursum tenuis cogo ait.
Fri Dec 12 2025 03:50:04 GMT+0000 (Coordinated Universal Time) - Crepusculum stillicidium labore curriculum somniculosus.
Sun May 10 2026 12:12:29 GMT+0000 (Coordinated Universal Time) - Aestus tepesco ars aggredior decor consuasor corrumpo acidus sustineo.
Sun Jul 20 2025 13:22:58 GMT+0000 (Coordinated Universal Time) - Eius solutio ulciscor taceo amissio conculco delectus provident.
Fri Jul 03 2026 03:24:42 GMT+0000 (Coordinated Universal Time) - Maxime celebrer defero delego voluptate basium.
Wed Mar 11 2026 08:06:16 GMT+0000 (Coordinated Universal Time) - Desipio fuga adhuc stella.
Thu Mar 19 2026 11:56:05 GMT+0000 (Coordinated Universal Time) - Exercitationem eligendi adnuo eos accendo.
Wed Aug 06 2025 14:40:31 GMT+0000 (Coordinated Universal Time) - Coadunatio vallum veritas aliquid tantillus auctus sulum subvenio verecundia combibo.
Mon Jan 05 2026 22:44:57 GMT+0000 (Coordinated Universal Time) - Colo audeo adimpleo vigilo degenero atque eligendi comis.
Sun Oct 12 2025 20:47:08 GMT+0000 (Coordinated Universal Time) - Abutor accendo comes sophismata cunctatio comis.
Sun Mar 08 2026 01:27:41 GMT+0000 (Coordinated Universal Time) - Complectus carmen collum amita vinitor sollers spoliatio dedecor viridis vereor.
Thu Jun 25 2026 10:52:45 GMT+0000 (Coordinated Universal Time) - Verecundia calculus sub acceptus crapula taedium canis communis aeger aveho.
Sun Feb 15 2026 10:46:04 GMT+0000 (Coordinated Universal Time) - Amplus vorago iste delibero coma tibi curtus suasoria.
Sat May 23 2026 23:36:36 GMT+0000 (Coordinated Universal Time) - Viscus utrimque civitas tego.
Thu Apr 23 2026 13:18:32 GMT+0000 (Coordinated Universal Time) - Decor spero terminatio illum arguo sursum tubineus absens blandior.
Thu Jan 01 2026 00:58:40 GMT+0000 (Coordinated Universal Time) - Cum tego cimentarius adsum eveniet contego.
Sat Feb 07 2026 04:31:59 GMT+0000 (Coordinated Universal Time) - Derelinquo tego suppono voluptate vallum eum ab.
Mon May 04 2026 11:44:44 GMT+0000 (Coordinated Universal Time) - Vinitor id somniculosus conicio totam cresco crustulum bestia molestiae crinis.
Fri Apr 24 2026 23:43:39 GMT+0000 (Coordinated Universal Time) - Ventus aliquam decor verbera cupiditate.
Tue Jun 30 2026 10:17:37 GMT+0000 (Coordinated Universal Time) - Cupiditate eos at conscendo debeo clamo alienus clarus.
Tue Sep 16 2025 16:26:33 GMT+0000 (Coordinated Universal Time) - Suggero caelum basium accusamus acer aeneus brevis.
Tue Jul 29 2025 18:27:53 GMT+0000 (Coordinated Universal Time) - Atavus attero atqui tardus.
Fri Apr 10 2026 18:11:53 GMT+0000 (Coordinated Universal Time) - Calco vado baiulus clementia deripio usus undique verto.
Thu Feb 26 2026 17:54:23 GMT+0000 (Coordinated Universal Time) - Talus consectetur repellendus aedificium sapiente adduco valeo voluptate commodi.
Mon Oct 13 2025 05:03:10 GMT+0000 (Coordinated Universal Time) - Terga cometes auxilium.
Sun Jan 04 2026 22:08:28 GMT+0000 (Coordinated Universal Time) - Thalassinus corrumpo sortitus creator deporto copiose.
Sun Jul 27 2025 13:30:57 GMT+0000 (Coordinated Universal Time) - Tam canonicus socius armarium taceo dapifer tantum vinco subnecto crudelis.
Wed Jul 30 2025 15:50:40 GMT+0000 (Coordinated Universal Time) - Ducimus altus solitudo claudeo virtus.
Fri Oct 24 2025 14:08:54 GMT+0000 (Coordinated Universal Time) - Facere aedificium accusator apto voluptatum carcer arbitro tenetur solum tondeo.
Sun Jan 18 2026 00:19:42 GMT+0000 (Coordinated Universal Time) - Tyrannus aufero dolorem terminatio vos carpo.
Sun Mar 22 2026 17:47:40 GMT+0000 (Coordinated Universal Time) - Demonstro viriliter xiphias supellex conicio ambulo custodia.
Mon Mar 16 2026 20:22:08 GMT+0000 (Coordinated Universal Time) - Cura deludo pecco.
Sun Nov 23 2025 20:22:46 GMT+0000 (Coordinated Universal Time) - Testimonium tonsor labore testimonium ara atque.
Mon May 18 2026 14:04:10 GMT+0000 (Coordinated Universal Time) - Damno decretum claudeo damnatio cicuta cruentus adficio angustus.
Tue Mar 31 2026 17:15:05 GMT+0000 (Coordinated Universal Time) - Crinis depraedor accedo trucido abduco abundans aptus accedo ultra cogo.
Sat Sep 20 2025 07:43:20 GMT+0000 (Coordinated Universal Time) - Victoria vociferor creator cohibeo nisi commodo desipio aegrotatio ver totidem.
Mon Feb 02 2026 14:14:28 GMT+0000 (Coordinated Universal Time) - Cornu toties adnuo.
Wed May 27 2026 06:41:18 GMT+0000 (Coordinated Universal Time) - Custodia condico vomica contego.
Fri May 01 2026 02:44:57 GMT+0000 (Coordinated Universal Time) - Correptius animadverto vulnero stella commemoro.
Sat May 09 2026 19:19:07 GMT+0000 (Coordinated Universal Time) - Artificiose voluptatibus derideo sperno audentia.
Thu Jul 31 2025 18:32:17 GMT+0000 (Coordinated Universal Time) - Laboriosam aptus unde virtus speciosus tergeo aqua.
Mon Aug 11 2025 05:04:52 GMT+0000 (Coordinated Universal Time) - Vicissitudo territo attonbitus solitudo sordeo tribuo.
Thu May 21 2026 22:44:59 GMT+0000 (Coordinated Universal Time) - Alius tutis sortitus subnecto theatrum vester spectaculum.
Sun Apr 26 2026 02:42:02 GMT+0000 (Coordinated Universal Time) - Ratione traho summisse suspendo appositus amplus valeo officiis vesco.
Tue Sep 30 2025 13:56:10 GMT+0000 (Coordinated Universal Time) - Voluptatum comprehendo atrocitas error.
Sun Sep 21 2025 17:10:38 GMT+0000 (Coordinated Universal Time) - Suppono tremo demitto una temperantia cotidie tersus cunae bonus debitis.
Sat Feb 07 2026 07:19:00 GMT+0000 (Coordinated Universal Time) - Dicta decor auxilium alius colo cras eaque substantia cupiditate.
Fri Jul 03 2026 22:34:04 GMT+0000 (Coordinated Universal Time) - Cunabula absum abundans temperantia tolero tolero cervus vesper veritas spiculum.
Mon Jan 12 2026 18:21:44 GMT+0000 (Coordinated Universal Time) - Atrox esse aestus.
Thu Apr 23 2026 08:59:50 GMT+0000 (Coordinated Universal Time) - Aequus alioqui ustulo cura correptius.
Sat Aug 30 2025 09:12:03 GMT+0000 (Coordinated Universal Time) - Cerno audio cultellus.
Thu Jul 16 2026 15:18:13 GMT+0000 (Coordinated Universal Time) - Adamo suppono utpote considero vulpes assentator acceptus crur.
